run_id,method,track,data_seed,model_seed,noise_level,forecast_horizon_lt,full_forecast_horizon_lt,full_horizon_vpt_censoring_fraction,full_horizon_restricted_mean_vpt_lt,restricted_mean_vpt_lt,median_vpt_lt,vpt_censoring_fraction,mean_normalized_squared_error,inference_wall_time_seconds,inference_seconds_per_trajectory,vector_field_evaluations,surrogate_evaluations,integration_internal_step,training_vector_field_evaluations,training_wall_time_seconds,parameter_count,optimizer_updates,peak_gpu_memory_bytes,parameter_relative_error,coefficient_relative_error,median_nrmse_auc_0_1LT,median_nrmse_auc_0_2LT,median_nrmse_auc_0_5LT,median_pinn_in_domain_auc_0_2LT,median_pinn_extrapolation_auc_2_5LT,stability_fraction,rq_mmd,covariance_relative_error,wasserstein_x,wasserstein_y,wasserstein_z,lyapunov_spectrum,lyapunov_spectrum_relative_error
lorenz_ad__d1__m0__n0,lorenz_ad,known_form_hidden_parameters,1,0,0.0,21.520495746028217,21.520495746028217,0.0,10.851591233566012,10.851591233566012,10.764815041041704,0.0,0.8992431206522883,1.0036720633506775,0.0078411879949271,12516864,0,0.001,32000000,709.5231267977506,3,10000,9221632,2.529962976540604e-06,nan,9.466909344218252e-06,2.772034598444789e-05,0.0002545473552645,2.772034598444789e-05,0.000408886246757,1.0,0.0003899582799165,0.0025101856106567,0.0317116701510639,0.0349923273989182,0.0301664333374621,"[0.9099615753604184, 0.04555880629884843, -14.622235659641905]",0.0040734032429377
lorenz_ad__d1__m1__n0,lorenz_ad,known_form_hidden_parameters,1,1,0.0,21.520495746028217,21.520495746028217,0.0,10.913890259942429,10.913890259942429,10.741979200903728,0.0,0.8872745995947074,1.1669733989983797,0.0091169796796748,12516864,0,0.001,32000000,707.0627155806869,3,10000,9221632,3.621458869300765e-06,nan,7.938476727989495e-06,2.094999422467716e-05,0.0002206159701838,2.094999422467716e-05,0.0003405087907499,1.0,0.0006394022316287,0.003255950897972,0.058032528759928,0.0611495958013887,0.0773680580348046,"[1.0191079906656852, -0.0515442273421086, -14.634320935118076]",0.0088609459119222
lorenz_ad__d1__m2__n0,lorenz_ad,known_form_hidden_parameters,1,2,0.0,21.520495746028217,21.520495746028217,0.0,11.12091142319326,11.12091142319326,11.061680962835387,0.0,0.8770981602083062,1.3407680559903383,0.0104747504374245,12516864,0,0.001,32000000,689.110433427617,3,10000,9221632,4.256642327768072e-06,nan,8.969503569859556e-06,2.073296868289831e-05,0.0002139006563419,2.073296868289831e-05,0.0003109878703143,1.0,0.0001970876310997,0.0040491561602978,0.0560382088588471,0.0570499091253805,0.0207356995421931,"[1.0082849581490876, -0.028020827330446807, -14.647044503321256]",0.008134400542835
lorenz_ad_tapered__d1__m0__n0,lorenz_ad_tapered,known_form_hidden_parameters,1,0,0.0,21.520495746028217,21.520495746028217,0.0,11.385664444792916,11.385664444792916,11.32200954040831,0.0,0.8501150969006339,1.3351192399859428,0.0104306190623901,12516864,0,0.001,32000000,698.8017301224172,3,10000,9221632,3.624087816514922e-06,nan,1.24720539753677e-05,2.881217821519125e-05,0.0001800681300895,2.881217821519125e-05,0.0002845896104153,1.0,0.0006709183321675,0.0053516043451619,0.1008807512861467,0.1049167830158399,0.0430393219027368,"[0.9322980337666278, -0.0298982020823897, -14.569182614504331]",0.0026760062154323
lorenz_ad_tapered__d1__m1__n0,lorenz_ad_tapered,known_form_hidden_parameters,1,1,0.0,21.520495746028217,21.520495746028217,0.0,10.902829149875592,10.902829149875592,10.773949377096894,0.0,0.897576437112359,1.0026732627302408,0.00783338486508,12516864,0,0.001,32000000,702.5804338753223,3,10000,9221632,2.0564167457279884e-06,nan,9.24606697998022e-06,2.919102381620744e-05,0.0002352772897775,2.919102381620744e-05,0.0003767043295141,1.0,0.0004025002686138,0.0029485371523206,0.0335693729059698,0.0367184998968638,0.0273053481187673,"[0.9467346863678762, -0.0038470507275401465, -14.609585391672818]",0.0029867046108938
lorenz_ad_tapered__d1__m2__n0,lorenz_ad_tapered,known_form_hidden_parameters,1,2,0.0,21.520495746028217,21.520495746028217,0.0,9.89020236375724,9.89020236375724,9.90618745185382,0.0,0.959145478151756,1.132610371336341,0.0088485185260651,12516864,0,0.001,32000000,709.9749272037297,3,10000,9221632,1.1187171557381226e-05,nan,2.2571718368321403e-05,5.535619061092905e-05,0.0006467893822168,5.535619061092905e-05,0.0009605588620356,1.0,0.0002233552633561,0.0034995763687017,0.0561132452913516,0.0545200424998305,0.0219960552999855,"[1.0170739120434775, -0.031270068058907405, -14.652214905760973]",0.0088644095423906
node_soft_dtw__d1__m0__n0,node_soft_dtw,state_only_dynamics,1,0,0.0,21.520495746028217,21.520495746028217,0.0,1.7370224524952012,1.7370224524952012,1.6441804899342445,0.0,1.7739966994501857,30.96545699238777,0.2419176327530294,12516864,0,0.001,25600000,1234.7537357881663,33923,5000,30950400,nan,nan,0.069749154549952,0.2588122155884955,0.76961583179583,0.2588122155884955,1.115388686802982,1.0,0.0044849688456849,0.0799605687522586,1.6043832968363998,1.5956988503430347,0.1597772284315888,"[0.9073244934685705, 0.006381371869540364, -13.345486170539658]",0.0846311511391124
node_soft_dtw__d1__m1__n0,node_soft_dtw,state_only_dynamics,1,1,0.0,21.520495746028217,21.520495746028217,0.0,3.0303159863093643,3.0303159863093643,3.1011070907370883,0.0,1.636570375694933,19.21740537136793,0.1501359794638119,12516864,0,0.001,25600000,1180.7119436599314,33923,5000,30950400,nan,nan,0.0234900602275772,0.0607080182923242,0.4325034679893271,0.0607080182923242,0.657159213186581,1.0,0.0003521720381838,0.0258855171214136,0.1700459557361011,0.1994602916056465,0.2653227927996117,"[0.8407142568365833, 0.0077772428392650595, -11.21015422378812]",0.2308335567837989
node_soft_dtw__d1__m2__n0,node_soft_dtw,state_only_dynamics,1,2,0.0,21.520495746028217,21.520495746028217,0.0,2.564750295496386,2.564750295496386,2.484539407011747,0.0,1.672565701448167,18.98358222283423,0.1483092361158924,12516864,0,0.001,25600000,1234.4495284501463,33923,5000,30950400,nan,nan,0.0263626601393102,0.0758646462446219,0.5461920314215445,0.0758646462446219,0.8223277074273073,1.0,0.0011190611855222,0.0259437988634751,0.5052712309243824,0.5147162822601424,0.2146330567014815,"[0.8370506520186886, -0.017018319547366368, -12.477660195149216]",0.1441274107534499
node_strong__d1__m0__n0,node_strong,state_only_dynamics,1,0,0.0,21.520495746028217,21.520495746028217,0.0,2.584303483614528,2.584303483614528,2.5073752471497226,0.0,1.6830436853342374,17.9298741184175,0.1400771415501367,12516864,0,0.001,6560000,13.846614476293324,33923,5000,25560064,nan,nan,0.0319655463416333,0.0790399220444973,0.5603699664489226,0.0790399220444973,0.842835304492098,1.0,0.0006536711678324,0.0202685951662164,0.0791902137777632,0.0972555276912755,0.1351546332065637,"[1.0439441736108785, -0.038799626374089194, -9.143385112648255]",0.3723543962145485
node_strong__d1__m1__n0,node_strong,state_only_dynamics,1,1,0.0,21.520495746028217,21.520495746028217,0.0,2.992208678079117,2.992208678079117,2.9595248818816398,0.0,1.6207688988621114,16.75063395127654,0.1308643277443479,12516864,0,0.001,6560000,13.707146046683192,33923,5000,25560064,nan,nan,0.0204226681197366,0.0582645656981272,0.4145046903229612,0.0582645656981272,0.6162352670546389,1.0,0.0001766653975638,0.0164989375719073,0.1784064621280764,0.1625259258514952,0.1907759228375528,"[1.0202057117355285, -0.02214374685958504, -9.130308226403086]",0.3732070339596988
node_strong__d1__m2__n0,node_strong,state_only_dynamics,1,2,0.0,21.520495746028217,21.520495746028217,0.0,2.4993113411009995,2.4993113411009995,2.3703602063218687,0.0,1.6750123236660497,19.294233825057745,0.1507362017582636,12516864,0,0.001,6560000,13.983956895768642,33923,5000,25560064,nan,nan,0.0409069188260778,0.0985902811927474,0.5699702419561697,0.0985902811927474,0.8359476411179163,1.0,0.0024453294848383,0.0233022313704422,0.6887471986567615,0.714395686032891,0.1610041058638382,"[0.8959639134219689, 0.05134402321307146, -9.11260872176443]",0.3743605016182142
node_weak__d1__m0__n0,node_weak,state_only_dynamics,1,0,0.0,21.520495746028217,21.520495746028217,0.0,2.6059975317456043,2.6059975317456043,2.4754050709565565,0.0,1.6473867689044108,19.130545487627387,0.1494573866220889,12516864,0,0.001,6560000,17.46045601926744,33923,5000,24168448,nan,nan,0.0279508864817301,0.0714509447187663,0.4933053159757777,0.0714509447187663,0.7550920475844446,1.0,0.0008717550966725,0.0055240470130476,0.2064035144678306,0.2173893435397458,0.0639803642240771,"[0.9037363207342803, -0.008193582841821354, -8.902192832585664]",0.3887460928409674
node_weak__d1__m1__n0,node_weak,state_only_dynamics,1,1,0.0,21.520495746028217,21.520495746028217,0.0,2.537133201329522,2.537133201329522,2.374927374349464,0.0,1.6905815030227007,16.804154448211193,0.1312824566266499,12516864,0,0.001,6560000,17.026473354548216,33923,5000,24168448,nan,nan,0.034311676088548,0.0880997075531782,0.5802672580126337,0.0880997075531782,0.861653973102253,1.0,0.0004578040964338,0.0136032878636346,0.3674300321617544,0.3469358536092281,0.1337817413609155,"[0.9576826132666589, -0.01465301675757553, -9.304616646020152]",0.3612160150266914
node_weak__d1__m2__n0,node_weak,state_only_dynamics,1,2,0.0,21.520495746028217,21.520495746028217,0.0,3.5122235752210806,3.5122235752210806,3.379704340420391,0.0,1.6036789254111323,19.42888206243515,0.1517881411127746,12516864,0,0.001,6560000,18.1294717527926,33923,5000,24168448,nan,nan,0.0113462697486028,0.0249484731809349,0.3116282219978424,0.0249484731809349,0.4956504322313255,1.0,0.0010150018831891,0.0181153747186405,0.5536299996140048,0.537287916336298,0.1189128459370149,"[1.1219408681170662, -0.0657821220262382, -8.907289391856628]",0.3886857648729263
pinn_strong__d1__m0__n0,pinn_strong,known_physics_forward_surrogate,1,0,0.0,5.005616158244255,5.005616158244255,0.0,0.2524787575254928,0.2524787575254928,0.2055225612417805,0.0,3.39843806744691,0.0720447283238172,0.0005628494400298,0,70272,nan,2560000,35.0071925111115,34051,5000,24099840,nan,nan,1.155640314280557,1.488706218579531,1.7196243069562356,1.488706218579531,1.858386976137123,nan,nan,nan,nan,nan,nan,nan,nan
pinn_strong__d1__m1__n0,pinn_strong,known_physics_forward_surrogate,1,1,0.0,5.005616158244255,5.005616158244255,0.0,0.2486252095022095,0.2486252095022095,0.2009553932141854,0.0,3.902010706219935,0.0673996303230524,0.0005265596118988,0,70272,nan,2560000,34.53057212755084,34051,5000,24099840,nan,nan,1.1695036433653112,1.4885136014699905,1.8304068842204133,1.4885136014699905,2.059594683116112,nan,nan,nan,nan,nan,nan,nan,nan
pinn_strong__d1__m2__n0,pinn_strong,known_physics_forward_surrogate,1,2,0.0,5.005616158244255,5.005616158244255,0.0,0.2479829514983289,0.2479829514983289,0.2009553932141854,0.0,3.625656694626501,0.0641243439167738,0.0005009714368497,0,70272,nan,2560000,34.025385266169906,34051,5000,24099840,nan,nan,1.1800327486913869,1.5048678490696696,1.7606142869835797,1.5048678490696696,1.9576848642113207,nan,nan,nan,nan,nan,nan,nan,nan
pinn_weak__d1__m0__n0,pinn_weak,known_physics_forward_surrogate,1,0,0.0,5.005616158244255,5.005616158244255,0.0,0.1853984771201895,0.1853984771201895,0.1415822088554488,0.0,5.781288154367788,0.0678317565470933,0.0005299355980241,0,70272,nan,2560000,21.63138364814222,34051,5000,19458560,nan,nan,1.1609009100446666,1.5026308538226614,2.205099480302807,1.5026308538226614,2.6863513920863147,nan,nan,nan,nan,nan,nan,nan,nan
pinn_weak__d1__m1__n0,pinn_weak,known_physics_forward_surrogate,1,1,0.0,5.005616158244255,5.005616158244255,0.0,0.1871111651305377,0.1871111651305377,0.150716544910639,0.0,5.306472905007466,0.0592254847288131,0.0004626990994438,0,70272,nan,2560000,20.730216851457957,34051,5000,19458560,nan,nan,1.1608768618849443,1.5096316746504983,2.119173352204972,1.5096316746504983,2.52983302175077,nan,nan,nan,nan,nan,nan,nan,nan
pinn_weak__d1__m2__n0,pinn_weak,known_physics_forward_surrogate,1,2,0.0,5.005616158244255,5.005616158244255,0.0,0.1879675091357117,0.1879675091357117,0.1415822088554488,0.0,5.433357835434289,0.0630993116647005,0.0004929633723804,0,70272,nan,2560000,20.4606857188046,34051,5000,19458560,nan,nan,1.1539475125088114,1.5081068789175611,2.1402799796326244,1.5081068789175611,2.5912525059178027,nan,nan,nan,nan,nan,nan,nan,nan
pinn_weak_tapered__d1__m0__n0,pinn_weak_tapered,known_physics_forward_surrogate,1,0,0.0,5.005616158244255,5.005616158244255,0.0,0.175764607061981,0.175764607061981,0.150716544910639,0.0,3.2052188641258765,0.055541792884469,0.0004339202569099,0,70272,nan,2560000,26.952750524505973,34051,5000,19458560,nan,nan,1.1323981560705767,1.466726799096183,1.6506470070830686,1.466726799096183,1.797319729024235,nan,nan,nan,nan,nan,nan,nan,nan
pinn_weak_tapered__d1__m1__n0,pinn_weak_tapered,known_physics_forward_surrogate,1,1,0.0,5.005616158244255,5.005616158244255,0.0,0.1689852170210195,0.1689852170210195,0.1370150408278536,0.0,3.6089603911247297,0.068986739963293,0.0005389589059632,0,70272,nan,2560000,27.1416171528399,34051,5000,19458560,nan,nan,1.1333377588827338,1.4749256388857188,1.752516561807653,1.4749256388857188,1.9608691322771332,nan,nan,nan,nan,nan,nan,nan,nan
pinn_weak_tapered__d1__m2__n0,pinn_weak_tapered,known_physics_forward_surrogate,1,2,0.0,5.005616158244255,5.005616158244255,0.0,0.1541419209313353,0.1541419209313353,0.1278807047726634,0.0,3.5309911444838864,0.0556400883942842,0.0004346881905803,0,70272,nan,2560000,27.880593618378043,34051,5000,19458560,nan,nan,1.13022352392975,1.4502249406412844,1.7211203116506963,1.4502249406412844,1.9443378113060612,nan,nan,nan,nan,nan,nan,nan,nan
sindy_strong__d1__m0__n0,sindy_strong,state_only_dynamics,1,0,0.0,21.520495746028217,21.520495746028217,0.0,8.226540047705283,8.226540047705283,8.257439793891981,0.0,1.1281181055193534,12.385724620893598,0.0967634736007312,12516864,0,0.001,0,1.0825021751224997,60,1,0,nan,0.000607246832541,7.254070598943397e-05,0.0001623043577023,0.0023557056414451,0.0001623043577023,0.0038054869404669,1.0,0.000191157978882,0.0023775755170208,0.0209004673095784,0.0207456454658733,0.0269521715922117,"[1.0239827674087971, -0.04573431970733866, -14.640451302033386]",0.0091590105552214
sindy_strong__d1__m1__n0,sindy_strong,state_only_dynamics,1,1,0.0,21.520495746028217,21.520495746028217,0.0,8.226540047705283,8.226540047705283,8.257439793891981,0.0,1.1281181055193534,13.0199290253222,0.1017181955103296,12516864,0,0.001,0,1.0857057981193066,60,1,0,nan,0.000607246832541,7.254070598943397e-05,0.0001623043577023,0.0023557056414451,0.0001623043577023,0.0038054869404669,1.0,0.000191157978882,0.0023775755170208,0.0209004673095784,0.0207456454658733,0.0269521715922117,"[1.0239827674087971, -0.04573431970733866, -14.640451302033386]",0.0091590105552214
sindy_strong__d1__m2__n0,sindy_strong,state_only_dynamics,1,2,0.0,21.520495746028217,21.520495746028217,0.0,8.226540047705283,8.226540047705283,8.257439793891981,0.0,1.1281181055193534,12.799721367657185,0.0999978231848217,12516864,0,0.001,0,1.1069422997534275,60,1,0,nan,0.000607246832541,7.254070598943397e-05,0.0001623043577023,0.0023557056414451,0.0001623043577023,0.0038054869404669,1.0,0.000191157978882,0.0023775755170208,0.0209004673095784,0.0207456454658733,0.0269521715922117,"[1.0239827674087971, -0.04573431970733866, -14.640451302033386]",0.0091590105552214
sindy_weak__d1__m0__n0,sindy_weak,state_only_dynamics,1,0,0.0,21.520495746028217,21.520495746028217,0.0,6.919901819810491,6.919901819810491,6.70460266450964,0.0,1.2434677428322576,5.363398177549243,0.0419015482621034,12516864,0,0.001,0,1.1933698961511254,30,1,0,nan,0.0004176748922938,0.0003754042270208,0.0012415467195287,0.0127259310955665,0.0012415467195287,0.0192269744835901,1.0,0.0002588684602169,0.0059528435940569,0.1213278629035694,0.1250202529347512,0.0281392841086013,"[0.9722852753753884, -0.010913817567604699, -14.629065112118452]",0.0052326259153762
sindy_weak__d1__m1__n0,sindy_weak,state_only_dynamics,1,1,0.0,21.520495746028217,21.520495746028217,0.0,6.919901819810491,6.919901819810491,6.70460266450964,0.0,1.2434677428322576,5.346354383975267,0.0417683936248067,12516864,0,0.001,0,1.1626123450696468,30,1,0,nan,0.0004176748922938,0.0003754042270208,0.0012415467195287,0.0127259310955665,0.0012415467195287,0.0192269744835901,1.0,0.0002588684602169,0.0059528435940569,0.1213278629035694,0.1250202529347512,0.0281392841086013,"[0.9722852753753884, -0.010913817567604699, -14.629065112118452]",0.0052326259153762
sindy_weak__d1__m2__n0,sindy_weak,state_only_dynamics,1,2,0.0,21.520495746028217,21.520495746028217,0.0,6.919901819810491,6.919901819810491,6.70460266450964,0.0,1.2434677428322576,5.546333055943251,0.0433307269995566,12516864,0,0.001,0,1.2322426782920957,30,1,0,nan,0.0004176748922938,0.0003754042270208,0.0012415467195287,0.0127259310955665,0.0012415467195287,0.0192269744835901,1.0,0.0002588684602169,0.0059528435940569,0.1213278629035694,0.1250202529347512,0.0281392841086013,"[0.9722852753753884, -0.010913817567604699, -14.629065112118452]",0.0052326259153762
sindy_weak_weighted__d1__m0__n0,sindy_weak_weighted,state_only_dynamics,1,0,0.0,21.520495746028217,21.520495746028217,0.0,6.8916424676397465,6.8916424676397465,6.713737000564831,0.0,1.2625572219165142,5.251214109361172,0.0410251102293841,12516864,0,0.001,0,1.0850654281675816,30,1,0,nan,0.0004480717350038,0.000374860957086,0.0012539138036477,0.012787507947573,0.0012539138036477,0.0188391137906278,1.0,0.0002365403156563,0.0038970778535811,0.1128393564746896,0.1124575549388169,0.03308517966344,"[0.9475542002675319, 0.004222224545054422, -14.619480044592386]",0.0034742818801123
sindy_weak_weighted__d1__m1__n0,sindy_weak_weighted,state_only_dynamics,1,1,0.0,21.520495746028217,21.520495746028217,0.0,6.8916424676397465,6.8916424676397465,6.713737000564831,0.0,1.2625572219165142,5.162705863825977,0.0403336395611404,12516864,0,0.001,0,1.0858528213575482,30,1,0,nan,0.0004480717350038,0.000374860957086,0.0012539138036477,0.012787507947573,0.0012539138036477,0.0188391137906278,1.0,0.0002365403156563,0.0038970778535811,0.1128393564746896,0.1124575549388169,0.03308517966344,"[0.9475542002675319, 0.004222224545054422, -14.619480044592386]",0.0034742818801123
sindy_weak_weighted__d1__m2__n0,sindy_weak_weighted,state_only_dynamics,1,2,0.0,21.520495746028217,21.520495746028217,0.0,6.8916424676397465,6.8916424676397465,6.713737000564831,0.0,1.2625572219165142,5.1601831410080194,0.0403139307891251,12516864,0,0.001,0,1.0861105620861051,30,1,0,nan,0.0004480717350038,0.000374860957086,0.0012539138036477,0.012787507947573,0.0012539138036477,0.0188391137906278,1.0,0.0002365403156563,0.0038970778535811,0.1128393564746896,0.1124575549388169,0.03308517966344,"[0.9475542002675319, 0.004222224545054422, -14.619480044592386]",0.0034742818801123
sindy_weighted__d1__m0__n0,sindy_weighted,state_only_dynamics,1,0,0.0,21.520495746028217,21.520495746028217,0.0,8.111861313012387,8.111861313012387,8.161529265312485,0.0,1.1182413317515372,12.65885409526527,0.0988972976192599,12516864,0,0.001,0,1.08354926481843,60,1,0,nan,0.0006071044110425,7.439619796870757e-05,0.0001605816108448,0.0026154578893513,0.0001605816108448,0.0040566006457304,1.0,0.0010141070141322,0.0101894461658045,0.2052855273594155,0.215106118728811,0.0413211961595969,"[0.9182960679144455, -0.028097333701710036, -14.552244950130817]",0.0029081162179464
sindy_weighted__d1__m1__n0,sindy_weighted,state_only_dynamics,1,1,0.0,21.520495746028217,21.520495746028217,0.0,8.111861313012387,8.111861313012387,8.161529265312485,0.0,1.1182413317515372,12.377374667674305,0.0966982395912054,12516864,0,0.001,0,1.096861989237368,60,1,0,nan,0.0006071044110425,7.439619796870757e-05,0.0001605816108448,0.0026154578893513,0.0001605816108448,0.0040566006457304,1.0,0.0010141070141322,0.0101894461658045,0.2052855273594155,0.215106118728811,0.0413211961595969,"[0.9182960679144455, -0.028097333701710036, -14.552244950130817]",0.0029081162179464
sindy_weighted__d1__m2__n0,sindy_weighted,state_only_dynamics,1,2,0.0,21.520495746028217,21.520495746028217,0.0,8.111861313012387,8.111861313012387,8.161529265312485,0.0,1.1182413317515372,12.886485343798997,0.1006756667484296,12516864,0,0.001,0,1.1047575362026691,60,1,0,nan,0.0006071044110425,7.439619796870757e-05,0.0001605816108448,0.0026154578893513,0.0001605816108448,0.0040566006457304,1.0,0.0010141070141322,0.0101894461658045,0.2052855273594155,0.215106118728811,0.0413211961595969,"[0.9182960679144455, -0.028097333701710036, -14.552244950130817]",0.0029081162179464
solver_oracle__d1__m0__n0,solver_oracle,known_physics_forward_surrogate,1,0,0.0,5.005616158244255,21.520495746028217,1.0,21.520495746028224,5.005616158244253,5.005616158244255,1.0,2.666608034459722e-23,9.76121768541634,0.0762595131673151,121081344,0,0.0001,0,0.0,0,0,0,nan,nan,4.4233147162648704e-14,8.566854943579292e-14,5.573236977640189e-13,8.566854943579292e-14,8.356845227510154e-13,1.0,0.0004514802774859,8.907274982488707e-07,2.1237257443581207e-05,3.137054389163543e-05,3.3268630682790817e-05,"[0.8981795225567906, 0.05299020975097788, -14.617830164234329]",0.0043995074621595
solver_oracle__d1__m1__n0,solver_oracle,known_physics_forward_surrogate,1,1,0.0,5.005616158244255,21.520495746028217,1.0,21.520495746028224,5.005616158244253,5.005616158244255,1.0,2.666608034459722e-23,10.257274461910129,0.0801349567336728,121081344,0,0.0001,0,0.0,0,0,0,nan,nan,4.4233147162648704e-14,8.566854943579292e-14,5.573236977640189e-13,8.566854943579292e-14,8.356845227510154e-13,1.0,0.0004514802774859,8.907274982488707e-07,2.1237257443581207e-05,3.137054389163543e-05,3.3268630682790817e-05,"[0.8981795225567906, 0.05299020975097788, -14.617830164234329]",0.0043995074621595
solver_oracle__d1__m2__n0,solver_oracle,known_physics_forward_surrogate,1,2,0.0,5.005616158244255,21.520495746028217,1.0,21.520495746028224,5.005616158244253,5.005616158244255,1.0,2.666608034459722e-23,9.880512399598956,0.0771915031218668,121081344,0,0.0001,0,0.0,0,0,0,nan,nan,4.4233147162648704e-14,8.566854943579292e-14,5.573236977640189e-13,8.566854943579292e-14,8.356845227510154e-13,1.0,0.0004514802774859,8.907274982488707e-07,2.1237257443581207e-05,3.137054389163543e-05,3.3268630682790817e-05,"[0.8981795225567906, 0.05299020975097788, -14.617830164234329]",0.0043995074621595
lorenz_ad__d2__m0__n0,lorenz_ad,known_form_hidden_parameters,2,0,0.0,20.92676390244085,20.92676390244085,0.0,11.08230458096,11.08230458096,10.847024065538417,0.0,0.867813318579145,1.0013209767639637,0.0078228201309684,12165632,0,0.001,32000000,747.477467732504,3,10000,9221632,5.06671855557008e-06,nan,8.89444333429656e-06,2.3231938592598583e-05,0.0002804905269031,2.3231938592598583e-05,0.0003734024209529,1.0,0.0004472912110624,0.0093029448292698,0.254233706872134,0.2619148045667988,0.0256840485671976,"[0.9312606583218072, -0.006095059832244519, -14.591970798276927]",0.0015014849077203
lorenz_ad__d2__m1__n0,lorenz_ad,known_form_hidden_parameters,2,1,0.0,20.92676390244085,20.92676390244085,0.0,10.710151748711423,10.710151748711423,10.559292479799923,0.0,0.9147698385962458,1.1663429290056229,0.0091120541328564,12165632,0,0.001,32000000,710.1800993364304,3,10000,9221632,4.89989741693993e-06,nan,2.090672654689612e-05,4.4687696078799446e-05,0.0003811776216711,4.4687696078799446e-05,0.0005905157307888,1.0,0.0010029169726664,0.0038138435599698,0.0279506886457712,0.0227766345797429,0.0465572267115411,"[1.0313872321767867, -0.03987508845917941, -14.658341726770418]",0.0100330784481738
lorenz_ad__d2__m2__n0,lorenz_ad,known_form_hidden_parameters,2,2,0.0,20.92676390244085,20.92676390244085,0.0,6.110728096921412,6.110728096921412,5.836840739266567,0.0,1.3092174405824533,1.0228317361325026,0.0079908729385351,12165632,0,0.001,32000000,736.203379156068,3,10000,9221632,0.0001094523414555,nan,0.0009527801456403,0.0025327777649656,0.0338148126715125,0.0025327777649656,0.0546004755865365,1.0,0.0009422759795765,0.0076389767508269,0.095218312298859,0.0967962617484671,0.0450219367320949,"[0.9715666809062916, -0.004794009001230201, -14.634945667209672]",0.0054023777545887
lorenz_ad_tapered__d2__m0__n0,lorenz_ad_tapered,known_form_hidden_parameters,2,0,0.0,20.92676390244085,20.92676390244085,0.0,8.816275619268502,8.816275619268502,8.759828276927445,0.0,1.028485176845229,1.0205214209854605,0.0079728236014489,12165632,0,0.001,32000000,738.0164466891438,3,10000,9221632,4.993836444719247e-06,nan,6.400605921284117e-05,0.0001835369927578,0.0022298209469876,0.0001835369927578,0.0034068945391451,1.0,0.0007523324268658,0.0062146058941769,0.1079013963329113,0.1153507956945241,0.0314187087237711,"[0.9647727580782092, 0.0100122020257358, -14.641461903431336]",0.0054071378507503
lorenz_ad_tapered__d2__m1__n0,lorenz_ad_tapered,known_form_hidden_parameters,2,1,0.0,20.92676390244085,20.92676390244085,0.0,11.215894245767153,11.215894245767153,11.134755651276908,0.0,0.8367423566838679,1.190364744514227,0.0092997245665173,12165632,0,0.001,32000000,719.0412395875901,3,10000,9221632,2.124293373841532e-06,nan,6.708769979708864e-06,2.0105985447995244e-05,0.0002238923840584,2.0105985447995244e-05,0.0003502964331739,1.0,0.0004797128655862,0.0024164785612592,0.086283393979873,0.0903290929365393,0.0429464980228647,"[0.9653765823959245, 0.008482762484021765, -14.64056782533781]",0.0053785671098773
lorenz_ad_tapered__d2__m2__n0,lorenz_ad_tapered,known_form_hidden_parameters,2,2,0.0,20.92676390244085,20.92676390244085,0.0,8.948295320066176,8.948295320066176,8.860305973534539,0.0,1.030536673506702,1.0880929715931416,0.0085007263405714,12165632,0,0.001,32000000,683.1948968060315,3,10000,9221632,6.13378319939687e-06,nan,5.315284826871304e-05,0.0001509792959654,0.0018406112946282,0.0001509792959654,0.0029008095085706,1.0,0.0007552981462979,0.0061580470578039,0.0923016613931564,0.0970068795256292,0.0371591310251099,"[1.0054516049298505, -0.01435923386120193, -14.657782909646418]",0.0082355146894726
node_soft_dtw__d2__m0__n0,node_soft_dtw,state_only_dynamics,2,0,0.0,20.92676390244085,20.92676390244085,0.0,1.3104917759180754,1.3104917759180754,1.0961203266228294,0.0,1.8952861715316824,16.514318875968456,0.1290181162185035,12165632,0,0.001,25600000,1192.688581455499,33923,5000,30950400,nan,nan,0.2074915238271328,0.541511424603913,0.9538822747872472,0.541511424603913,1.2492588774440838,1.0,0.0150127468844232,0.1433759174976687,2.4480724485599525,2.399069201280272,0.3036422972188725,"[0.8652803534115159, 0.029311973237486442, -12.578678301387628]",0.137165174259511
node_soft_dtw__d2__m1__n0,node_soft_dtw,state_only_dynamics,2,1,0.0,20.92676390244085,20.92676390244085,0.0,2.5291406572812303,2.5291406572812303,2.1922406532456598,0.0,1.6605911544256424,18.55838132277131,0.1449873540841508,12165632,0,0.001,25600000,1203.3246335927397,33923,5000,30950400,nan,nan,0.056603172511058,0.1213979724004448,0.6155193738399538,0.1213979724004448,0.8584738291825518,1.0,0.000439189962937,0.0313190592454686,0.2253262526188128,0.1981060087061218,0.3029461617983069,"[0.9225389669416002, -0.0009840138534618103, -11.607749563156666]",0.2035676963281368
node_soft_dtw__d2__m2__n0,node_soft_dtw,state_only_dynamics,2,2,0.0,20.92676390244085,20.92676390244085,0.0,2.6105646997732,2.6105646997732,2.534778255315293,0.0,1.6911942757157132,16.268968546763062,0.1271013167715864,12165632,0,0.001,25600000,1178.1195734906942,33923,5000,30950400,nan,nan,0.0398269266413173,0.1109135275909188,0.5212161730139824,0.1109135275909188,0.7666610957674846,1.0,0.0030111759700526,0.0367722826858159,0.5852961282752012,0.6412833698192328,0.3894217496942309,"[1.042665349201924, -0.10425987671597796, -12.74868317317428]",0.1259978798827756
node_strong__d2__m0__n0,node_strong,state_only_dynamics,2,0,0.0,20.92676390244085,20.92676390244085,0.0,2.351948810210626,2.351948810210626,2.082628620583376,0.0,1.6806897808107482,29.74034643918276,0.2323464565561153,12165632,0,0.001,6560000,9.977765491232276,33923,5000,25560064,nan,nan,0.042573073669657,0.1259486234282464,0.6377567972320612,0.1259486234282464,0.968635112332354,1.0,0.0009646056903289,0.0078158345184367,0.1358238546680523,0.1283469208108077,0.1847657621837964,"[0.9551129656046025, 0.02297268189974036, -8.838386940657944]",0.3931250297933576
node_strong__d2__m1__n0,node_strong,state_only_dynamics,2,1,0.0,20.92676390244085,20.92676390244085,0.0,2.280158637776865,2.280158637776865,1.8999418994795712,0.0,1.7091261640038733,16.723752895370126,0.1306543194950791,12165632,0,0.001,6560000,10.879744505509734,33923,5000,25560064,nan,nan,0.0397319441175016,0.1549211184930203,0.6593981596984287,0.1549211184930203,0.9890816092906104,1.0,0.0004402780936298,0.0302805753801976,0.6749097893593282,0.6912311685775936,0.3275605734259888,"[0.9441820707058838, 0.03787388124037915, -9.212677476062876]",0.3675084910294376
node_strong__d2__m2__n0,node_strong,state_only_dynamics,2,2,0.0,20.92676390244085,20.92676390244085,0.0,2.2563950916332844,2.2563950916332844,2.082628620583376,0.0,1.6591509322708755,16.719134483486414,0.1306182381522376,12165632,0,0.001,6560000,10.366557816043496,33923,5000,25560064,nan,nan,0.0338761538907333,0.1430511447360495,0.6102898967044857,0.1430511447360495,0.9170810104829372,1.0,0.0013624914230643,0.0375566003838859,0.897950867143747,0.895403630584722,0.0602460965270862,"[0.9294290513547732, -0.0015402268061037645, -8.736354465661565]",0.4000970705512733
node_weak__d2__m0__n0,node_weak,state_only_dynamics,2,0,0.0,20.92676390244085,20.92676390244085,0.0,2.126373526847685,2.126373526847685,1.9501807477831168,0.0,1.6783564574385266,18.59518805705011,0.1452749066957039,12165632,0,0.001,6560000,15.391448741778731,33923,5000,24168448,nan,nan,0.0488359361519451,0.1492486813829928,0.6180899441573073,0.1492486813829928,0.9087424200130684,1.0,0.0007169927404173,0.0185145387873984,0.651035390933138,0.655264941645983,0.1516903073369502,"[0.999935032430443, -0.008455751872858828, -8.581161463753325]",0.4107607627805191
node_weak__d2__m1__n0,node_weak,state_only_dynamics,2,1,0.0,20.92676390244085,20.92676390244085,0.0,2.1930969972508327,2.1930969972508327,2.087195788610971,0.0,1.7140471712983265,16.743138631805778,0.1308057705609826,12165632,0,0.001,6560000,15.741688957437873,33923,5000,24168448,nan,nan,0.0298902078914911,0.0998256440283089,0.6372004182927573,0.0998256440283089,0.9634935238648076,1.0,0.0021114456466291,0.0267512270423017,0.9706167513762682,0.9658201325820456,0.1098063336395292,"[0.9311568974565713, -0.03493028240409024, -8.93960670148014]",0.3861942920323329
node_weak__d2__m2__n0,node_weak,state_only_dynamics,2,2,0.0,20.92676390244085,20.92676390244085,0.0,3.0463724364063784,3.0463724364063784,3.078271250599113,0.0,1.6041769008439175,16.27406732738018,0.1271411509951576,12165632,0,0.001,6560000,15.399894125759602,33923,5000,24168448,nan,nan,0.025914940818739,0.0586532690496937,0.3806161372993513,0.0586532690496937,0.5750896570812669,1.0,0.0003495487410216,0.0190803173169558,0.2529096880577816,0.2926565448997419,0.215101993011602,"[0.963873453579534, -0.036386822278629424, -9.042061626810229]",0.3791965372337869
pinn_strong__d2__m0__n0,pinn_strong,known_physics_forward_surrogate,2,0,0.0,5.005616158244255,5.005616158244255,0.0,0.277598181677266,0.277598181677266,0.2192240653245658,0.0,4.171963056632372,0.0659142136573791,0.0005149547941982,0,70272,nan,2560000,36.258701123297215,34051,5000,24099840,nan,nan,1.1190287258449052,1.4628404657701806,1.8759131631836512,1.4628404657701806,2.180517064918832,nan,nan,nan,nan,nan,nan,nan,nan
pinn_strong__d2__m1__n0,pinn_strong,known_physics_forward_surrogate,2,1,0.0,5.005616158244255,5.005616158244255,0.0,0.2784545256824401,0.2784545256824401,0.2192240653245658,0.0,3.9261618079121887,0.0693561919033527,0.0005418452492449,0,70272,nan,2560000,34.316884741187096,34051,5000,24099840,nan,nan,1.111573779682736,1.453605655111203,1.8494328296276612,1.453605655111203,2.06875132788048,nan,nan,nan,nan,nan,nan,nan,nan
pinn_strong__d2__m2__n0,pinn_strong,known_physics_forward_surrogate,2,2,0.0,5.005616158244255,5.005616158244255,0.0,0.2701051716319927,0.2701051716319927,0.2055225612417805,0.0,3.17368545351496,0.0705355368554592,0.0005510588816832,0,70272,nan,2560000,33.95155903324485,34051,5000,24099840,nan,nan,1.1253045185056845,1.4524103674715945,1.5954511961256128,1.4524103674715945,1.7258041424594943,nan,nan,nan,nan,nan,nan,nan,nan
pinn_weak__d2__m0__n0,pinn_weak,known_physics_forward_surrogate,2,0,0.0,5.005616158244255,5.005616158244255,0.0,0.1748369010563758,0.1748369010563758,0.1096120326622829,0.0,6.330642764540605,0.0646048430353403,0.0005047253362135,0,70272,nan,2560000,20.32710075378418,34051,5000,19458560,nan,nan,1.193311232557504,1.490536304408545,2.29990915517483,1.490536304408545,2.830048030543356,nan,nan,nan,nan,nan,nan,nan,nan
pinn_weak__d2__m1__n0,pinn_weak,known_physics_forward_surrogate,2,1,0.0,5.005616158244255,5.005616158244255,0.0,0.1751223490581004,0.1751223490581004,0.1096120326622829,0.0,5.675636236749625,0.0703619886189699,0.0005497030360857,0,70272,nan,2560000,21.10611354932189,34051,5000,19458560,nan,nan,1.1940082373149576,1.4930475242109291,2.1815849048799585,1.4930475242109291,2.639203968582305,nan,nan,nan,nan,nan,nan,nan,nan
pinn_weak__d2__m2__n0,pinn_weak,known_physics_forward_surrogate,2,2,0.0,5.005616158244255,5.005616158244255,0.0,0.1756932450615498,0.1756932450615498,0.1096120326622829,0.0,5.404937240314204,0.0672607757151126,0.0005254748102743,0,70272,nan,2560000,20.28898392803967,34051,5000,19458560,nan,nan,1.1925662628163205,1.4829221469339715,2.126326236497412,1.4829221469339715,2.576521135700005,nan,nan,nan,nan,nan,nan,nan,nan
pinn_weak_tapered__d2__m0__n0,pinn_weak_tapered,known_physics_forward_surrogate,2,0,0.0,5.005616158244255,5.005616158244255,0.0,0.1473625308903738,0.1473625308903738,0.1096120326622829,0.0,4.067769470004087,0.063825948163867,0.0004986402200302,0,70272,nan,2560000,23.72902968712151,34051,5000,19458560,nan,nan,1.1416311189214627,1.4378300046737529,1.874363578083392,1.4378300046737529,2.1544694376419664,nan,nan,nan,nan,nan,nan,nan,nan
pinn_weak_tapered__d2__m1__n0,pinn_weak_tapered,known_physics_forward_surrogate,2,1,0.0,5.005616158244255,5.005616158244255,0.0,0.1421531048588982,0.1421531048588982,0.1096120326622829,0.0,4.019534704343279,0.0813834238797426,0.0006358079990604,0,70272,nan,2560000,24.896681806072596,34051,5000,19458560,nan,nan,1.1277882711490728,1.4293404556245268,1.8495122236189347,1.4293404556245268,2.137212928888408,nan,nan,nan,nan,nan,nan,nan,nan
pinn_weak_tapered__d2__m2__n0,pinn_weak_tapered,known_physics_forward_surrogate,2,2,0.0,5.005616158244255,5.005616158244255,0.0,0.1530001289244366,0.1530001289244366,0.1096120326622829,0.0,4.279958849025065,0.0619835183024406,0.0004842462367378,0,70272,nan,2560000,23.49123040400445,34051,5000,19458560,nan,nan,1.1374307215973358,1.4433980874283616,1.8996011729599012,1.4433980874283616,2.230359417616329,nan,nan,nan,nan,nan,nan,nan,nan
sindy_strong__d2__m0__n0,sindy_strong,state_only_dynamics,2,0,0.0,20.92676390244085,20.92676390244085,0.0,8.139763855180977,8.139763855180977,8.312245810223123,0.0,1.1094194107114594,12.70797812193632,0.0992810790776275,12165632,0,0.001,0,1.081322530284524,60,1,0,nan,0.0006057448553796,7.025213187053994e-05,0.0001803553259473,0.0033119136488598,0.0001803553259473,0.0051320759023628,1.0,0.0008179461279744,0.005722195342369,0.0679871756533946,0.0668887045661367,0.1230749097590715,"[0.989332751186435, -0.013428170127268622, -14.638112526469522]",0.0065458189568062
sindy_strong__d2__m1__n0,sindy_strong,state_only_dynamics,2,1,0.0,20.92676390244085,20.92676390244085,0.0,8.139763855180977,8.139763855180977,8.312245810223123,0.0,1.1094194107114594,12.516070941463113,0.0977818042301805,12165632,0,0.001,0,1.085791518911719,60,1,0,nan,0.0006057448553796,7.025213187053994e-05,0.0001803553259473,0.0033119136488598,0.0001803553259473,0.0051320759023628,1.0,0.0008179461279744,0.005722195342369,0.0679871756533946,0.0668887045661367,0.1230749097590715,"[0.989332751186435, -0.013428170127268622, -14.638112526469522]",0.0065458189568062
sindy_strong__d2__m2__n0,sindy_strong,state_only_dynamics,2,2,0.0,20.92676390244085,20.92676390244085,0.0,8.139763855180977,8.139763855180977,8.312245810223123,0.0,1.1094194107114594,12.821025660261512,0.100164262970793,12165632,0,0.001,0,1.100446930155158,60,1,0,nan,0.0006057448553796,7.025213187053994e-05,0.0001803553259473,0.0033119136488598,0.0001803553259473,0.0051320759023628,1.0,0.0008179461279744,0.005722195342369,0.0679871756533946,0.0668887045661367,0.1230749097590715,"[0.989332751186435, -0.013428170127268622, -14.638112526469522]",0.0065458189568062
sindy_weak__d2__m0__n0,sindy_weak,state_only_dynamics,2,0,0.0,20.92676390244085,20.92676390244085,0.0,6.82862982125902,6.82862982125902,6.87358788153066,0.0,1.228230964857297,5.648859770968556,0.0441317169606918,12165632,0,0.001,0,1.2341003343462944,30,1,0,nan,0.0003895484091578,0.0003472264630434,0.0012900281771375,0.0128488644845067,0.0012900281771375,0.0184898813834025,1.0,0.0005867971487656,0.0060644204912373,0.1191211970725946,0.1308085609196908,0.1006005355178177,"[0.9907315188057654, -0.018704218704156304, -14.639581474264132]",0.0067469245071256
sindy_weak__d2__m1__n0,sindy_weak,state_only_dynamics,2,1,0.0,20.92676390244085,20.92676390244085,0.0,6.82862982125902,6.82862982125902,6.87358788153066,0.0,1.228230964857297,5.648804750293493,0.0441312871116679,12165632,0,0.001,0,1.2245587538927794,30,1,0,nan,0.0003895484091578,0.0003472264630434,0.0012900281771375,0.0128488644845067,0.0012900281771375,0.0184898813834025,1.0,0.0005867971487656,0.0060644204912373,0.1191211970725946,0.1308085609196908,0.1006005355178177,"[0.9907315188057654, -0.018704218704156304, -14.639581474264132]",0.0067469245071256
sindy_weak__d2__m2__n0,sindy_weak,state_only_dynamics,2,2,0.0,20.92676390244085,20.92676390244085,0.0,6.82862982125902,6.82862982125902,6.87358788153066,0.0,1.228230964857297,5.752419162541628,0.0449407747073564,12165632,0,0.001,0,1.2115402054041624,30,1,0,nan,0.0003895484091578,0.0003472264630434,0.0012900281771375,0.0128488644845067,0.0012900281771375,0.0184898813834025,1.0,0.0005867971487656,0.0060644204912373,0.1191211970725946,0.1308085609196908,0.1006005355178177,"[0.9907315188057654, -0.018704218704156304, -14.639581474264132]",0.0067469245071256
sindy_weak_weighted__d2__m0__n0,sindy_weak_weighted,state_only_dynamics,2,0,0.0,20.92676390244085,20.92676390244085,0.0,6.834766953296102,6.834766953296102,6.846184873365089,0.0,1.2308991210977995,5.03646207228303,0.0393473599397111,12165632,0,0.001,0,1.079149018973112,30,1,0,nan,0.0004149041688351,0.0003504354261049,0.0013089689002153,0.0132258603803934,0.0013089689002153,0.0188704973630645,1.0,0.0010421057144747,0.0139914253527439,0.3866052993485756,0.3935715131718531,0.0464206558317995,"[0.9832114596426135, -0.01655726615477734, -14.634381561168167]",0.006104711429433
sindy_weak_weighted__d2__m1__n0,sindy_weak_weighted,state_only_dynamics,2,1,0.0,20.92676390244085,20.92676390244085,0.0,6.834766953296102,6.834766953296102,6.846184873365089,0.0,1.2308991210977995,4.969106043688953,0.0388211409663199,12165632,0,0.001,0,1.0895346337929368,30,1,0,nan,0.0004149041688351,0.0003504354261049,0.0013089689002153,0.0132258603803934,0.0013089689002153,0.0188704973630645,1.0,0.0010421057144747,0.0139914253527439,0.3866052993485756,0.3935715131718531,0.0464206558317995,"[0.9832114596426135, -0.01655726615477734, -14.634381561168167]",0.006104711429433
sindy_weak_weighted__d2__m2__n0,sindy_weak_weighted,state_only_dynamics,2,2,0.0,20.92676390244085,20.92676390244085,0.0,6.834766953296102,6.834766953296102,6.846184873365089,0.0,1.2308991210977995,4.935712699778378,0.0385602554670185,12165632,0,0.001,0,1.0789101924747229,30,1,0,nan,0.0004149041688351,0.0003504354261049,0.0013089689002153,0.0132258603803934,0.0013089689002153,0.0188704973630645,1.0,0.0010421057144747,0.0139914253527439,0.3866052993485756,0.3935715131718531,0.0464206558317995,"[0.9832114596426135, -0.01655726615477734, -14.634381561168167]",0.006104711429433
sindy_weighted__d2__m0__n0,sindy_weighted,state_only_dynamics,2,0,0.0,20.92676390244085,20.92676390244085,0.0,8.126062351098192,8.126062351098192,8.248305457836793,0.0,1.1239587307730436,12.263880038633944,0.0958115628018276,12165632,0,0.001,0,1.0833507515490055,60,1,0,nan,0.0006055915900016,7.118784501353242e-05,0.0001815834099794,0.0032900277709244,0.0001815834099794,0.0051856929817837,1.0,0.0011896834599594,0.0075825105483345,0.1257232425252645,0.1396043835089849,0.1000970014136709,"[0.9746748235783088, -0.010129426575486553, -14.626726195419993]",0.0052561620791423
sindy_weighted__d2__m1__n0,sindy_weighted,state_only_dynamics,2,1,0.0,20.92676390244085,20.92676390244085,0.0,8.126062351098192,8.126062351098192,8.248305457836793,0.0,1.1239587307730436,12.155754409730434,0.094966831326019,12165632,0,0.001,0,0.9976226082071662,60,1,0,nan,0.0006055915900016,7.118784501353242e-05,0.0001815834099794,0.0032900277709244,0.0001815834099794,0.0051856929817837,1.0,0.0011896834599594,0.0075825105483345,0.1257232425252645,0.1396043835089849,0.1000970014136709,"[0.9746748235783088, -0.010129426575486553, -14.626726195419993]",0.0052561620791423
sindy_weighted__d2__m2__n0,sindy_weighted,state_only_dynamics,2,2,0.0,20.92676390244085,20.92676390244085,0.0,8.126062351098192,8.126062351098192,8.248305457836793,0.0,1.1239587307730436,12.218676345422864,0.0954584089486161,12165632,0,0.001,0,1.078473974019289,60,1,0,nan,0.0006055915900016,7.118784501353242e-05,0.0001815834099794,0.0032900277709244,0.0001815834099794,0.0051856929817837,1.0,0.0011896834599594,0.0075825105483345,0.1257232425252645,0.1396043835089849,0.1000970014136709,"[0.9746748235783088, -0.010129426575486553, -14.626726195419993]",0.0052561620791423
solver_oracle__d2__m0__n0,solver_oracle,known_physics_forward_surrogate,2,0,0.0,5.005616158244255,20.92676390244085,1.0,20.926763902440847,5.005616158244253,5.005616158244255,1.0,2.2385292353668377e-22,10.181038279086351,0.0795393615553621,117734912,0,0.0001,0,0.0,0,0,0,nan,nan,4.559135051499972e-14,8.402687627603162e-14,6.454147074019664e-13,8.402687627603162e-14,9.687106904924537e-13,1.0,0.00058105150351,1.1344488630616657e-06,2.6796454128821545e-05,4.573567142755332e-05,4.725619187978555e-05,"[0.9634408374187473, -0.0011852830853698376, -14.628915720322006]",0.0046991938753563
solver_oracle__d2__m1__n0,solver_oracle,known_physics_forward_surrogate,2,1,0.0,5.005616158244255,20.92676390244085,1.0,20.926763902440847,5.005616158244253,5.005616158244255,1.0,2.2385292353668377e-22,9.494352417066692,0.0741746282583335,117734912,0,0.0001,0,0.0,0,0,0,nan,nan,4.559135051499972e-14,8.402687627603162e-14,6.454147074019664e-13,8.402687627603162e-14,9.687106904924537e-13,1.0,0.00058105150351,1.1344488630616657e-06,2.6796454128821545e-05,4.573567142755332e-05,4.725619187978555e-05,"[0.9634408374187473, -0.0011852830853698376, -14.628915720322006]",0.0046991938753563
solver_oracle__d2__m2__n0,solver_oracle,known_physics_forward_surrogate,2,2,0.0,5.005616158244255,20.92676390244085,1.0,20.926763902440847,5.005616158244253,5.005616158244255,1.0,2.2385292353668377e-22,9.503929598256946,0.0742494499863823,117734912,0,0.0001,0,0.0,0,0,0,nan,nan,4.559135051499972e-14,8.402687627603162e-14,6.454147074019664e-13,8.402687627603162e-14,9.687106904924537e-13,1.0,0.00058105150351,1.1344488630616657e-06,2.6796454128821545e-05,4.573567142755332e-05,4.725619187978555e-05,"[0.9634408374187473, -0.0011852830853698376, -14.628915720322006]",0.0046991938753563
lorenz_ad__d3__m0__n0,lorenz_ad,known_form_hidden_parameters,3,0,0.0,21.56616742630417,21.56616742630417,0.0,10.6647655164372,10.6647655164372,10.550158143744737,0.0,0.916864537565341,1.003717053681612,0.0078415394818875,12544000,0,0.001,32000000,697.7018470317125,3,10000,9221632,3.3757544899147582e-06,nan,1.2250428565651566e-05,3.235322146414156e-05,0.0002836554993904,3.235322146414156e-05,0.0004431951790339,1.0,0.0008391454323322,0.0055862653624398,0.0695108298367924,0.0735294068454359,0.1255138501705152,"[0.8411928698394279, 0.014561236882303112, -14.522531993530244]",0.0064615838792632
lorenz_ad__d3__m1__n0,lorenz_ad,known_form_hidden_parameters,3,1,0.0,21.56616742630417,21.56616742630417,0.0,10.175293555479778,10.175293555479778,10.098008509012818,0.0,0.9654900696892608,1.1443312596529722,0.0089400879660388,12544000,0,0.001,32000000,697.2730437554419,3,10000,9221632,2.1779643786664065e-06,nan,1.4308214062479178e-05,4.107106430257214e-05,0.0004426188529491,4.107106430257214e-05,0.0006785172804449,1.0,0.0006508728606096,0.0083885982999356,0.1145975201242696,0.1266517139964455,0.1761227463242225,"[0.9910478223681439, -0.01816526607976267, -14.639569177237503]",0.006755839082246
lorenz_ad__d3__m2__n0,lorenz_ad,known_form_hidden_parameters,3,2,0.0,21.56616742630417,21.56616742630417,0.0,11.112633431143244,11.112633431143244,10.80591955329006,0.0,0.9008590668197504,1.1895291917026043,0.0092931968101765,12544000,0,0.001,32000000,687.341265572235,3,10000,9221632,4.778623453566014e-06,nan,8.225943170915798e-06,2.0261637244561384e-05,0.0002609491254786,2.0261637244561384e-05,0.0003817426867722,1.0,0.0002733380288211,0.0035345539958102,0.0785197065715156,0.0912262294804946,0.0573512548144853,"[0.9227778379745397, 0.028077932502824237, -14.617643206408347]",0.0030964057862204
lorenz_ad_tapered__d3__m0__n0,lorenz_ad_tapered,known_form_hidden_parameters,3,0,0.0,21.56616742630417,21.56616742630417,0.0,9.093160180941458,9.093160180941458,9.070395702803914,0.0,1.0952755058165198,1.0903706420212984,0.0085185206407913,12544000,0,0.001,32000000,686.2915839646012,3,10000,9221632,1.6214134046715474e-05,nan,9.360303022703544e-05,0.0002190129378972,0.0015800200816152,0.0002190129378972,0.0024428042220964,1.0,0.0008409266161786,0.0099415173249402,0.2377557104776785,0.2517057229792828,0.0711043168486234,"[0.9359730653709786, -0.043018136524085586, -14.55903970861487]",0.0037792078886055
lorenz_ad_tapered__d3__m1__n0,lorenz_ad_tapered,known_form_hidden_parameters,3,1,0.0,21.56616742630417,21.56616742630417,0.0,11.136967873290274,11.136967873290274,11.043412290725009,0.0,0.8838789147465975,1.004571247845888,0.007848212873796,12544000,0,0.001,32000000,680.9391754455864,3,10000,9221632,1.5270441705376009e-06,nan,6.282790544378724e-06,1.701792428304881e-05,0.0001875536892228,1.701792428304881e-05,0.0002810273880467,1.0,0.0006311823185607,0.0018085393428534,0.0491179352316451,0.0543480743707096,0.0303166710846272,"[0.9742555137470897, -0.008998524303646492, -14.631940218695613]",0.0054387505098943
lorenz_ad_tapered__d3__m2__n0,lorenz_ad_tapered,known_form_hidden_parameters,3,2,0.0,21.56616742630417,21.56616742630417,0.0,11.341705452527314,11.341705452527314,11.34941254857388,0.0,0.8365528412972837,1.074228651821613,0.0083924113423563,12544000,0,0.001,32000000,692.1284562777728,3,10000,9221632,4.353586714406888e-06,nan,1.2642503294394898e-05,2.630313150067189e-05,0.0001613517202423,2.630313150067189e-05,0.0002210224201449,1.0,0.0003942230317761,0.0079426921167052,0.1361945275165796,0.145063788207407,0.1864805427867737,"[0.8978378980634483, 0.06415202892214576, -14.628792927255022]",0.0054388161483151
node_soft_dtw__d3__m0__n0,node_soft_dtw,state_only_dynamics,3,0,0.0,21.56616742630417,21.56616742630417,0.0,1.890807563424381,1.890807563424381,1.749225354568932,0.0,1.741774022253072,16.682198245078325,0.1303296737896744,12544000,0,0.001,25600000,1269.2138543296603,33923,5000,30950400,nan,nan,0.0572656980588614,0.1837463285693586,0.6976134343083981,0.1837463285693586,1.0219793306616514,1.0,0.0018822018821789,0.0445226896089874,0.868309566916222,0.8204102332506454,0.3112023507266757,"[1.0062823494457758, -0.04932255501917623, -13.451678758431063]",0.0777009599501614
node_soft_dtw__d3__m1__n0,node_soft_dtw,state_only_dynamics,3,1,0.0,21.56616742630417,21.56616742630417,0.0,3.455276698877004,3.455276698877004,3.5167193812482447,0.0,1.5567679977812157,17.778469813987613,0.1388942954217782,12544000,0,0.001,25600000,1158.5456886868924,33923,5000,30950400,nan,nan,0.0245738468476913,0.0498511409798286,0.3417668887683931,0.0498511409798286,0.5193452218266346,1.0,0.0007155430365712,0.0292611591759102,0.3147492203257803,0.3278994397117082,0.4166448695372001,"[0.8946472981157039, 0.025825095905483923, -11.614550101907106]",0.2031118822098196
node_soft_dtw__d3__m2__n0,node_soft_dtw,state_only_dynamics,3,2,0.0,21.56616742630417,21.56616742630417,0.0,2.126302164847254,2.126302164847254,1.909076235534761,0.0,1.7126508590660552,30.600542526692152,0.2390667384897824,12544000,0,0.001,25600000,1218.178072795272,33923,5000,30950400,nan,nan,0.0547028649233277,0.1575249424496278,0.6155984401775042,0.1575249424496278,0.9060770062852954,1.0,0.0006129738473175,0.0266375694661805,0.5465709301630667,0.5364095258640651,0.2074734581024641,"[0.8117920979727462, 0.04213750369143085, -12.798403411213473]",0.1223030339323354
node_strong__d3__m0__n0,node_strong,state_only_dynamics,3,0,0.0,21.56616742630417,21.56616742630417,0.0,3.0553640484607056,3.0553640484607056,2.868181521329737,0.0,1.6215634453744578,17.110592117533088,0.1336765009182272,12544000,0,0.001,6560000,10.6468027792871,33923,5000,25560064,nan,nan,0.0312179169023283,0.0602626202187883,0.3918269528607399,0.0602626202187883,0.5879019458703199,1.0,0.0004973958368923,0.01253271406863,0.1080374450506153,0.1036936700059876,0.0564938082882615,"[0.8915897398926802, -0.002523406185854113, -8.781503443023684]",0.397008271342422
node_strong__d3__m1__n0,node_strong,state_only_dynamics,3,1,0.0,21.56616742630417,21.56616742630417,0.0,2.869537399337929,2.869537399337929,2.744867984584669,0.0,1.6086835445514545,17.784295773133636,0.1389398107276065,12544000,0,0.001,6560000,10.694579465314746,33923,5000,25560064,nan,nan,0.0225516479498228,0.0645588694444351,0.5111334269855596,0.0645588694444351,0.7520658175891676,1.0,0.0021326117650868,0.0359607555849076,0.7716312939004046,0.8059196022660683,0.0848298122642357,"[0.8681427070158709, -0.010950951525623873, -9.490268108795165]",0.3485097694805946
node_strong__d3__m2__n0,node_strong,state_only_dynamics,3,2,0.0,21.56616742630417,21.56616742630417,0.0,2.4819703749962247,2.4819703749962247,2.3429571981562978,0.0,1.697969304107535,17.244268147274852,0.1347208449005847,12544000,0,0.001,6560000,10.990150827914476,33923,5000,25560064,nan,nan,0.041404281486764,0.1064087204494746,0.6094673482837966,0.1064087204494746,0.913754211477054,1.0,0.0006689254076912,0.0129378852152207,0.0932548636356395,0.0888329453926673,0.1386157198122762,"[0.9209867870748136, -0.042554288826494514, -8.97125024869554]",0.3840307573022785
node_weak__d3__m0__n0,node_weak,state_only_dynamics,3,0,0.0,21.56616742630417,21.56616742630417,0.0,2.272665627731592,2.272665627731592,2.082628620583376,0.0,1.7002014101691962,17.111121194437146,0.1336806343315402,12544000,0,0.001,6560000,16.539814984425902,33923,5000,24168448,nan,nan,0.0429559625911928,0.1422489675494647,0.6219336145851182,0.1422489675494647,0.9394411966004178,1.0,0.001012980722012,0.0234032719764011,0.3923029543677936,0.3935707238081043,0.3007363927526529,"[0.934816807810789, -0.0720016535641901, -8.84159285282787]",0.3929278590698388
node_weak__d3__m1__n0,node_weak,state_only_dynamics,3,1,0.0,21.56616742630417,21.56616742630417,0.0,2.575882767563649,2.575882767563649,2.5073752471497226,0.0,1.6631376185148186,16.83039427176118,0.1314874552481342,12544000,0,0.001,6560000,16.905296316370368,33923,5000,24168448,nan,nan,0.0239097045433617,0.0740114259480433,0.515387840503808,0.0740114259480433,0.8242611413626029,1.0,0.0005920771508931,0.0191936631151035,0.6272780423045415,0.639523921980424,0.0744342230248577,"[0.8994772530981212, 0.0016608319732973997, -9.062927141657598]",0.3777448759203468
node_weak__d3__m2__n0,node_weak,state_only_dynamics,3,2,0.0,21.56616742630417,21.56616742630417,0.0,2.70297849033157,2.70297849033157,2.5302110872876984,0.0,1.6496312077250752,18.713768871501088,0.1462013193086022,12544000,0,0.001,6560000,16.853236973285675,33923,5000,24168448,nan,nan,0.0225378730984827,0.0698893272244792,0.5075040696606083,0.0698893272244792,0.7761764360511739,1.0,0.0004393118667729,0.0058702745674947,0.0676382755821952,0.080162775461382,0.0985390149865507,"[0.9589169190671947, 0.0028144497869373748, -8.485736493609926]",0.4172603395407264
pinn_strong__d3__m0__n0,pinn_strong,known_physics_forward_surrogate,3,0,0.0,5.005616158244255,5.005616158244255,0.0,0.2556186855444645,0.2556186855444645,0.1826867211038049,0.0,4.874244985845249,0.0548691004514694,0.0004286648472771,0,70272,nan,2560000,37.70745583251119,34051,5000,24099840,nan,nan,1.1736482928063885,1.5147296361915226,2.046687865248173,1.5147296361915226,2.3808179446089817,nan,nan,nan,nan,nan,nan,nan,nan
pinn_strong__d3__m1__n0,pinn_strong,known_physics_forward_surrogate,3,1,0.0,5.005616158244255,5.005616158244255,0.0,0.2581163555595556,0.2581163555595556,0.1918210571589951,0.0,4.119500779154572,0.0647895634174346,0.0005061684641987,0,70272,nan,2560000,36.16983568482101,34051,5000,24099840,nan,nan,1.1727050928162563,1.4956956636203087,1.903690599006972,1.4956956636203087,2.164012930952933,nan,nan,nan,nan,nan,nan,nan,nan
pinn_strong__d3__m2__n0,pinn_strong,known_physics_forward_surrogate,3,2,0.0,5.005616158244255,5.005616158244255,0.0,0.2585445275621426,0.2585445275621426,0.2009553932141854,0.0,3.366158278102747,0.0556771550327539,0.0004349777736933,0,70272,nan,2560000,38.08338849805296,34051,5000,24099840,nan,nan,1.1453276639646373,1.4932571130853922,1.6912639233624642,1.4932571130853922,1.8212326062009945,nan,nan,nan,nan,nan,nan,nan,nan
pinn_weak__d3__m0__n0,pinn_weak,known_physics_forward_surrogate,3,0,0.0,5.005616158244255,5.005616158244255,0.0,0.1604217769692786,0.1604217769692786,0.1096120326622829,0.0,6.196857614512328,0.0553686209022998,0.0004325673507992,0,70272,nan,2560000,20.348674779757857,34051,5000,19458560,nan,nan,1.2084403077832908,1.531081466551793,2.290936473654829,1.531081466551793,2.804613549723045,nan,nan,nan,nan,nan,nan,nan,nan
pinn_weak__d3__m1__n0,pinn_weak,known_physics_forward_surrogate,3,1,0.0,5.005616158244255,5.005616158244255,0.0,0.1589945369606552,0.1589945369606552,0.1096120326622829,0.0,5.572811158373878,0.0548560786992311,0.0004285631148377,0,70272,nan,2560000,20.64968861080706,34051,5000,19458560,nan,nan,1.2009677081491308,1.5078406731284193,2.180045135885152,1.5078406731284193,2.621187097051596,nan,nan,nan,nan,nan,nan,nan,nan
pinn_weak__d3__m2__n0,pinn_weak,known_physics_forward_surrogate,3,2,0.0,5.005616158244255,5.005616158244255,0.0,0.1589945369606552,0.1589945369606552,0.1096120326622829,0.0,5.719577567140882,0.0541730355471372,0.000423226840212,0,70272,nan,2560000,22.55139081180096,34051,5000,19458560,nan,nan,1.211572412295153,1.53018887372829,2.202501173698243,1.53018887372829,2.672103427169157,nan,nan,nan,nan,nan,nan,nan,nan
pinn_weak_tapered__d3__m0__n0,pinn_weak_tapered,known_physics_forward_surrogate,3,0,0.0,5.005616158244255,5.005616158244255,0.0,0.1536423869283171,0.1536423869283171,0.1187463687174732,0.0,3.512524928582198,0.0595012307167053,0.0004648533649742,0,70272,nan,2560000,24.244081554934382,34051,5000,19458560,nan,nan,1.1662678683511447,1.4549873330590213,1.739953532826033,1.4549873330590213,1.9475350981527724,nan,nan,nan,nan,nan,nan,nan,nan
pinn_weak_tapered__d3__m1__n0,pinn_weak_tapered,known_physics_forward_surrogate,3,1,0.0,5.005616158244255,5.005616158244255,0.0,0.1460066528821816,0.1460066528821816,0.1187463687174732,0.0,3.5147678734850047,0.0552093293517828,0.0004313228855608,0,70272,nan,2560000,24.33061038888991,34051,5000,19458560,nan,nan,1.1622450318116786,1.4447879208793912,1.7296992210868924,1.4447879208793912,1.9358395077949089,nan,nan,nan,nan,nan,nan,nan,nan
pinn_weak_tapered__d3__m2__n0,pinn_weak_tapered,known_physics_forward_surrogate,3,2,0.0,5.005616158244255,5.005616158244255,0.0,0.1501456489071896,0.1501456489071896,0.1187463687174732,0.0,3.822895349095915,0.0545818097889423,0.0004264203889761,0,70272,nan,2560000,25.63279710523784,34051,5000,19458560,nan,nan,1.1742778244378913,1.4458867071394206,1.811980677298196,1.4458867071394206,2.0733470372043823,nan,nan,nan,nan,nan,nan,nan,nan
sindy_strong__d3__m0__n0,sindy_strong,state_only_dynamics,3,0,0.0,21.56616742630417,21.56616742630417,0.0,8.082745616836469,8.082745616836469,8.001678384346656,0.0,1.155492238200725,12.975810388103127,0.1013735186570556,12544000,0,0.001,0,1.0953735895454884,60,1,0,nan,0.0006102680114429,7.19376298246574e-05,0.0001670634985909,0.0029617300175026,0.0001670634985909,0.0047007392269687,1.0,0.0003353200855324,0.0080206798038321,0.142221628987708,0.1388373414431378,0.1062153395525208,"[0.9584928669113145, 0.010783198886397746, -14.631493153071435]",0.0046229885541368
sindy_strong__d3__m1__n0,sindy_strong,state_only_dynamics,3,1,0.0,21.56616742630417,21.56616742630417,0.0,8.082745616836469,8.082745616836469,8.001678384346656,0.0,1.155492238200725,12.589314123615624,0.098354016590747,12544000,0,0.001,0,0.963712484575808,60,1,0,nan,0.0006102680114429,7.19376298246574e-05,0.0001670634985909,0.0029617300175026,0.0001670634985909,0.0047007392269687,1.0,0.0003353200855324,0.0080206798038321,0.142221628987708,0.1388373414431378,0.1062153395525208,"[0.9584928669113145, 0.010783198886397746, -14.631493153071435]",0.0046229885541368
sindy_strong__d3__m2__n0,sindy_strong,state_only_dynamics,3,2,0.0,21.56616742630417,21.56616742630417,0.0,8.082745616836469,8.082745616836469,8.001678384346656,0.0,1.155492238200725,12.777947744354606,0.0998277167527703,12544000,0,0.001,0,1.0761169772595167,60,1,0,nan,0.0006102680114429,7.19376298246574e-05,0.0001670634985909,0.0029617300175026,0.0001670634985909,0.0047007392269687,1.0,0.0003353200855324,0.0080206798038321,0.142221628987708,0.1388373414431378,0.1062153395525208,"[0.9584928669113145, 0.010783198886397746, -14.631493153071435]",0.0046229885541368
sindy_weak__d3__m0__n0,sindy_weak,state_only_dynamics,3,0,0.0,21.56616742630417,21.56616742630417,0.0,6.8600291014487365,6.8600291014487365,6.791378857033948,0.0,1.2369353952608335,5.465369287878275,0.042698197561549,12544000,0,0.001,0,1.246977398172021,30,1,0,nan,0.0004562622412954,0.0004948145146977,0.0013126390167584,0.0119886054970135,0.0013126390167584,0.0184954189930354,1.0,0.0007371789151682,0.0092009133723005,0.1237756660267026,0.1314324427778846,0.209665819993369,"[0.9894276087966396, -0.01707001233595482, -14.640115252302937]",0.0066761956913331
sindy_weak__d3__m1__n0,sindy_weak,state_only_dynamics,3,1,0.0,21.56616742630417,21.56616742630417,0.0,6.8600291014487365,6.8600291014487365,6.791378857033948,0.0,1.2369353952608335,5.494126232340932,0.0429228611901635,12544000,0,0.001,0,1.234816737473011,30,1,0,nan,0.0004562622412954,0.0004948145146977,0.0013126390167584,0.0119886054970135,0.0013126390167584,0.0184954189930354,1.0,0.0007371789151682,0.0092009133723005,0.1237756660267026,0.1314324427778846,0.209665819993369,"[0.9894276087966396, -0.01707001233595482, -14.640115252302937]",0.0066761956913331
sindy_weak__d3__m2__n0,sindy_weak,state_only_dynamics,3,2,0.0,21.56616742630417,21.56616742630417,0.0,6.8600291014487365,6.8600291014487365,6.791378857033948,0.0,1.2369353952608335,5.525309074670076,0.0431664771458599,12544000,0,0.001,0,1.239127523265779,30,1,0,nan,0.0004562622412954,0.0004948145146977,0.0013126390167584,0.0119886054970135,0.0013126390167584,0.0184954189930354,1.0,0.0007371789151682,0.0092009133723005,0.1237756660267026,0.1314324427778846,0.209665819993369,"[0.9894276087966396, -0.01707001233595482, -14.640115252302937]",0.0066761956913331
sindy_weak_weighted__d3__m0__n0,sindy_weak_weighted,state_only_dynamics,3,0,0.0,21.56616742630417,21.56616742630417,0.0,6.897779599676828,6.897779599676828,6.800513193089137,0.0,1.241113075094047,5.130038160830736,0.0400784231314901,12544000,0,0.001,0,1.0875247297808528,30,1,0,nan,0.0004553693271098,0.0004916171767531,0.0013073785242804,0.0116357889034191,0.0013073785242804,0.0180152938389318,1.0,0.0006687397787437,0.0080657374662618,0.0943507046173987,0.0944423146205081,0.161183090472148,"[0.8508166405426156, 0.0035972366491053504, -14.522193184862306]",0.0059262970426543
sindy_weak_weighted__d3__m1__n0,sindy_weak_weighted,state_only_dynamics,3,1,0.0,21.56616742630417,21.56616742630417,0.0,6.897779599676828,6.897779599676828,6.800513193089137,0.0,1.241113075094047,5.209825999103487,0.0407017656179959,12544000,0,0.001,0,1.1372286770492792,30,1,0,nan,0.0004553693271098,0.0004916171767531,0.0013073785242804,0.0116357889034191,0.0013073785242804,0.0180152938389318,1.0,0.0006687397787437,0.0080657374662618,0.0943507046173987,0.0944423146205081,0.161183090472148,"[0.8508166405426156, 0.0035972366491053504, -14.522193184862306]",0.0059262970426543
sindy_weak_weighted__d3__m2__n0,sindy_weak_weighted,state_only_dynamics,3,2,0.0,21.56616742630417,21.56616742630417,0.0,6.897779599676828,6.897779599676828,6.800513193089137,0.0,1.241113075094047,5.1068657245486975,0.0398973884730367,12544000,0,0.001,0,1.0844109253957868,30,1,0,nan,0.0004553693271098,0.0004916171767531,0.0013073785242804,0.0116357889034191,0.0013073785242804,0.0180152938389318,1.0,0.0006687397787437,0.0080657374662618,0.0943507046173987,0.0944423146205081,0.161183090472148,"[0.8508166405426156, 0.0035972366491053504, -14.522193184862306]",0.0059262970426543
sindy_weighted__d3__m0__n0,sindy_weighted,state_only_dynamics,3,0,0.0,21.56616742630417,21.56616742630417,0.0,8.138550701173646,8.138550701173646,8.1478277612297,0.0,1.1388558647198823,12.76688952371478,0.0997413244040217,12544000,0,0.001,0,0.9744469076395036,60,1,0,nan,0.0006088788397678,7.391240810715357e-05,0.0001672880696347,0.0029026397523645,0.0001672880696347,0.0044517649354101,1.0,0.000457453527346,0.0036406814119283,0.0467667983714337,0.0532030787883911,0.0885295024523604,"[0.8562375425371151, 0.0029408717329861725, -14.521253608566429]",0.0057096556880858
sindy_weighted__d3__m1__n0,sindy_weighted,state_only_dynamics,3,1,0.0,21.56616742630417,21.56616742630417,0.0,8.138550701173646,8.138550701173646,8.1478277612297,0.0,1.1388558647198823,12.164454098790884,0.0950347976468037,12544000,0,0.001,0,1.0837670285254717,60,1,0,nan,0.0006088788397678,7.391240810715357e-05,0.0001672880696347,0.0029026397523645,0.0001672880696347,0.0044517649354101,1.0,0.000457453527346,0.0036406814119283,0.0467667983714337,0.0532030787883911,0.0885295024523604,"[0.8562375425371151, 0.0029408717329861725, -14.521253608566429]",0.0057096556880858
sindy_weighted__d3__m2__n0,sindy_weighted,state_only_dynamics,3,2,0.0,21.56616742630417,21.56616742630417,0.0,8.138550701173646,8.138550701173646,8.1478277612297,0.0,1.1388558647198823,12.806305542588234,0.1000492620514705,12544000,0,0.001,0,1.0951638855040071,60,1,0,nan,0.0006088788397678,7.391240810715357e-05,0.0001672880696347,0.0029026397523645,0.0001672880696347,0.0044517649354101,1.0,0.000457453527346,0.0036406814119283,0.0467667983714337,0.0532030787883911,0.0885295024523604,"[0.8562375425371151, 0.0029408717329861725, -14.521253608566429]",0.0057096556880858
solver_oracle__d3__m0__n0,solver_oracle,known_physics_forward_surrogate,3,0,0.0,5.005616158244255,21.56616742630417,1.0,21.566167426304165,5.005616158244253,5.005616158244255,1.0,1.154910714152285e-22,10.265564270317554,0.0801997208618559,121338880,0,0.0001,0,0.0,0,0,0,nan,nan,4.6483725536424525e-14,7.955846188907081e-14,5.008716109439204e-13,7.955846188907081e-14,7.828053786704714e-13,1.0,0.0006002224578938,7.775167469064781e-07,2.850609741057633e-05,4.193623766898303e-05,4.711643791244686e-05,"[0.895729697451579, 0.05772075766865369, -14.620110678161218]",0.0047848670313615
solver_oracle__d3__m1__n0,solver_oracle,known_physics_forward_surrogate,3,1,0.0,5.005616158244255,21.56616742630417,1.0,21.566167426304165,5.005616158244253,5.005616158244255,1.0,1.154910714152285e-22,9.880004242062569,0.0771875331411138,121338880,0,0.0001,0,0.0,0,0,0,nan,nan,4.6483725536424525e-14,7.955846188907081e-14,5.008716109439204e-13,7.955846188907081e-14,7.828053786704714e-13,1.0,0.0006002224578938,7.775167469064781e-07,2.850609741057633e-05,4.193623766898303e-05,4.711643791244686e-05,"[0.895729697451579, 0.05772075766865369, -14.620110678161218]",0.0047848670313615
solver_oracle__d3__m2__n0,solver_oracle,known_physics_forward_surrogate,3,2,0.0,5.005616158244255,21.56616742630417,1.0,21.566167426304165,5.005616158244253,5.005616158244255,1.0,1.154910714152285e-22,10.176477588713167,0.0795037311618216,121338880,0,0.0001,0,0.0,0,0,0,nan,nan,4.6483725536424525e-14,7.955846188907081e-14,5.008716109439204e-13,7.955846188907081e-14,7.828053786704714e-13,1.0,0.0006002224578938,7.775167469064781e-07,2.850609741057633e-05,4.193623766898303e-05,4.711643791244686e-05,"[0.895729697451579, 0.05772075766865369, -14.620110678161218]",0.0047848670313615
lorenz_ad__d4__m0__n0,lorenz_ad,known_form_hidden_parameters,4,0,0.0,21.14598796776542,21.14598796776542,0.0,8.609968076021978,8.609968076021978,8.49493253132693,0.0,1.053665418263349,0.9750294368714094,0.0076174174755578,12295680,0,0.001,32000000,686.9667609147727,3,10000,9221632,1.33073900652895e-05,nan,0.0001029839406904,0.0002626640454942,0.0017283857994496,0.0002626640454942,0.0026534798115737,1.0,0.0004460833692931,0.0081671508752785,0.2085121987872845,0.2131361138112879,0.025271137923581,"[0.7548647523706622, 0.08010754936336359, -14.502158169140882]",0.0132779275542635
lorenz_ad__d4__m1__n0,lorenz_ad,known_form_hidden_parameters,4,1,0.0,21.14598796776542,21.14598796776542,0.0,10.693381678610098,10.693381678610098,10.504486463468783,0.0,0.8784727094076649,1.1229636073112488,0.0087731531821191,12295680,0,0.001,32000000,695.5047441069037,3,10000,9221632,1.0617389450432866e-05,nan,4.578708085465649e-05,0.0001006197589329,0.0003057227695191,0.0001006197589329,0.0004358803795869,1.0,0.0008169841746648,0.0044698950587265,0.094425942128017,0.1036337263549358,0.059689304937325,"[0.7030381510647931, 0.0681122543350345, -14.438164770695494]",0.0180221939703984
lorenz_ad__d4__m2__n0,lorenz_ad,known_form_hidden_parameters,4,2,0.0,21.14598796776542,21.14598796776542,0.0,5.697898924427071,5.697898924427071,5.667855522245548,0.0,1.3717212440706374,0.9887502547353506,0.0077246113651199,12295680,0,0.001,32000000,678.3944272268564,3,10000,9221632,0.0002206405781767,nan,0.0011244870394418,0.0031300655296172,0.0305627749607875,0.0031300655296172,0.0480267264375858,1.0,0.0003364714030626,0.00771986681867,0.1963518843794252,0.2097616737775805,0.0276057953695856,"[0.7955974210424882, 0.030327194635072094, -14.49011110020957]",0.0104100432429516
lorenz_ad_tapered__d4__m0__n0,lorenz_ad_tapered,known_form_hidden_parameters,4,0,0.0,21.14598796776542,21.14598796776542,0.0,10.455603493173427,10.455603493173427,10.143680189288768,0.0,0.9138050927491,1.016639253124595,0.0079424941650358,12295680,0,0.001,32000000,676.8627664297819,3,10000,9221632,3.4387192994710825e-06,nan,1.3450414827343596e-05,3.350400977936729e-05,0.0003301589506711,3.350400977936729e-05,0.0005071887862261,1.0,0.000381059662919,0.0056957934605734,0.1189897113757406,0.1259535048813117,0.026887311238081,"[0.81929138193381, 0.02466293618990798, -14.510672006329413]",0.0082319740874723
lorenz_ad_tapered__d4__m1__n0,lorenz_ad_tapered,known_form_hidden_parameters,4,1,0.0,21.14598796776542,21.14598796776542,0.0,8.576499297819758,8.576499297819758,8.686753588485923,0.0,1.1281789859331155,1.0936042554676533,0.008543783245841,12295680,0,0.001,32000000,749.6134243886918,3,10000,9221632,4.193243888895926e-05,nan,8.049587041130329e-05,0.0001892558602071,0.0017531756821489,0.0001892558602071,0.0027325954855186,1.0,0.0006118736488973,0.0046408679272793,0.0944593450256474,0.1009537102378048,0.0227884781638785,"[0.7613562993798941, 0.07603112976418576, -14.505211157968283]",0.0127164131504322
lorenz_ad_tapered__d4__m2__n0,lorenz_ad_tapered,known_form_hidden_parameters,4,2,0.0,21.14598796776542,21.14598796776542,0.0,7.364487082496704,7.364487082496704,7.25722999584865,0.0,1.198522596845826,1.0217029694467783,0.0079820544488029,12295680,0,0.001,32000000,703.4262141063809,3,10000,9221632,4.348696348949947e-05,nan,0.000258257723774,0.0007298027017886,0.0065163118145331,0.0007298027017886,0.0102451218139525,1.0,0.000384137276445,0.004544352915416,0.0880063609107458,0.1006075954124384,0.0394324184148832,"[0.877213046244377, -0.003036927710682074, -14.542112596474405]",0.0037014552057444
node_soft_dtw__d4__m0__n0,node_soft_dtw,state_only_dynamics,4,0,0.0,21.14598796776542,21.14598796776542,0.0,2.411964252573243,2.411964252573243,2.2790168457699664,0.0,1.682012736756986,16.644800642505288,0.1300375050195725,12295680,0,0.001,25600000,1207.9808821659535,33923,5000,30950400,nan,nan,0.0465621553548702,0.1182732802108779,0.6101983294019525,0.1182732802108779,0.926727630151858,1.0,0.001425570350819,0.0177458183486336,0.128616554225654,0.1615275316399413,0.2437415851507141,"[0.7916990582613167, 0.034554306556576146, -13.52430925840431]",0.0729024912374124
node_soft_dtw__d4__m1__n0,node_soft_dtw,state_only_dynamics,4,1,0.0,21.14598796776542,21.14598796776542,0.0,2.2154333033857907,2.2154333033857907,2.224210829438825,0.0,1.707926941328201,16.17904365621507,0.1263987785641802,12295680,0,0.001,25600000,1190.041379822418,33923,5000,30950400,nan,nan,0.0341684788015349,0.1103123463602574,0.6383043248364304,0.1103123463602574,0.9575786638568436,1.0,0.0011836862875533,0.0343360785023142,0.6920466188226896,0.7475718754145373,0.3313887963439446,"[0.7727721169615271, 0.03612155198985234, -11.690704968938133]",0.1981367940581961
node_soft_dtw__d4__m2__n0,node_soft_dtw,state_only_dynamics,4,2,0.0,21.14598796776542,21.14598796776542,0.0,2.174899687140884,2.174899687140884,2.1739719811352782,0.0,1.7208895503527155,27.67548830807209,0.2162147524068132,12295680,0,0.001,25600000,1224.304173156619,33923,5000,30950400,nan,nan,0.0468987227457274,0.1339496605167959,0.6634609525501192,0.1339496605167959,0.9639351146265224,1.0,0.0012338091330719,0.0342400634654208,0.3055424571349449,0.3119278743055685,0.3922536438130723,"[0.7283561364508158, 0.04473275440715805, -12.439108186220636]",0.1472406507701213
node_strong__d4__m0__n0,node_strong,state_only_dynamics,4,0,0.0,21.14598796776542,21.14598796776542,0.0,2.8915882574711618,2.8915882574711618,2.836211345136572,0.0,1.640434615927913,16.67339201644063,0.1302608751284424,12295680,0,0.001,6560000,38.379139486700296,33923,5000,25560064,nan,nan,0.0185909091388529,0.0659823091454652,0.483686798579221,0.0659823091454652,0.7650064104026428,1.0,0.0003835811432357,0.0169567485474718,0.4399974944262005,0.453217943074408,0.0845945304665862,"[0.7098842977528576, 0.05631368919037593, -9.462149692418658]",0.3507160343704943
node_strong__d4__m1__n0,node_strong,state_only_dynamics,4,1,0.0,21.14598796776542,21.14598796776542,0.0,3.0395930463654164,3.0395930463654164,3.0188980662403764,0.0,1.6350950437752214,16.70554342493415,0.130512058007298,12295680,0,0.001,6560000,38.37010319530964,33923,5000,25560064,nan,nan,0.0157128243857071,0.0504966652534274,0.494363813834231,0.0504966652534274,0.7427477933388266,1.0,0.0021443960492477,0.0163561352588636,0.5526521723686215,0.5028808143741703,0.0356486974506922,"[0.8199183165517913, 0.014398658987589314, -9.078660104616214]",0.3767221985788051
node_strong__d4__m2__n0,node_strong,state_only_dynamics,4,2,0.0,21.14598796776542,21.14598796776542,0.0,2.65859132606338,2.65859132606338,2.484539407011747,0.0,1.604630510592764,16.348246555775404,0.1277206762169953,12295680,0,0.001,6560000,45.00113480351865,33923,5000,25560064,nan,nan,0.0367050804524869,0.0905328419102866,0.5303095452881853,0.0905328419102866,0.7788510040956789,1.0,0.0010376172407402,0.0187587215950015,0.0906736366991724,0.0890739571053617,0.1113255653048516,"[0.8494803029998883, 0.019709263869440708, -8.871497237946558]",0.3908722524890082
node_weak__d4__m0__n0,node_weak,state_only_dynamics,4,0,0.0,21.14598796776542,21.14598796776542,0.0,2.861116683287051,2.861116683287051,2.699196304308717,0.0,1.6247755140322524,16.827093997970223,0.1314616718591423,12295680,0,0.001,6560000,37.82303268276155,33923,5000,24168448,nan,nan,0.0306790748913765,0.067669008033713,0.4593897884283561,0.067669008033713,0.703634481149056,1.0,0.0005516543511872,0.0114598880971343,0.1346929610356371,0.149475640742822,0.180946732250908,"[0.772087103350677, 0.06702753411707059, -8.594695355552185]",0.4099296126922614
node_weak__d4__m1__n0,node_weak,state_only_dynamics,4,1,0.0,21.14598796776542,21.14598796776542,0.0,3.0033411501463805,3.0033411501463805,3.041733906378352,0.0,1.6744346427955208,16.79365771636367,0.1312004509090911,12295680,0,0.001,6560000,41.71640210412443,33923,5000,24168448,nan,nan,0.0155041174778085,0.0456984858133576,0.4613320241285664,0.0456984858133576,0.7326364784781214,1.0,0.0004385488669842,0.014067523660199,0.2805423084122656,0.2794394273862672,0.0974509508608007,"[0.7763201894353506, 0.09747094491056603, -9.40949495107626]",0.3542080943892611
node_weak__d4__m2__n0,node_weak,state_only_dynamics,4,2,0.0,21.14598796776542,21.14598796776542,0.0,2.6208408278352886,2.6208408278352886,2.639823119949981,0.0,1.6911579287309222,16.42981662414968,0.1283579423761693,12295680,0,0.001,6560000,36.05823867209256,33923,5000,24168448,nan,nan,0.0195916515125319,0.0634506154402383,0.5429848517850959,0.0634506154402383,0.8341873591024658,1.0,0.0003127689021762,0.0122814847673229,0.3206585420433833,0.3232583173034591,0.0469059838181854,"[0.8390507623856038, 0.02075702807078056, -8.524732077437248]",0.4146129931667197
pinn_strong__d4__m0__n0,pinn_strong,known_physics_forward_surrogate,4,0,0.0,5.005616158244255,5.005616158244255,0.0,0.2900865317527215,0.2900865317527215,0.2740300816557073,0.0,3.8921418274168538,0.0532271545380353,0.0004158371448284,0,70272,nan,2560000,39.2864056173712,34051,5000,24099840,nan,nan,1.1684102807252907,1.499772702986811,1.8093307231624305,1.499772702986811,2.033593799449552,nan,nan,nan,nan,nan,nan,nan,nan
pinn_strong__d4__m1__n0,pinn_strong,known_physics_forward_surrogate,4,1,0.0,5.005616158244255,5.005616158244255,0.0,0.2933691837725555,0.2933691837725555,0.2740300816557073,0.0,4.412486585731944,0.0529991500079631,0.0004140558594372,0,70272,nan,2560000,39.46241888590157,34051,5000,24099840,nan,nan,1.136162869074119,1.5022084691669466,1.9398972561992176,1.5022084691669466,2.238736687825015,nan,nan,nan,nan,nan,nan,nan,nan
pinn_strong__d4__m2__n0,pinn_strong,known_physics_forward_surrogate,4,2,0.0,5.005616158244255,5.005616158244255,0.0,0.2926555637682437,0.2926555637682437,0.2785972496833024,0.0,3.863035583541526,0.053458098322153,0.0004176413931418,0,70272,nan,2560000,42.792816024273634,34051,5000,24099840,nan,nan,1.1302724711369945,1.4878309326084709,1.8079801354068568,1.4878309326084709,2.0404559080993145,nan,nan,nan,nan,nan,nan,nan,nan
pinn_weak__d4__m0__n0,pinn_weak,known_physics_forward_surrogate,4,0,0.0,5.005616158244255,5.005616158244255,0.0,0.2045948552361752,0.2045948552361752,0.1552837129382341,0.0,5.900460063623603,0.05417319573462,0.0004232280916767,0,70272,nan,2560000,26.054147612303492,34051,5000,19458560,nan,nan,1.1520984715729214,1.493201496523173,2.244447930030858,1.493201496523173,2.728623928754669,nan,nan,nan,nan,nan,nan,nan,nan
pinn_weak__d4__m1__n0,pinn_weak,known_physics_forward_surrogate,4,1,0.0,5.005616158244255,5.005616158244255,0.0,0.2050943892391935,0.2050943892391935,0.1598508809658292,0.0,5.664272910850288,0.0534290354698896,0.0004174143396085,0,70272,nan,2560000,26.995685188099745,34051,5000,19458560,nan,nan,1.1587694785776497,1.506783122191559,2.203222356135313,1.506783122191559,2.6406581983021624,nan,nan,nan,nan,nan,nan,nan,nan
pinn_weak__d4__m2__n0,pinn_weak,known_physics_forward_surrogate,4,2,0.0,5.005616158244255,5.005616158244255,0.0,0.2016690132184971,0.2016690132184971,0.1552837129382341,0.0,5.775302107104855,0.0544527769088745,0.0004254123196005,0,70272,nan,2560000,26.62160575762391,34051,5000,19458560,nan,nan,1.1607091626541424,1.5078727417255584,2.2141266856572592,1.5078727417255584,2.683320839962541,nan,nan,nan,nan,nan,nan,nan,nan
pinn_weak_tapered__d4__m0__n0,pinn_weak_tapered,known_physics_forward_surrogate,4,0,0.0,5.005616158244255,5.005616158244255,0.0,0.1878247851348494,0.1878247851348494,0.1644180489934244,0.0,3.948487589886886,0.0726561397314071,0.0005676260916516,0,70272,nan,2560000,81.78073479793966,34051,5000,19458560,nan,nan,1.118632416537919,1.4627256187521862,1.8529340696653975,1.4627256187521862,2.09871571902592,nan,nan,nan,nan,nan,nan,nan,nan
pinn_weak_tapered__d4__m1__n0,pinn_weak_tapered,known_physics_forward_surrogate,4,1,0.0,5.005616158244255,5.005616158244255,0.0,0.1716969730374041,0.1716969730374041,0.150716544910639,0.0,3.424115075667322,0.0540135018527507,0.0004219804832246,0,70272,nan,2560000,26.96940201893449,34051,5000,19458560,nan,nan,1.106521858682834,1.434101766001362,1.724186024820519,1.434101766001362,1.896951815755065,nan,nan,nan,nan,nan,nan,nan,nan
pinn_weak_tapered__d4__m2__n0,pinn_weak_tapered,known_physics_forward_surrogate,4,2,0.0,5.005616158244255,5.005616158244255,0.0,0.1679861490149831,0.1679861490149831,0.150716544910639,0.0,4.200584649034515,0.0533425342291593,0.0004167385486653,0,70272,nan,2560000,28.28551154769957,34051,5000,19458560,nan,nan,1.1089058884645506,1.4396809696631268,1.8962557378871137,1.4396809696631268,2.2084094124063047,nan,nan,nan,nan,nan,nan,nan,nan
sindy_strong__d4__m0__n0,sindy_strong,state_only_dynamics,4,0,0.0,21.14598796776542,21.14598796776542,0.0,8.60447320198878,8.60447320198878,8.631947572154782,0.0,1.102110012579372,12.267780743539332,0.095842037058901,12295680,0,0.001,0,0.995968034490943,60,1,0,nan,0.0006047229120193,6.760238767538362e-05,0.0001444773536655,0.0020676178985085,0.0001444773536655,0.0033200400746645,1.0,0.0011858829821647,0.0091557951760893,0.2294132500845659,0.2383593673971818,0.0296767611898749,"[0.8283054767895729, 0.014925463990483723, -14.50522169171395]",0.0078955779372353
sindy_strong__d4__m1__n0,sindy_strong,state_only_dynamics,4,1,0.0,21.14598796776542,21.14598796776542,0.0,8.60447320198878,8.60447320198878,8.631947572154782,0.0,1.102110012579372,12.224748864769936,0.0955058505060151,12295680,0,0.001,0,1.0860589938238263,60,1,0,nan,0.0006047229120193,6.760238767538362e-05,0.0001444773536655,0.0020676178985085,0.0001444773536655,0.0033200400746645,1.0,0.0011858829821647,0.0091557951760893,0.2294132500845659,0.2383593673971818,0.0296767611898749,"[0.8283054767895729, 0.014925463990483723, -14.50522169171395]",0.0078955779372353
sindy_strong__d4__m2__n0,sindy_strong,state_only_dynamics,4,2,0.0,21.14598796776542,21.14598796776542,0.0,8.60447320198878,8.60447320198878,8.631947572154782,0.0,1.102110012579372,12.275820422917604,0.0959048470540437,12295680,0,0.001,0,0.9887682814151048,60,1,0,nan,0.0006047229120193,6.760238767538362e-05,0.0001444773536655,0.0020676178985085,0.0001444773536655,0.0033200400746645,1.0,0.0011858829821647,0.0091557951760893,0.2294132500845659,0.2383593673971818,0.0296767611898749,"[0.8283054767895729, 0.014925463990483723, -14.50522169171395]",0.0078955779372353
sindy_weak__d4__m0__n0,sindy_weak,state_only_dynamics,4,0,0.0,21.14598796776542,21.14598796776542,0.0,6.938598663923459,6.938598663923459,6.8690207135030645,0.0,1.2405682379112872,5.192956507205963,0.0405699727125465,12295680,0,0.001,0,1.2205711547285318,30,1,0,nan,0.0004171512481919,0.0004194871136632,0.0012344904694962,0.0097795126006795,0.0012344904694962,0.0148868458531209,1.0,0.0005413820922903,0.0084285341607934,0.2056685841137004,0.2160524774878098,0.0297226738650763,"[0.8541328279158602, 0.006434548757320801, -14.528189830102125]",0.0054882253512364
sindy_weak__d4__m1__n0,sindy_weak,state_only_dynamics,4,1,0.0,21.14598796776542,21.14598796776542,0.0,6.938598663923459,6.938598663923459,6.8690207135030645,0.0,1.2405682379112872,5.371181910857558,0.0419623586785746,12295680,0,0.001,0,1.2495683701708913,30,1,0,nan,0.0004171512481919,0.0004194871136632,0.0012344904694962,0.0097795126006795,0.0012344904694962,0.0148868458531209,1.0,0.0005413820922903,0.0084285341607934,0.2056685841137004,0.2160524774878098,0.0297226738650763,"[0.8541328279158602, 0.006434548757320801, -14.528189830102125]",0.0054882253512364
sindy_weak__d4__m2__n0,sindy_weak,state_only_dynamics,4,2,0.0,21.14598796776542,21.14598796776542,0.0,6.938598663923459,6.938598663923459,6.8690207135030645,0.0,1.2405682379112872,5.775116426870227,0.0451180970849236,12295680,0,0.001,0,1.2311508040875196,30,1,0,nan,0.0004171512481919,0.0004194871136632,0.0012344904694962,0.0097795126006795,0.0012344904694962,0.0148868458531209,1.0,0.0005413820922903,0.0084285341607934,0.2056685841137004,0.2160524774878098,0.0297226738650763,"[0.8541328279158602, 0.006434548757320801, -14.528189830102125]",0.0054882253512364
sindy_weak_weighted__d4__m0__n0,sindy_weak_weighted,state_only_dynamics,4,0,0.0,21.14598796776542,21.14598796776542,0.0,6.92104361181739,6.92104361181739,6.814214697171924,0.0,1.2482857910606429,5.019945489242673,0.0392183241347083,12295680,0,0.001,0,1.0868120063096285,30,1,0,nan,0.0004299864650638,0.000434892847805,0.0012718524887052,0.0100123745291644,0.0012718524887052,0.0152369476131753,1.0,0.0003546478910239,0.0054175175776391,0.1162554930819856,0.1186521632050742,0.0371136658631216,"[0.7872079074460097, 0.045285853148697736, -14.5001762689974]",0.0107149135344329
sindy_weak_weighted__d4__m1__n0,sindy_weak_weighted,state_only_dynamics,4,1,0.0,21.14598796776542,21.14598796776542,0.0,6.92104361181739,6.92104361181739,6.814214697171924,0.0,1.2482857910606429,5.043180232867599,0.0393998455692781,12295680,0,0.001,0,1.084720621816814,30,1,0,nan,0.0004299864650638,0.000434892847805,0.0012718524887052,0.0100123745291644,0.0012718524887052,0.0152369476131753,1.0,0.0003546478910239,0.0054175175776391,0.1162554930819856,0.1186521632050742,0.0371136658631216,"[0.7872079074460097, 0.045285853148697736, -14.5001762689974]",0.0107149135344329
sindy_weak_weighted__d4__m2__n0,sindy_weak_weighted,state_only_dynamics,4,2,0.0,21.14598796776542,21.14598796776542,0.0,6.92104361181739,6.92104361181739,6.814214697171924,0.0,1.2482857910606429,5.067545793019235,0.0395902015079627,12295680,0,0.001,0,1.085745956748724,30,1,0,nan,0.0004299864650638,0.000434892847805,0.0012718524887052,0.0100123745291644,0.0012718524887052,0.0152369476131753,1.0,0.0003546478910239,0.0054175175776391,0.1162554930819856,0.1186521632050742,0.0371136658631216,"[0.7872079074460097, 0.045285853148697736, -14.5001762689974]",0.0107149135344329
sindy_weighted__d4__m0__n0,sindy_weighted,state_only_dynamics,4,0,0.0,21.14598796776542,21.14598796776542,0.0,8.534752527567523,8.534752527567523,8.586275891878831,0.0,1.0936456267348789,12.099329026415944,0.0945260080188745,12295680,0,0.001,0,0.9635731121525168,60,1,0,nan,0.0006043332709144,6.731585649782433e-05,0.0001432304926501,0.0022185764838047,0.0001432304926501,0.0036090828627661,1.0,0.0008297019583716,0.0032990575544191,0.0747878281585579,0.0715016243678123,0.016113404618075,"[0.7796108851853943, 0.057805294135409774, -14.499421478121036]",0.0114224289647654
sindy_weighted__d4__m1__n0,sindy_weighted,state_only_dynamics,4,1,0.0,21.14598796776542,21.14598796776542,0.0,8.534752527567523,8.534752527567523,8.586275891878831,0.0,1.0936456267348789,11.912308445200324,0.0930649097281275,12295680,0,0.001,0,1.0906009143218398,60,1,0,nan,0.0006043332709144,6.731585649782433e-05,0.0001432304926501,0.0022185764838047,0.0001432304926501,0.0036090828627661,1.0,0.0008297019583716,0.0032990575544191,0.0747878281585579,0.0715016243678123,0.016113404618075,"[0.7796108851853943, 0.057805294135409774, -14.499421478121036]",0.0114224289647654
sindy_weighted__d4__m2__n0,sindy_weighted,state_only_dynamics,4,2,0.0,21.14598796776542,21.14598796776542,0.0,8.534752527567523,8.534752527567523,8.586275891878831,0.0,1.0936456267348789,12.360645612701774,0.0965675438492326,12295680,0,0.001,0,1.09508500341326,60,1,0,nan,0.0006043332709144,6.731585649782433e-05,0.0001432304926501,0.0022185764838047,0.0001432304926501,0.0036090828627661,1.0,0.0008297019583716,0.0032990575544191,0.0747878281585579,0.0715016243678123,0.016113404618075,"[0.7796108851853943, 0.057805294135409774, -14.499421478121036]",0.0114224289647654
solver_oracle__d4__m0__n0,solver_oracle,known_physics_forward_surrogate,4,0,0.0,5.005616158244255,21.14598796776542,1.0,21.14598796776543,5.005616158244253,5.005616158244255,1.0,2.4755251990023895e-23,9.761254472658038,0.0762598005676409,118970880,0,0.0001,0,0.0,0,0,0,nan,nan,4.4967849658601326e-14,8.553331248950186e-14,6.056880239388683e-13,8.553331248950186e-14,8.937317205267078e-13,1.0,0.0005693039601035,5.40419658261438e-07,1.9735546208467263e-05,2.8619854474707616e-05,3.246208906109133e-05,"[0.814994841741819, 0.034074494272390045, -14.51572988624933]",0.0084147149937014
solver_oracle__d4__m1__n0,solver_oracle,known_physics_forward_surrogate,4,1,0.0,5.005616158244255,21.14598796776542,1.0,21.14598796776543,5.005616158244253,5.005616158244255,1.0,2.4755251990023895e-23,9.655778231099248,0.0754357674304628,118970880,0,0.0001,0,0.0,0,0,0,nan,nan,4.4967849658601326e-14,8.553331248950186e-14,6.056880239388683e-13,8.553331248950186e-14,8.937317205267078e-13,1.0,0.0005693039601035,5.40419658261438e-07,1.9735546208467263e-05,2.8619854474707616e-05,3.246208906109133e-05,"[0.814994841741819, 0.034074494272390045, -14.51572988624933]",0.0084147149937014
solver_oracle__d4__m2__n0,solver_oracle,known_physics_forward_surrogate,4,2,0.0,5.005616158244255,21.14598796776542,1.0,21.14598796776543,5.005616158244253,5.005616158244255,1.0,2.4755251990023895e-23,9.762684980407355,0.0762709764094324,118970880,0,0.0001,0,0.0,0,0,0,nan,nan,4.4967849658601326e-14,8.553331248950186e-14,6.056880239388683e-13,8.553331248950186e-14,8.937317205267078e-13,1.0,0.0005693039601035,5.40419658261438e-07,1.9735546208467263e-05,2.8619854474707616e-05,3.246208906109133e-05,"[0.814994841741819, 0.034074494272390045, -14.51572988624933]",0.0084147149937014
lorenz_ad__d5__m0__n0,lorenz_ad,known_form_hidden_parameters,5,0,0.0,21.6301077786905,21.6301077786905,0.0,10.97319208230073,10.97319208230073,10.874427073703988,0.0,0.885153404267446,1.079014239832759,0.0084297987486934,12581888,0,0.001,32000000,750.7083509750664,3,10000,9221632,2.7479786610121543e-06,nan,6.981847988522639e-06,2.155033615365e-05,0.0002243721356419,2.155033615365e-05,0.0003506184109297,1.0,0.0005766505215909,0.0188233017445428,0.4656093105212446,0.4686881199261272,0.018068532916856,"[0.8781118814390889, 0.0012898833317726301, -14.546132931052501]",0.0034442250775497
lorenz_ad__d5__m1__n0,lorenz_ad,known_form_hidden_parameters,5,1,0.0,21.6301077786905,21.6301077786905,0.0,8.063763324721776,8.063763324721776,8.001678384346654,0.0,1.1694703212596602,0.98355745524168,0.0076840426190756,12581888,0,0.001,32000000,704.9680980890989,3,10000,9221632,2.3510369023624477e-05,nan,0.0001358193746461,0.000415245612618,0.0051212671177636,0.000415245612618,0.0071954056687747,1.0,9.427215652824116e-05,0.0133153671290091,0.3477431035093454,0.3618318044431646,0.0196719248894578,"[0.8839666774230461, 0.008671218191868526, -14.5596836528361]",0.0025712086846201
lorenz_ad__d5__m2__n0,lorenz_ad,known_form_hidden_parameters,5,2,0.0,21.6301077786905,21.6301077786905,0.0,6.686191268398398,6.686191268398398,6.732005672675211,0.0,1.2812892570797307,0.998487675562501,0.007800684965332,12581888,0,0.001,32000000,693.4332666154951,3,10000,9221632,6.326711770863783e-05,nan,0.0004655354583006,0.0013791276691909,0.0162188030364181,0.0013791276691909,0.0242698963793354,1.0,0.0003363862420351,0.00611264044805,0.150692754907101,0.1586123672051742,0.0119434686744081,"[0.965178594789765, -0.06444189993876055, -14.56661740708271]",0.0058520722550469
lorenz_ad_tapered__d5__m0__n0,lorenz_ad_tapered,known_form_hidden_parameters,5,0,0.0,21.6301077786905,21.6301077786905,0.0,9.545238453672944,9.545238453672944,9.609321530060138,0.0,1.036633482352238,1.11655705422163,0.0087231019861064,12581888,0,0.001,32000000,729.8535273261368,3,10000,9221632,3.220383086168972e-05,nan,9.740869383997548e-05,0.0002139076002702,0.0010805726925751,0.0002139076002702,0.0016268845899994,1.0,0.0005405893167869,0.0056436445936876,0.1281940304844704,0.1311872506450029,0.0525313843176712,"[0.9257137202172875, -0.04154800294558716, -14.551792349026844]",0.003715360322073
lorenz_ad_tapered__d5__m1__n0,lorenz_ad_tapered,known_form_hidden_parameters,5,1,0.0,21.6301077786905,21.6301077786905,0.0,11.331500686465656,11.331500686465656,11.12562131522172,0.0,0.8390189027047155,0.982692651450634,0.007677286339458,12581888,0,0.001,32000000,674.6189372632653,3,10000,9221632,3.969051811245188e-06,nan,8.064933622340827e-06,1.981506353703803e-05,0.0001896105457554,1.981506353703803e-05,0.0002811018339993,1.0,0.0010550089541017,0.0110980108063142,0.2703821609605383,0.2756105034529489,0.0326150659637341,"[0.9509006439215327, -0.04793696195230912, -14.5697422859304]",0.0043471652669313
lorenz_ad_tapered__d5__m2__n0,lorenz_ad_tapered,known_form_hidden_parameters,5,2,0.0,21.6301077786905,21.6301077786905,0.0,6.194721171428903,6.194721171428903,6.037796132480752,0.0,1.3218927969143746,1.1603418588638306,0.0090651707723736,12581888,0,0.001,32000000,707.0624117590487,3,10000,9221632,9.486589095648392e-05,nan,0.0008859783809979,0.0027318220226308,0.0259910864374727,0.0027318220226308,0.0398979154011338,1.0,0.0002619401162848,0.0075882900047794,0.1538323811940771,0.1608843850199994,0.0785992167114906,"[0.9641899355453728, -0.06460620240466998, -14.566941149062314]",0.0058161972968118
node_soft_dtw__d5__m0__n0,node_soft_dtw,state_only_dynamics,5,0,0.0,21.6301077786905,21.6301077786905,0.0,1.889665771417482,1.889665771417482,1.8999418994795712,0.0,1.759254385394925,27.698381131514907,0.2163936025899602,12581888,0,0.001,25600000,1233.769416557625,33923,5000,30950400,nan,nan,0.0466121660693221,0.1760546308436049,0.72784691342622,0.1760546308436049,1.046593282952922,1.0,0.0046371056323868,0.0657372682604137,1.6512558084348394,1.6628749933908278,0.2642279991054256,"[0.9157990416741543, -0.013358010570725734, -13.249692091885327]",0.0911921550097197
node_soft_dtw__d5__m1__n0,node_soft_dtw,state_only_dynamics,5,1,0.0,21.6301077786905,21.6301077786905,0.0,1.1181711847560625,1.1181711847560625,0.9728067898777611,0.0,1.8268880670562448,16.575477864593267,0.1294959208171349,12581888,0,0.001,25600000,1250.840719686821,33923,5000,30950400,nan,nan,0.2584407493957912,0.6610152478064817,1.0218225037525714,0.6610152478064817,1.242508405232022,1.0,0.0831638703573991,0.4016124910793081,5.539159797733975,5.419165931565491,1.8327510210929268,"[0.10825001429396687, -0.04472495122399161, -13.34743311152712]",0.1009300635196955
node_soft_dtw__d5__m2__n0,node_soft_dtw,state_only_dynamics,5,2,0.0,21.6301077786905,21.6301077786905,0.0,2.6480297499995658,2.6480297499995658,2.6352559519223857,0.0,1.6421048728821326,17.01106039993465,0.1328989093744894,12581888,0,0.001,25600000,1149.059466663748,33923,5000,30950400,nan,nan,0.0350671783693197,0.0905663042441023,0.4946325525521194,0.0905663042441023,0.7542666446196696,1.0,0.0031556618573245,0.0401432457317989,0.7521605924143175,0.761339568294715,0.3013076408707933,"[1.2379507474306328, -0.1551922033585341, -12.406427515548229]",0.1509329587271096
node_strong__d5__m0__n0,node_strong,state_only_dynamics,5,0,0.0,21.6301077786905,21.6301077786905,0.0,2.3448839721679398,2.3448839721679398,2.269882509714776,0.0,1.7135816436570532,17.039123063907027,0.1331181489367736,12581888,0,0.001,6560000,14.32258359901607,33923,5000,25560064,nan,nan,0.038947416178445,0.1318269506730123,0.6031741833525919,0.1318269506730123,0.937479510818778,1.0,0.0003756246707136,0.0182532500201958,0.4734182864630025,0.4898019661677991,0.2836364670752548,"[0.8593056134513098, -0.003095079982257177, -9.574952996790353]",0.3427189252580467
node_strong__d5__m1__n0,node_strong,state_only_dynamics,5,1,0.0,21.6301077786905,21.6301077786905,0.0,2.924985673672952,2.924985673672952,2.7677038247226444,0.0,1.6536445754461693,16.685980908572674,0.130359225848224,12581888,0,0.001,6560000,13.176038168370724,33923,5000,25560064,nan,nan,0.0255914369265537,0.0690772324216723,0.4558834539632003,0.0690772324216723,0.6910677686568576,1.0,0.0013885743869872,0.0342111344761937,0.8708733924630745,0.8831424341331178,0.1027710681505583,"[0.9203491652408119, -0.059514517433689296, -9.31872271623369]",0.360260887166286
node_strong__d5__m2__n0,node_strong,state_only_dynamics,5,2,0.0,21.6301077786905,21.6301077786905,0.0,2.2496157015923224,2.2496157015923224,2.22877799746642,0.0,1.7177925450192508,17.062896555289626,0.1333038793382002,12581888,0,0.001,6560000,12.601107025519012,33923,5000,25560064,nan,nan,0.0359836417841353,0.1245746551613159,0.6006161484934394,0.1245746551613159,0.9291858965369504,1.0,0.0005552396673393,0.0247315935041945,0.5946416656560856,0.5965270630679393,0.3148819371171913,"[0.8972438080876239, -0.08352791445040728, -8.958774302780311]",0.3849182474322506
node_weak__d5__m0__n0,node_weak,state_only_dynamics,5,0,0.0,21.6301077786905,21.6301077786905,0.0,1.858052405226472,1.858052405226472,1.936479243700332,0.0,1.7906253870368964,17.115881921723485,0.1337178275134647,12581888,0,0.001,6560000,17.461657658219337,33923,5000,24168448,nan,nan,0.0429245237121563,0.1680835550455866,0.7566935616425459,0.1680835550455866,1.1243346038953703,1.0,0.0086212554261135,0.0838289330767319,2.226018498557416,2.185605706264964,0.1377690811881695,"[0.9639975825559334, -0.026078338492525853, -8.822879836329736]",0.3941932233374415
node_weak__d5__m1__n0,node_weak,state_only_dynamics,5,1,0.0,21.6301077786905,21.6301077786905,0.0,2.423881706645249,2.423881706645249,2.306419853935537,0.0,1.7026670229645475,16.77495753020048,0.1310543557046912,12581888,0,0.001,6560000,18.098218334838748,33923,5000,24168448,nan,nan,0.0439109315234518,0.119063622972005,0.5661920806195341,0.119063622972005,0.8470086923264211,1.0,0.0006243963728005,0.0240940060103949,0.4663583906491291,0.4433549133255457,0.1260411000077649,"[0.9368218847249611, -0.02374805136984157, -9.297158863721945]",0.3617197781499439
node_weak__d5__m2__n0,node_weak,state_only_dynamics,5,2,0.0,21.6301077786905,21.6301077786905,0.0,2.2633885676755394,2.2633885676755394,2.036956940307425,0.0,1.7193962231054067,17.1914197281003,0.1343079666257836,12581888,0,0.001,6560000,17.496620124205947,33923,5000,24168448,nan,nan,0.0618618156148006,0.1769494008150315,0.6652037594215201,0.1769494008150315,0.9691358451154856,1.0,0.0017594106701375,0.0291939650348479,0.6292498240832249,0.6356449675207175,0.1203778747526689,"[0.849220299166808, -0.022069156943023513, -8.816378656637038]",0.3946462291980561
pinn_strong__d5__m0__n0,pinn_strong,known_physics_forward_surrogate,5,0,0.0,5.005616158244255,5.005616158244255,0.0,0.2800244896919259,0.2800244896919259,0.2329255694073512,0.0,3.853321566663439,0.0559736639261245,0.0004372942494228,0,70272,nan,2560000,37.58581885136664,34051,5000,24099840,nan,nan,1.1555584654178026,1.4901786659564955,1.7962198485920295,1.4901786659564955,2.01328957199937,nan,nan,nan,nan,nan,nan,nan,nan
pinn_strong__d5__m1__n0,pinn_strong,known_physics_forward_surrogate,5,1,0.0,5.005616158244255,5.005616158244255,0.0,0.2663229856091406,0.2663229856091406,0.2055225612417805,0.0,3.923558252747549,0.0676771681755781,0.0005287278763717,0,70272,nan,2560000,34.98402286320925,34051,5000,24099840,nan,nan,1.1371247173901515,1.486751680338311,1.8328304391305623,1.486751680338311,2.0724001968053427,nan,nan,nan,nan,nan,nan,nan,nan
pinn_strong__d5__m2__n0,pinn_strong,known_physics_forward_surrogate,5,2,0.0,5.005616158244255,5.005616158244255,0.0,0.266108899607847,0.266108899607847,0.2055225612417805,0.0,3.3842383023332565,0.0560009516775608,0.0004375074349809,0,70272,nan,2560000,38.65324806421995,34051,5000,24099840,nan,nan,1.1620702252206834,1.4851896813055705,1.7058221259205406,1.4851896813055705,1.8395845129249475,nan,nan,nan,nan,nan,nan,nan,nan
pinn_weak__d5__m0__n0,pinn_weak,known_physics_forward_surrogate,5,0,0.0,5.005616158244255,5.005616158244255,0.0,0.1824726351025113,0.1824726351025113,0.1187463687174732,0.0,6.218975592540387,0.0621260832995176,0.0004853600257774,0,70272,nan,2560000,22.191684054210786,34051,5000,19458560,nan,nan,1.1929052441803962,1.5024846582200817,2.289713833385687,1.5024846582200817,2.8089012107921767,nan,nan,nan,nan,nan,nan,nan,nan
pinn_weak__d5__m1__n0,pinn_weak,known_physics_forward_surrogate,5,1,0.0,5.005616158244255,5.005616158244255,0.0,0.1794754310844021,0.1794754310844021,0.1187463687174732,0.0,5.048196598704135,0.0622030198574066,0.0004859610926359,0,70272,nan,2560000,21.612681332975622,34051,5000,19458560,nan,nan,1.1999919698996582,1.5054049216906185,2.0803769648272312,1.5054049216906185,2.453442357578738,nan,nan,nan,nan,nan,nan,nan,nan
pinn_weak__d5__m2__n0,pinn_weak,known_physics_forward_surrogate,5,2,0.0,5.005616158244255,5.005616158244255,0.0,0.1821871871007866,0.1821871871007866,0.1187463687174732,0.0,6.183097470856445,0.0626266784965992,0.0004892709257546,0,70272,nan,2560000,22.328471831977367,34051,5000,19458560,nan,nan,1.1916168771246525,1.4975111502833915,2.285498312053013,1.4975111502833915,2.810983984917966,nan,nan,nan,nan,nan,nan,nan,nan
pinn_weak_tapered__d5__m0__n0,pinn_weak_tapered,known_physics_forward_surrogate,5,0,0.0,5.005616158244255,5.005616158244255,0.0,0.152357870920556,0.152357870920556,0.1278807047726634,0.0,3.76489816626,0.0607995502650737,0.0004749964864458,0,70272,nan,2560000,28.30418529175222,34051,5000,19458560,nan,nan,1.1459905088523863,1.4369699473463184,1.797689539601934,1.4369699473463184,2.03887792109367,nan,nan,nan,nan,nan,nan,nan,nan
pinn_weak_tapered__d5__m1__n0,pinn_weak_tapered,known_physics_forward_surrogate,5,1,0.0,5.005616158244255,5.005616158244255,0.0,0.147005720888218,0.147005720888218,0.1278807047726634,0.0,4.862008585176581,0.0622772946953773,0.0004865413648076,0,70272,nan,2560000,28.80026921071112,34051,5000,19458560,nan,nan,1.1541971259090371,1.4631418087630752,2.0258109205199464,1.4631418087630752,2.4035686252829125,nan,nan,nan,nan,nan,nan,nan,nan
pinn_weak_tapered__d5__m2__n0,pinn_weak_tapered,known_physics_forward_surrogate,5,2,0.0,5.005616158244255,5.005616158244255,0.0,0.1652030309981673,0.1652030309981673,0.1278807047726634,0.0,4.952347079880718,0.0622364114969968,0.0004862219648202,0,70272,nan,2560000,28.20671690069139,34051,5000,19458560,nan,nan,1.160097288932095,1.472165002698418,2.054539342432814,1.472165002698418,2.4564561299176457,nan,nan,nan,nan,nan,nan,nan,nan
sindy_strong__d5__m0__n0,sindy_strong,state_only_dynamics,5,0,0.0,21.6301077786905,21.6301077786905,0.0,8.284914164057984,8.284914164057984,8.325947314305909,0.0,1.1473630294829749,12.515312826260924,0.0977758814551634,12581888,0,0.001,0,1.011320909485221,60,1,0,nan,0.0006092077462251,7.964605397631736e-05,0.0001775908729322,0.0031736538018509,0.0001775908729322,0.0047132255897114,1.0,0.000545767485222,0.0026377991996228,0.0478941337349694,0.0493699786457931,0.0782309930737976,"[0.9385648814348098, -0.04510067085888812, -14.555636634156196]",0.0040672762575033
sindy_strong__d5__m1__n0,sindy_strong,state_only_dynamics,5,1,0.0,21.6301077786905,21.6301077786905,0.0,8.284914164057984,8.284914164057984,8.325947314305909,0.0,1.1473630294829749,12.843267166987062,0.1003380247420864,12581888,0,0.001,0,1.00761650595814,60,1,0,nan,0.0006092077462251,7.964605397631736e-05,0.0001775908729322,0.0031736538018509,0.0001775908729322,0.0047132255897114,1.0,0.000545767485222,0.0026377991996228,0.0478941337349694,0.0493699786457931,0.0782309930737976,"[0.9385648814348098, -0.04510067085888812, -14.555636634156196]",0.0040672762575033
sindy_strong__d5__m2__n0,sindy_strong,state_only_dynamics,5,2,0.0,21.6301077786905,21.6301077786905,0.0,8.284914164057984,8.284914164057984,8.325947314305909,0.0,1.1473630294829749,12.659309154376388,0.0989008527685655,12581888,0,0.001,0,1.0743033904582262,60,1,0,nan,0.0006092077462251,7.964605397631736e-05,0.0001775908729322,0.0031736538018509,0.0001775908729322,0.0047132255897114,1.0,0.000545767485222,0.0026377991996228,0.0478941337349694,0.0493699786457931,0.0782309930737976,"[0.9385648814348098, -0.04510067085888812, -14.555636634156196]",0.0040672762575033
sindy_weak__d5__m0__n0,sindy_weak,state_only_dynamics,5,0,0.0,21.6301077786905,21.6301077786905,0.0,7.006678012334799,7.006678012334799,6.946662569972181,0.0,1.2298797128016712,5.55525959096849,0.0434004655544413,12581888,0,0.001,0,1.2259264290332794,30,1,0,nan,0.00043595388902,0.0004260121296692,0.0011546412308236,0.0113989892786998,0.0011546412308236,0.0178944501925513,1.0,0.0007083361231439,0.0111593391482253,0.2742225135943475,0.2767508440932382,0.0243694138748861,"[0.9554310933783662, -0.03962677898817156, -14.58361492696777]",0.0040425317006573
sindy_weak__d5__m1__n0,sindy_weak,state_only_dynamics,5,1,0.0,21.6301077786905,21.6301077786905,0.0,7.006678012334799,7.006678012334799,6.946662569972181,0.0,1.2298797128016712,5.723728256300092,0.0447166270023444,12581888,0,0.001,0,1.2284165592864156,30,1,0,nan,0.00043595388902,0.0004260121296692,0.0011546412308236,0.0113989892786998,0.0011546412308236,0.0178944501925513,1.0,0.0007083361231439,0.0111593391482253,0.2742225135943475,0.2767508440932382,0.0243694138748861,"[0.9554310933783662, -0.03962677898817156, -14.58361492696777]",0.0040425317006573
sindy_weak__d5__m2__n0,sindy_weak,state_only_dynamics,5,2,0.0,21.6301077786905,21.6301077786905,0.0,7.006678012334799,7.006678012334799,6.946662569972181,0.0,1.2298797128016712,5.263416903093457,0.0411204445554176,12581888,0,0.001,0,1.2288180375471711,30,1,0,nan,0.00043595388902,0.0004260121296692,0.0011546412308236,0.0113989892786998,0.0011546412308236,0.0178944501925513,1.0,0.0007083361231439,0.0111593391482253,0.2742225135943475,0.2767508440932382,0.0243694138748861,"[0.9554310933783662, -0.03962677898817156, -14.58361492696777]",0.0040425317006573
sindy_weak_weighted__d5__m0__n0,sindy_weak_weighted,state_only_dynamics,5,0,0.0,21.6301077786905,21.6301077786905,0.0,6.971211098120506,6.971211098120506,6.978632746165348,0.0,1.243439218795284,5.318818549625576,0.0415532699189498,12581888,0,0.001,0,1.0965336300432682,30,1,0,nan,0.000418772739218,0.0004219347957923,0.0011697758612302,0.0115991552881562,0.0011697758612302,0.0182939259112706,1.0,0.0007374769204731,0.0113314668371854,0.2573255983326815,0.26090449564029,0.0169065818257436,"[0.9429525904125498, -0.05240143446581642, -14.558260314574937]",0.0045291872294839
sindy_weak_weighted__d5__m1__n0,sindy_weak_weighted,state_only_dynamics,5,1,0.0,21.6301077786905,21.6301077786905,0.0,6.971211098120506,6.971211098120506,6.978632746165348,0.0,1.243439218795284,5.228123185224831,0.0408447123845689,12581888,0,0.001,0,1.0880501782521603,30,1,0,nan,0.000418772739218,0.0004219347957923,0.0011697758612302,0.0115991552881562,0.0011697758612302,0.0182939259112706,1.0,0.0007374769204731,0.0113314668371854,0.2573255983326815,0.26090449564029,0.0169065818257436,"[0.9429525904125498, -0.05240143446581642, -14.558260314574937]",0.0045291872294839
sindy_weak_weighted__d5__m2__n0,sindy_weak_weighted,state_only_dynamics,5,2,0.0,21.6301077786905,21.6301077786905,0.0,6.971211098120506,6.971211098120506,6.978632746165348,0.0,1.243439218795284,5.206822134554386,0.0406782979262061,12581888,0,0.001,0,1.0834346981719136,30,1,0,nan,0.000418772739218,0.0004219347957923,0.0011697758612302,0.0115991552881562,0.0011697758612302,0.0182939259112706,1.0,0.0007374769204731,0.0113314668371854,0.2573255983326815,0.26090449564029,0.0169065818257436,"[0.9429525904125498, -0.05240143446581642, -14.558260314574937]",0.0045291872294839
sindy_weighted__d5__m0__n0,sindy_weighted,state_only_dynamics,5,0,0.0,21.6301077786905,21.6301077786905,0.0,8.289267246084286,8.289267246084286,8.325947314305909,0.0,1.1455957262776657,12.639512917026876,0.0987461946642724,12581888,0,0.001,0,1.0730182137340307,60,1,0,nan,0.0006086818517369,7.648793506287308e-05,0.0001807614771078,0.0030337420628458,0.0001807614771078,0.0047676760608618,1.0,0.0002723244892117,0.0062045403469372,0.1606995013241543,0.1660549078887078,0.0410846092066055,"[0.9239657401531534, -0.03842044161279709, -14.547644327063532]",0.0036937910345024
sindy_weighted__d5__m1__n0,sindy_weighted,state_only_dynamics,5,1,0.0,21.6301077786905,21.6301077786905,0.0,8.289267246084286,8.289267246084286,8.325947314305909,0.0,1.1455957262776657,12.918305503204463,0.1009242617437848,12581888,0,0.001,0,1.0927757062017918,60,1,0,nan,0.0006086818517369,7.648793506287308e-05,0.0001807614771078,0.0030337420628458,0.0001807614771078,0.0047676760608618,1.0,0.0002723244892117,0.0062045403469372,0.1606995013241543,0.1660549078887078,0.0410846092066055,"[0.9239657401531534, -0.03842044161279709, -14.547644327063532]",0.0036937910345024
sindy_weighted__d5__m2__n0,sindy_weighted,state_only_dynamics,5,2,0.0,21.6301077786905,21.6301077786905,0.0,8.289267246084286,8.289267246084286,8.325947314305909,0.0,1.1455957262776657,12.316364102065563,0.0962215945473872,12581888,0,0.001,0,1.1013851165771484,60,1,0,nan,0.0006086818517369,7.648793506287308e-05,0.0001807614771078,0.0030337420628458,0.0001807614771078,0.0047676760608618,1.0,0.0002723244892117,0.0062045403469372,0.1606995013241543,0.1660549078887078,0.0410846092066055,"[0.9239657401531534, -0.03842044161279709, -14.547644327063532]",0.0036937910345024
solver_oracle__d5__m0__n0,solver_oracle,known_physics_forward_surrogate,5,0,0.0,5.005616158244255,21.6301077786905,1.0,21.6301077786905,5.005616158244253,5.005616158244255,1.0,5.549298238204288e-23,9.83673805743456,0.0768495160737074,121699328,0,0.0001,0,0.0,0,0,0,nan,nan,4.679944733520013e-14,8.657706422025792e-14,6.11022890694164e-13,8.657706422025792e-14,9.393505170464972e-13,1.0,0.000701776902374,5.611956093461305e-07,2.714083624271584e-05,4.003487024977309e-05,4.362745533336176e-05,"[0.920259237639086, -0.0379341908831268, -14.548985465079177]",0.0035689446559648
solver_oracle__d5__m1__n0,solver_oracle,known_physics_forward_surrogate,5,1,0.0,5.005616158244255,21.6301077786905,1.0,21.6301077786905,5.005616158244253,5.005616158244255,1.0,5.549298238204288e-23,10.434720097109675,0.0815212507586693,121699328,0,0.0001,0,0.0,0,0,0,nan,nan,4.679944733520013e-14,8.657706422025792e-14,6.11022890694164e-13,8.657706422025792e-14,9.393505170464972e-13,1.0,0.000701776902374,5.611956093461305e-07,2.714083624271584e-05,4.003487024977309e-05,4.362745533336176e-05,"[0.920259237639086, -0.0379341908831268, -14.548985465079177]",0.0035689446559648
solver_oracle__d5__m2__n0,solver_oracle,known_physics_forward_surrogate,5,2,0.0,5.005616158244255,21.6301077786905,1.0,21.6301077786905,5.005616158244253,5.005616158244255,1.0,5.549298238204288e-23,9.904438199475408,0.0773784234334016,121699328,0,0.0001,0,0.0,0,0,0,nan,nan,4.679944733520013e-14,8.657706422025792e-14,6.11022890694164e-13,8.657706422025792e-14,9.393505170464972e-13,1.0,0.000701776902374,5.611956093461305e-07,2.714083624271584e-05,4.003487024977309e-05,4.362745533336176e-05,"[0.920259237639086, -0.0379341908831268, -14.548985465079177]",0.0035689446559648
lorenz_ad__d1__m0__n0.001,lorenz_ad,known_form_hidden_parameters,1,0,0.001,21.520495746028217,21.520495746028217,0.0,6.407736742715957,6.407736742715957,6.375766566522791,0.0,1.3096285978494049,1.0573494210839272,0.0082605423522181,12516864,0,0.001,32000000,705.0315325018018,3,10000,9221632,0.0003581963643666,nan,0.0013540023740383,0.0028954308961071,0.01784906009926,0.0028954308961071,0.0266131701925657,1.0,0.0009378358196494,0.0141165045080496,0.3224355429474671,0.3236699862207434,0.0582253710390345,"[0.9765426327695512, -0.014459293344184228, -14.638516605136898]",0.0059063563640448
lorenz_ad__d1__m1__n0.001,lorenz_ad,known_form_hidden_parameters,1,1,0.001,21.520495746028217,21.520495746028217,0.0,7.655073148252444,7.655073148252444,7.83726033535323,0.0,1.205630400019094,1.187655871734023,0.009278561497922,12516864,0,0.001,32000000,738.0451885275543,3,10000,9221632,0.0001310287876387,nan,0.0002316102675584,0.000565116830442,0.0058708529422144,0.000565116830442,0.0086353137834876,1.0,0.0003354596786551,0.0086587422596694,0.1810280323161697,0.1852852115677938,0.0533005677893122,"[0.97656128832121, -0.012010208761448234, -14.627462677542333]",0.0054097780061168
lorenz_ad__d1__m2__n0.001,lorenz_ad,known_form_hidden_parameters,1,2,0.001,21.520495746028217,21.520495746028217,0.0,5.505792419266352,5.505792419266352,5.444064288893387,0.0,1.3958076156730417,1.402193007990718,0.0109546328749274,12516864,0,0.001,32000000,701.3012850023806,3,10000,9221632,0.0002113597287754,nan,0.0014991803435051,0.0046308770610345,0.0471824806552516,0.0046308770610345,0.0708839056190202,1.0,0.0004454954827559,0.0026308002903949,0.0323421152264847,0.0414988013464646,0.0593630898332329,"[0.9481069400134796, 0.003988388282311651, -14.625117609648841]",0.0037912993665158
lorenz_ad_tapered__d1__m0__n0.001,lorenz_ad_tapered,known_form_hidden_parameters,1,0,0.001,21.520495746028217,21.520495746028217,0.0,7.038933636529689,7.038933636529689,7.074543274744846,0.0,1.2398871252651122,1.1134142559021711,0.0086985488742357,12516864,0,0.001,32000000,728.7010663226247,3,10000,9221632,0.0005516718099086,nan,0.0014300593805004,0.0030776191789958,0.0113210243579725,0.0030776191789958,0.0159968391340656,1.0,0.0004181177403501,0.004093237577529,0.0349934950268564,0.0387583929450555,0.0486157185548257,"[0.9716389998992114, -0.001530199981529396, -14.653993356943415]",0.0063422945772553
lorenz_ad_tapered__d1__m1__n0.001,lorenz_ad_tapered,known_form_hidden_parameters,1,1,0.001,21.520495746028217,21.520495746028217,0.0,5.685196488350321,5.685196488350321,5.75919888279745,0.0,1.3989304720557774,1.0724500510841608,0.008378516024095,12516864,0,0.001,32000000,696.6956179458648,3,10000,9221632,0.0002290823508618,nan,0.0011211893272358,0.0030943282594834,0.0345567007141957,0.0030943282594834,0.0532870820565871,1.0,0.0007087299993133,0.0150799932555751,0.3358218910967225,0.3385338138777362,0.0196802842662686,"[0.9491906294373216, -0.02027765717760181, -14.591637080443554]",0.0029538359673141
lorenz_ad_tapered__d1__m2__n0.001,lorenz_ad_tapered,known_form_hidden_parameters,1,2,0.001,21.520495746028217,21.520495746028217,0.0,6.51920418738945,6.51920418738945,6.453408422991909,0.0,1.263313014720827,1.2930694241076708,0.0101021048758411,12516864,0,0.001,32000000,687.7328313123435,3,10000,9221632,0.0002690839672893,nan,0.000864859778715,0.0019329397719786,0.0142224618180908,0.0019329397719786,0.0214717742435957,1.0,0.0010316512530772,0.017480875007144,0.4261433097156936,0.4327953916766006,0.0366447636857985,"[0.9610810572813122, -0.0011524555088051466, -14.619434919365396]",0.0041536832416098
node_soft_dtw__d1__m0__n0.001,node_soft_dtw,state_only_dynamics,1,0,0.001,21.520495746028217,21.520495746028217,0.0,1.382924206355717,1.382924206355717,1.2879413837818243,0.0,1.7981419565776429,19.500166803598404,0.1523450531531125,12516864,0,0.001,25600000,1197.4966459944844,33923,5000,30950400,nan,nan,0.112685113804261,0.3995093856237839,0.8791968159203853,0.3995093856237839,1.2001134613165791,1.0,0.0255208971284017,0.1739284806087843,3.003352441330337,3.0690717833360366,0.1860525312859021,"[0.9487386274319389, -0.0801936333229048, -14.038553143287967]",0.0376927505459792
node_soft_dtw__d1__m1__n0.001,node_soft_dtw,state_only_dynamics,1,1,0.001,21.520495746028217,21.520495746028217,0.0,2.583447139609353,2.583447139609353,2.2790168457699664,0.0,1.6568169758571707,16.501896679401398,0.1289210678078234,12516864,0,0.001,25600000,1228.0389875154942,33923,5000,30950400,nan,nan,0.0324220489309992,0.106429348446063,0.6113369370343515,0.106429348446063,0.9086035190508672,1.0,0.0023051649575125,0.0430266151646698,0.9532315887738748,0.993665835956057,0.2867016120717152,"[0.9470093237951452, 0.0019405850157640774, -11.608886853672855]",0.203501784103328
node_soft_dtw__d1__m2__n0.001,node_soft_dtw,state_only_dynamics,1,2,0.001,21.520495746028217,21.520495746028217,0.0,2.799459914914517,2.799459914914517,2.804241168943405,0.0,1.6382505815262134,30.81077403575182,0.2407091721543111,12516864,0,0.001,25600000,1262.475753961131,33923,5000,30950400,nan,nan,0.0296195250140233,0.065842086842005,0.4480400655296676,0.065842086842005,0.7025223046482147,1.0,0.0002581766024478,0.0369211749469027,0.2192192235481525,0.2346845473892236,0.3987350958130798,"[0.9544101264462956, -0.03698999797731666, -12.729180654535526]",0.1268706668449405
node_strong__d1__m0__n0.001,node_strong,state_only_dynamics,1,0,0.001,21.520495746028217,21.520495746028217,0.0,2.4816135649940687,2.4816135649940687,2.3018526859079422,0.0,1.660694169170762,19.115847144275904,0.1493425558146555,12516864,0,0.001,6560000,10.137429855763912,33923,5000,25560064,nan,nan,0.0434392993050859,0.1006578069126888,0.563022088869503,0.1006578069126888,0.8532281727815916,1.0,0.0025170631991313,0.0404808134686452,0.8861709164571893,0.912644228724052,0.120112749497935,"[0.9048178903495864, 0.03252046531360494, -9.390929173112491]",0.3553006832374423
node_strong__d1__m1__n0.001,node_strong,state_only_dynamics,1,1,0.001,21.520495746028217,21.520495746028217,0.0,2.4560659688397086,2.4560659688397086,2.3201213580183224,0.0,1.6835246103217143,16.613464511930943,0.1297926914994605,12516864,0,0.001,6560000,10.59855635277927,33923,5000,25560064,nan,nan,0.0422085555280418,0.1040404856173622,0.5466206654597765,0.1040404856173622,0.8339693555004766,1.0,0.0013464571040855,0.0220869992955093,0.4993391269337403,0.5603090411764922,0.1363564371148336,"[0.8041514116406185, 0.02934168053247847, -9.418598988537907]",0.3534843217672144
node_strong__d1__m2__n0.001,node_strong,state_only_dynamics,1,2,0.001,21.520495746028217,21.520495746028217,0.0,2.4942446390703865,2.4942446390703865,2.2881511818251568,0.0,1.6897057161029352,19.46706224419177,0.1520864237827481,12516864,0,0.001,6560000,10.115885224193336,33923,5000,25560064,nan,nan,0.0460545066374006,0.1039648108274747,0.5977688807036405,0.1039648108274747,0.8723738136357724,1.0,0.0052002410425471,0.0348641104418942,1.1814019922409082,1.1980135664715543,0.1867349027614347,"[0.8947030101837139, 0.04983851350945574, -9.084902579578639]",0.3762560961418525
node_weak__d1__m0__n0.001,node_weak,state_only_dynamics,1,0,0.001,21.520495746028217,21.520495746028217,0.0,2.785401600829576,2.785401600829576,2.6946291362811223,0.0,1.6798975688964266,19.11734414473176,0.1493542511307168,12516864,0,0.001,6560000,16.305231109261513,33923,5000,24168448,nan,nan,0.0193342426969181,0.0666642598341006,0.4968353881559868,0.0666642598341006,0.772200118873613,1.0,0.0018073684874926,0.0234140815253409,0.6802273072665489,0.7131132408069305,0.0459066457105854,"[0.8453593589505001, 0.012765720111468313, -8.99555281501537]",0.3823841290766422
node_weak__d1__m1__n0.001,node_weak,state_only_dynamics,1,1,0.001,21.520495746028217,21.520495746028217,0.0,1.402406032473427,1.402406032473427,1.1691950150643513,0.0,1.8463892986326167,16.7690232694149,0.1310079942923039,12516864,0,0.001,6560000,14.97970785945654,33923,5000,24168448,nan,nan,0.1478016273890376,0.5577048994570685,1.019686272959171,0.5577048994570685,1.3043480658490174,1.0,0.0122697912899898,0.1219993557967462,2.1172192866773694,2.208776107637714,0.382857000877143,"[0.6508825740445618, 0.020333927724275752, -9.76716897169699]",0.3300347697354653
node_weak__d1__m2__n0.001,node_weak,state_only_dynamics,1,2,0.001,21.520495746028217,21.520495746028217,0.0,2.375855080355069,2.375855080355069,2.3429571981562978,0.0,1.69535384381207,19.49976008757949,0.1523418756842147,12516864,0,0.001,6560000,15.300147116184236,33923,5000,24168448,nan,nan,0.0247274804350426,0.0896336857457388,0.5766255464410922,0.0896336857457388,0.8736240759906566,1.0,0.0021276343822729,0.0167894347273393,0.4678851321377896,0.4383366167529859,0.047765348454986,"[1.0943869736368559, -0.045648931742841896, -8.881238153092493]",0.3903891952722789
pinn_strong__d1__m0__n0.001,pinn_strong,known_physics_forward_surrogate,1,0,0.001,5.005616158244255,5.005616158244255,0.0,0.2470552454927236,0.2470552454927236,0.2009553932141854,0.0,3.361086824222251,0.0736124515533447,0.0005750972777605,0,70272,nan,2560000,33.20481384545565,34051,5000,24099840,nan,nan,1.1689354064752124,1.4861080816105043,1.700361985066277,1.4861080816105043,1.8227870910352904,nan,nan,nan,nan,nan,nan,nan,nan
pinn_strong__d1__m1__n0.001,pinn_strong,known_physics_forward_surrogate,1,1,0.001,5.005616158244255,5.005616158244255,0.0,0.248411123500916,0.248411123500916,0.2009553932141854,0.0,3.8636782609662537,0.065740929916501,0.0005136010149726,0,70272,nan,2560000,35.88152412511408,34051,5000,24099840,nan,nan,1.1707273205120845,1.4886023436386435,1.8288358489137135,1.4886023436386435,2.0516123268987023,nan,nan,nan,nan,nan,nan,nan,nan
pinn_strong__d1__m2__n0.001,pinn_strong,known_physics_forward_surrogate,1,2,0.001,5.005616158244255,5.005616158244255,0.0,0.2486965715026407,0.2486965715026407,0.2009553932141854,0.0,3.6890052460922735,0.0606731809675693,0.0004740092263091,0,70272,nan,2560000,36.3317208904773,34051,5000,24099840,nan,nan,1.1763624402019353,1.4961725759343865,1.7970445889050102,1.4961725759343865,2.0027476688834183,nan,nan,nan,nan,nan,nan,nan,nan
pinn_weak__d1__m0__n0.001,pinn_weak,known_physics_forward_surrogate,1,0,0.001,5.005616158244255,5.005616158244255,0.0,0.1893947491443352,0.1893947491443352,0.1461493768830439,0.0,5.95176773388823,0.0669482536613941,0.0005230332317296,0,70272,nan,2560000,19.86854698136449,34051,5000,19458560,nan,nan,1.1527294611485672,1.5113873224396326,2.2354710653011844,1.5113873224396326,2.7364891951136503,nan,nan,nan,nan,nan,nan,nan,nan
pinn_weak__d1__m1__n0.001,pinn_weak,known_physics_forward_surrogate,1,1,0.001,5.005616158244255,5.005616158244255,0.0,0.1900370071482158,0.1900370071482158,0.150716544910639,0.0,5.160603990590387,0.055140234529972,0.0004307830822654,0,70272,nan,2560000,19.924319004639983,34051,5000,19458560,nan,nan,1.1612348162834163,1.51122304589575,2.094297063529724,1.51122304589575,2.485875208167422,nan,nan,nan,nan,nan,nan,nan,nan
pinn_weak__d1__m2__n0.001,pinn_weak,known_physics_forward_surrogate,1,2,0.001,5.005616158244255,5.005616158244255,0.0,0.1870398031301065,0.1870398031301065,0.150716544910639,0.0,5.538356841395532,0.0653360038995742,0.0005104375304654,0,70272,nan,2560000,20.039231035858396,34051,5000,19458560,nan,nan,1.148216525422586,1.504779036894737,2.168567400945744,1.504779036894737,2.6168368545138367,nan,nan,nan,nan,nan,nan,nan,nan
pinn_weak_tapered__d1__m0__n0.001,pinn_weak_tapered,known_physics_forward_surrogate,1,0,0.001,5.005616158244255,5.005616158244255,0.0,0.1734096610477523,0.1734096610477523,0.1461493768830439,0.0,3.16446655654116,0.0550017468631267,0.0004297011473681,0,70272,nan,2560000,23.212511703372,34051,5000,19458560,nan,nan,1.127830768509288,1.4552968682192438,1.645843481175298,1.4552968682192438,1.7767044603662838,nan,nan,nan,nan,nan,nan,nan,nan
pinn_weak_tapered__d1__m1__n0.001,pinn_weak_tapered,known_physics_forward_surrogate,1,1,0.001,5.005616158244255,5.005616158244255,0.0,0.1683429590171389,0.1683429590171389,0.1370150408278536,0.0,3.4538505766883114,0.0657356455922126,0.0005135597311891,0,70272,nan,2560000,22.591765923425555,34051,5000,19458560,nan,nan,1.1269129100361517,1.458790370831097,1.7090825298672063,1.458790370831097,1.9038812521516533,nan,nan,nan,nan,nan,nan,nan,nan
pinn_weak_tapered__d1__m2__n0.001,pinn_weak_tapered,known_physics_forward_surrogate,1,2,0.001,5.005616158244255,5.005616158244255,0.0,0.1601363289675539,0.1601363289675539,0.1370150408278536,0.0,3.3568212772284207,0.054955780506134,0.0004293420352041,0,70272,nan,2560000,24.24810012616217,34051,5000,19458560,nan,nan,1.1276730397717631,1.4445000948491598,1.6746751545460494,1.4445000948491598,1.8719959836192896,nan,nan,nan,nan,nan,nan,nan,nan
sindy_strong__d1__m0__n0.001,sindy_strong,state_only_dynamics,1,0,0.001,21.520495746028217,21.520495746028217,0.0,6.479669639150581,6.479669639150581,6.558453287626596,0.0,1.2939281909332354,12.324215672910212,0.096282934944611,12516864,0,0.001,0,1.0790904369205236,60,1,0,nan,0.0038081049339935,0.0004302124183305,0.0008278084934759,0.0121139740654807,0.0008278084934759,0.0194034413271052,1.0,0.0002571983784642,0.0129554057103458,0.2931130632479781,0.2932587123220482,0.0443684563493918,"[0.9614035650612968, -0.0018241736148580925, -14.568434939588847]",0.0034208039695978
sindy_strong__d1__m1__n0.001,sindy_strong,state_only_dynamics,1,1,0.001,21.520495746028217,21.520495746028217,0.0,6.479669639150581,6.479669639150581,6.558453287626596,0.0,1.2939281909332354,13.04859816469252,0.1019421731616603,12516864,0,0.001,0,1.0953980097547174,60,1,0,nan,0.0038081049339935,0.0004302124183305,0.0008278084934759,0.0121139740654807,0.0008278084934759,0.0194034413271052,1.0,0.0002571983784642,0.0129554057103458,0.2931130632479781,0.2932587123220482,0.0443684563493918,"[0.9614035650612968, -0.0018241736148580925, -14.568434939588847]",0.0034208039695978
sindy_strong__d1__m2__n0.001,sindy_strong,state_only_dynamics,1,2,0.001,21.520495746028217,21.520495746028217,0.0,6.479669639150581,6.479669639150581,6.558453287626596,0.0,1.2939281909332354,12.879157161340116,0.1006184153229696,12516864,0,0.001,0,1.1248889360576868,60,1,0,nan,0.0038081049339935,0.0004302124183305,0.0008278084934759,0.0121139740654807,0.0008278084934759,0.0194034413271052,1.0,0.0002571983784642,0.0129554057103458,0.2931130632479781,0.2932587123220482,0.0443684563493918,"[0.9614035650612968, -0.0018241736148580925, -14.568434939588847]",0.0034208039695978
sindy_weak__d1__m0__n0.001,sindy_weak,state_only_dynamics,1,0,0.001,21.520495746028217,21.520495746028217,0.0,6.776250112942538,6.776250112942538,6.636095144095713,0.0,1.2466147144706965,5.137217009440064,0.0401345078862505,12516864,0,0.001,0,1.2027050415053964,30,1,0,nan,0.0003426596981029,0.0003998036570449,0.0013063385512682,0.0131642080402449,0.0013063385512682,0.0209604152259957,1.0,0.0002930163560292,0.0046801218089245,0.0499134471534207,0.0504517449944341,0.0330331434194714,"[0.987598373570671, -0.019750527119417945, -14.636045787576174]",0.0064540593884609
sindy_weak__d1__m1__n0.001,sindy_weak,state_only_dynamics,1,1,0.001,21.520495746028217,21.520495746028217,0.0,6.776250112942538,6.776250112942538,6.636095144095713,0.0,1.2466147144706965,5.605225011706352,0.0437908204039558,12516864,0,0.001,0,1.24027481675148,30,1,0,nan,0.0003426596981029,0.0003998036570449,0.0013063385512682,0.0131642080402449,0.0013063385512682,0.0209604152259957,1.0,0.0002930163560292,0.0046801218089245,0.0499134471534207,0.0504517449944341,0.0330331434194714,"[0.987598373570671, -0.019750527119417945, -14.636045787576174]",0.0064540593884609
sindy_weak__d1__m2__n0.001,sindy_weak,state_only_dynamics,1,2,0.001,21.520495746028217,21.520495746028217,0.0,6.776250112942538,6.776250112942538,6.636095144095713,0.0,1.2466147144706965,5.2947756834328175,0.0413654350268188,12516864,0,0.001,0,1.092362499795854,30,1,0,nan,0.0003426596981029,0.0003998036570449,0.0013063385512682,0.0131642080402449,0.0013063385512682,0.0209604152259957,1.0,0.0002930163560292,0.0046801218089245,0.0499134471534207,0.0504517449944341,0.0330331434194714,"[0.987598373570671, -0.019750527119417945, -14.636045787576174]",0.0064540593884609
sindy_weak_weighted__d1__m0__n0.001,sindy_weak_weighted,state_only_dynamics,1,0,0.001,21.520495746028217,21.520495746028217,0.0,6.773110184923567,6.773110184923567,6.599557799874953,0.0,1.259109175915872,5.130801296792924,0.0400843851311947,12516864,0,0.001,0,1.0742119830101728,30,1,0,nan,0.0006674985320844,0.0004369137082055,0.0013237963998278,0.0137220148026143,0.0013237963998278,0.0215687010089295,1.0,0.0001680448730252,0.0021104396106652,0.0225186778196681,0.0315835496069332,0.0271190422045601,"[1.0209616091679405, -0.032596949744030934, -14.655862865859431]",0.009236176361914
sindy_weak_weighted__d1__m1__n0.001,sindy_weak_weighted,state_only_dynamics,1,1,0.001,21.520495746028217,21.520495746028217,0.0,6.773110184923567,6.773110184923567,6.599557799874953,0.0,1.259109175915872,5.148850876837969,0.0402253974752966,12516864,0,0.001,0,1.0772293070331216,30,1,0,nan,0.0006674985320844,0.0004369137082055,0.0013237963998278,0.0137220148026143,0.0013237963998278,0.0215687010089295,1.0,0.0001680448730252,0.0021104396106652,0.0225186778196681,0.0315835496069332,0.0271190422045601,"[1.0209616091679405, -0.032596949744030934, -14.655862865859431]",0.009236176361914
sindy_weak_weighted__d1__m2__n0.001,sindy_weak_weighted,state_only_dynamics,1,2,0.001,21.520495746028217,21.520495746028217,0.0,6.773110184923567,6.773110184923567,6.599557799874953,0.0,1.259109175915872,5.171538693830371,0.0404026460455497,12516864,0,0.001,0,1.076048942282796,30,1,0,nan,0.0006674985320844,0.0004369137082055,0.0013237963998278,0.0137220148026143,0.0013237963998278,0.0215687010089295,1.0,0.0001680448730252,0.0021104396106652,0.0225186778196681,0.0315835496069332,0.0271190422045601,"[1.0209616091679405, -0.032596949744030934, -14.655862865859431]",0.009236176361914
sindy_weighted__d1__m0__n0.001,sindy_weighted,state_only_dynamics,1,0,0.001,21.520495746028217,21.520495746028217,0.0,6.45412204299622,6.45412204299622,6.48994576721267,0.0,1.306915374108409,13.40348432585597,0.1047147212957497,12516864,0,0.001,0,1.1104517187923193,60,1,0,nan,0.0039970265184345,0.0004312828826131,0.000916434202604,0.0144988804990711,0.000916434202604,0.0230775960950287,1.0,0.0004175176997236,0.0128363027518354,0.3315050289162353,0.3380139199312925,0.0686417113037276,"[0.9483342892105627, 0.003311405461901224, -14.563656657473008]",0.0026994401772777
sindy_weighted__d1__m1__n0.001,sindy_weighted,state_only_dynamics,1,1,0.001,21.520495746028217,21.520495746028217,0.0,6.45412204299622,6.45412204299622,6.48994576721267,0.0,1.306915374108409,13.028817964717746,0.1017876403493573,12516864,0,0.001,0,1.1013221284374597,60,1,0,nan,0.0039970265184345,0.0004312828826131,0.000916434202604,0.0144988804990711,0.000916434202604,0.0230775960950287,1.0,0.0004175176997236,0.0128363027518354,0.3315050289162353,0.3380139199312925,0.0686417113037276,"[0.9483342892105627, 0.003311405461901224, -14.563656657473008]",0.0026994401772777
sindy_weighted__d1__m2__n0.001,sindy_weighted,state_only_dynamics,1,2,0.001,21.520495746028217,21.520495746028217,0.0,6.45412204299622,6.45412204299622,6.48994576721267,0.0,1.306915374108409,12.479279328137636,0.0974943697510752,12516864,0,0.001,0,1.107322547584772,60,1,0,nan,0.0039970265184345,0.0004312828826131,0.000916434202604,0.0144988804990711,0.000916434202604,0.0230775960950287,1.0,0.0004175176997236,0.0128363027518354,0.3315050289162353,0.3380139199312925,0.0686417113037276,"[0.9483342892105627, 0.003311405461901224, -14.563656657473008]",0.0026994401772777
solver_oracle__d1__m0__n0.001,solver_oracle,known_physics_forward_surrogate,1,0,0.001,5.005616158244255,21.520495746028217,1.0,21.520495746028224,5.005616158244253,5.005616158244255,1.0,2.666598050857224e-23,10.735294815152884,0.0838694907433819,121081344,0,0.0001,0,0.0,0,0,0,nan,nan,4.423306435959587e-14,8.566838906697724e-14,5.573226544716796e-13,8.566838906697724e-14,8.356829583760133e-13,1.0,0.0004514802774859,8.907274982488707e-07,2.1237257443581207e-05,3.137054389163543e-05,3.3268630682790817e-05,"[0.8981795225567906, 0.05299020975097788, -14.617830164234329]",0.0043995074621595
solver_oracle__d1__m1__n0.001,solver_oracle,known_physics_forward_surrogate,1,1,0.001,5.005616158244255,21.520495746028217,1.0,21.520495746028224,5.005616158244253,5.005616158244255,1.0,2.666598050857224e-23,10.905977696180344,0.0852029507514089,121081344,0,0.0001,0,0.0,0,0,0,nan,nan,4.423306435959587e-14,8.566838906697724e-14,5.573226544716796e-13,8.566838906697724e-14,8.356829583760133e-13,1.0,0.0004514802774859,8.907274982488707e-07,2.1237257443581207e-05,3.137054389163543e-05,3.3268630682790817e-05,"[0.8981795225567906, 0.05299020975097788, -14.617830164234329]",0.0043995074621595
solver_oracle__d1__m2__n0.001,solver_oracle,known_physics_forward_surrogate,1,2,0.001,5.005616158244255,21.520495746028217,1.0,21.520495746028224,5.005616158244253,5.005616158244255,1.0,2.666598050857224e-23,10.417181665077806,0.0813842317584203,121081344,0,0.0001,0,0.0,0,0,0,nan,nan,4.423306435959587e-14,8.566838906697724e-14,5.573226544716796e-13,8.566838906697724e-14,8.356829583760133e-13,1.0,0.0004514802774859,8.907274982488707e-07,2.1237257443581207e-05,3.137054389163543e-05,3.3268630682790817e-05,"[0.8981795225567906, 0.05299020975097788, -14.617830164234329]",0.0043995074621595
lorenz_ad__d2__m0__n0.001,lorenz_ad,known_form_hidden_parameters,2,0,0.001,20.92676390244085,20.92676390244085,0.0,5.483741561133119,5.483741561133119,5.261377567789581,0.0,1.3739573900786473,0.9851868003606796,0.0076967718778178,12165632,0,0.001,32000000,707.7208784054965,3,10000,9221632,0.000642229152631,nan,0.0020867663393559,0.005325943034822,0.0574640437435566,0.005325943034822,0.090841978889929,1.0,0.0008428875680921,0.0065051619329385,0.1564517729023382,0.1524860539454094,0.0263482352024145,"[1.0017329439288718, -0.017943329554601976, -14.663096998777023]",0.0083183252680147
lorenz_ad__d2__m1__n0.001,lorenz_ad,known_form_hidden_parameters,2,1,0.001,20.92676390244085,20.92676390244085,0.0,7.041359944544349,7.041359944544349,6.759408680840782,0.0,1.2129379769919408,1.29385837726295,0.0101082685723667,12165632,0,0.001,32000000,702.5905713625252,3,10000,9221632,0.0001762533361254,nan,0.0003686833435811,0.0008303089225867,0.0110071868818462,0.0008303089225867,0.0156647874790692,1.0,0.0004142236985609,0.006495248100592,0.1081040028140479,0.113974648914478,0.0612608655362719,"[0.9815791722433826, -0.014214857601963955, -14.629527256949414]",0.0057931750907576
lorenz_ad__d2__m2__n0.001,lorenz_ad,known_form_hidden_parameters,2,2,0.001,20.92676390244085,20.92676390244085,0.0,6.042648748510072,6.042648748510072,6.046930468535942,0.0,1.3207147666954846,0.991747871041298,0.0077480302425101,12165632,0,0.001,32000000,703.3194624800235,3,10000,9221632,0.0002730471647951,nan,0.0007478260348682,0.0022415107799419,0.0265346765060672,0.0022415107799419,0.0399710315371303,1.0,0.0007838674687248,0.005145153807479,0.0622760635506576,0.0774961628876615,0.0693928032551191,"[0.9700656656028303, -0.007530304809324162, -14.636218211878337]",0.005405905919348
lorenz_ad_tapered__d2__m0__n0.001,lorenz_ad_tapered,known_form_hidden_parameters,2,0,0.001,20.92676390244085,20.92676390244085,0.0,6.201643285470729,6.201643285470729,6.065199140646323,0.0,1.3215465166329812,1.1550190057605505,0.0090235859825043,12165632,0,0.001,32000000,675.0721054300666,3,10000,9221632,0.0004036627266605,nan,0.0010092641414272,0.0026239826660725,0.0303076714450248,0.0026239826660725,0.0421972779146018,1.0,0.0007312557232035,0.0045221613854929,0.0752986208645676,0.0745755137002548,0.098180190637203,"[0.9809314842882791, -0.006612320832217825, -14.649684135317118]",0.0065695349240563
lorenz_ad_tapered__d2__m1__n0.001,lorenz_ad_tapered,known_form_hidden_parameters,2,1,0.001,20.92676390244085,20.92676390244085,0.0,5.079404466690088,5.079404466690088,4.84119810925083,0.0,1.3964662128578411,1.2290169838815928,0.0096016951865749,12165632,0,0.001,32000000,734.0402542985976,3,10000,9221632,0.0002754634362117,nan,0.0021922653677293,0.0063679385222952,0.0737005250170361,0.0063679385222952,0.1104806342875175,1.0,0.0009121718041722,0.0053317706150692,0.1512967285627164,0.1573745936312107,0.0542482727539485,"[1.0368852239132076, -0.04069543484970327, -14.659410772834697]",0.0103910767420657
lorenz_ad_tapered__d2__m2__n0.001,lorenz_ad_tapered,known_form_hidden_parameters,2,2,0.001,20.92676390244085,20.92676390244085,0.0,5.94581051392497,5.94581051392497,5.868810915459733,0.0,1.3358398773040308,1.2164577022194862,0.0095035757985897,12165632,0,0.001,32000000,701.5514831896871,3,10000,9221632,0.0002319161297393,nan,0.000931698266409,0.0028407303575456,0.0326211918187456,0.0028407303575456,0.0501951077058314,1.0,0.001047775459944,0.0083416635849902,0.1816803147262193,0.191028907472329,0.0332108390205646,"[0.9351614339575137, 0.03843193432416966, -14.6456704475403]",0.005242312523444
node_soft_dtw__d2__m0__n0.001,node_soft_dtw,state_only_dynamics,2,0,0.001,20.92676390244085,20.92676390244085,0.0,2.450642456806939,2.450642456806939,2.489106575039342,0.0,1.659439057396546,18.695909075438976,0.146061789651867,12165632,0,0.001,25600000,1354.042180141434,33923,5000,30950400,nan,nan,0.0359156845139897,0.0927791977067626,0.5582345834050702,0.0927791977067626,0.8363184392805403,1.0,0.0009534837807247,0.0271876479465628,0.4313791544902544,0.4124973676121322,0.3469917934646134,"[0.8966899019895971, 0.03734962757261754, -13.413503049519843]",0.0800192942089994
node_soft_dtw__d2__m1__n0.001,node_soft_dtw,state_only_dynamics,2,1,0.001,20.92676390244085,20.92676390244085,0.0,1.907720357526569,1.907720357526569,1.817732874982859,0.0,1.768356355999953,16.572099540382624,0.1294695276592392,12165632,0,0.001,25600000,1332.074677567929,33923,5000,30950400,nan,nan,0.0616693618024026,0.2081948833832968,0.7471898403609532,0.2081948833832968,1.04832097123605,1.0,0.0071085808361504,0.0610499330590659,1.3505218469666591,1.3715266636282382,0.2682073736558363,"[0.8614823484244714, 0.023212772955719243, -11.022911774856542]",0.2436254301164853
node_soft_dtw__d2__m2__n0.001,node_soft_dtw,state_only_dynamics,2,2,0.001,20.92676390244085,20.92676390244085,0.0,1.7248909124219018,1.7248909124219018,1.5528371293823418,0.0,1.7941709302016884,16.085501302033663,0.125667978922138,12165632,0,0.001,25600000,1274.4046080876142,33923,5000,30950400,nan,nan,0.0964505061691599,0.2719850514849665,0.7666171814280054,0.2719850514849665,1.0831371493389828,1.0,0.0018550013851055,0.043431209845523,0.3671990517380172,0.346095345394084,0.4618454860672544,"[0.9334632814605781, -0.008817461114842134, -12.242706782534912]",0.1601153780083829
node_strong__d2__m0__n0.001,node_strong,state_only_dynamics,2,0,0.001,20.92676390244085,20.92676390244085,0.0,2.769701960734717,2.769701960734717,2.827077009081381,0.0,1.6117222139049057,30.00912090018392,0.2344462570326868,12165632,0,0.001,6560000,13.724529188126326,33923,5000,25560064,nan,nan,0.0318500631485006,0.0703344696087045,0.4636384443050289,0.0703344696087045,0.6890176513104829,1.0,0.0009347122486387,0.0089711402723685,0.2903559843336857,0.2973594998684901,0.1634011509408257,"[1.0117693100790832, -0.0497687383897109, -8.414461769736857]",0.4221954727115006
node_strong__d2__m1__n0.001,node_strong,state_only_dynamics,2,1,0.001,20.92676390244085,20.92676390244085,0.0,2.2016604373025737,2.2016604373025737,2.1191659648041368,0.0,1.7164919198121968,16.74766788817942,0.1308411553764017,12165632,0,0.001,6560000,14.15747395902872,33923,5000,25560064,nan,nan,0.0550645413307426,0.1485011721853023,0.6469865750540202,0.1485011721853023,0.9523759501169268,1.0,0.0005190398771632,0.0113395519561338,0.1846256820177146,0.1853200032191336,0.115562122111895,"[0.9273336764490812, 0.0028179313750773846, -9.094127971916608]",0.375609378598895
node_strong__d2__m2__n0.001,node_strong,state_only_dynamics,2,2,0.001,20.92676390244085,20.92676390244085,0.0,3.133790886934566,3.133790886934566,2.932121873716069,0.0,1.607361847429016,16.305547876283526,0.127387092783465,12165632,0,0.001,6560000,13.691311486065388,33923,5000,25560064,nan,nan,0.0325610020998767,0.0689973958694288,0.4690352460384722,0.0689973958694288,0.7214713560569291,1.0,0.0004595036360446,0.0137910146472694,0.4584958756032445,0.4669101662545347,0.1230195424059356,"[0.9535227693248031, -0.0045731158671707675, -8.934274013782218]",0.3865591516092584
node_weak__d2__m0__n0.001,node_weak,state_only_dynamics,2,0,0.001,20.92676390244085,20.92676390244085,0.0,2.4478593387901237,2.4478593387901237,2.0323897722798296,0.0,1.695977002587738,18.54824097827077,0.1449081326427403,12165632,0,0.001,6560000,17.20042179711163,33923,5000,24168448,nan,nan,0.0527225254259668,0.1403794864392703,0.6619329796553691,0.1403794864392703,0.9765046158526725,1.0,0.0005998738335546,0.0143450405975299,0.1119967125587796,0.1311696993272372,0.0956319969163764,"[0.9321112775074197, -0.046386942821038994, -9.074723101350486]",0.3769529472859281
node_weak__d2__m1__n0.001,node_weak,state_only_dynamics,2,1,0.001,20.92676390244085,20.92676390244085,0.0,2.8292892310947475,2.8292892310947475,2.607852943756815,0.0,1.6617913788283192,16.744808772578835,0.1308188185357721,12165632,0,0.001,6560000,17.847111215814948,33923,5000,24168448,nan,nan,0.035396951807715,0.0817717532338594,0.4899404584384081,0.0817717532338594,0.7312995596684868,1.0,0.0012208458945086,0.0291662109646732,0.7853348068995136,0.8202256837043593,0.282302905376057,"[0.9128184537803148, -0.013805636636705256, -8.89303687816994]",0.3893730637509038
node_weak__d2__m2__n0.001,node_weak,state_only_dynamics,2,2,0.001,20.92676390244085,20.92676390244085,0.0,3.200585719338145,3.200585719338145,3.201584787344181,0.0,1.6128816111512805,16.299593780189753,0.1273405764077324,12165632,0,0.001,6560000,18.097795948386192,33923,5000,24168448,nan,nan,0.0214397902436691,0.044085963823148,0.3831849391579387,0.044085963823148,0.5900573098716151,1.0,0.0013830243507775,0.0118813651896727,0.4111187265308655,0.4176228622576849,0.088278046991453,"[1.0215303353612297, -0.038410764209408955, -8.797921367655533]",0.3959603661331827
pinn_strong__d2__m0__n0.001,pinn_strong,known_physics_forward_surrogate,2,0,0.001,5.005616158244255,5.005616158244255,0.0,0.2732450996509644,0.2732450996509644,0.2192240653245659,0.0,3.665818971455967,0.0652847662568092,0.0005100372363813,0,70272,nan,2560000,40.91270918399096,34051,5000,24099840,nan,nan,1.118869101999192,1.4429530693085113,1.739675377493,1.4429530693085113,1.964660505637854,nan,nan,nan,nan,nan,nan,nan,nan
pinn_strong__d2__m1__n0.001,pinn_strong,known_physics_forward_surrogate,2,1,0.001,5.005616158244255,5.005616158244255,0.0,0.2770272856738166,0.2770272856738166,0.2192240653245658,0.0,4.129020881279389,0.0647524446249008,0.000505878473632,0,70272,nan,2560000,36.57006114348769,34051,5000,24099840,nan,nan,1.1191842629680422,1.466463403326303,1.8911169945832604,1.466463403326303,2.129474139699462,nan,nan,nan,nan,nan,nan,nan,nan
pinn_strong__d2__m2__n0.001,pinn_strong,known_physics_forward_surrogate,2,2,0.001,5.005616158244255,5.005616158244255,0.0,0.2779549916794219,0.2779549916794219,0.223791233352161,0.0,3.232170544261204,0.0660711526870727,0.0005161808803677,0,70272,nan,2560000,36.99670013040304,34051,5000,24099840,nan,nan,1.1244881198720735,1.4494111567918997,1.637929346937284,1.4494111567918997,1.7729668903711486,nan,nan,nan,nan,nan,nan,nan,nan
pinn_weak__d2__m0__n0.001,pinn_weak,known_physics_forward_surrogate,2,0,0.001,5.005616158244255,5.005616158244255,0.0,0.176549589066724,0.176549589066724,0.1096120326622829,0.0,6.287658868809729,0.059670865535736,0.0004661786369979,0,70272,nan,2560000,21.884971575811505,34051,5000,19458560,nan,nan,1.1870697735956126,1.4837671231058134,2.286318320614517,1.4837671231058134,2.8281909987178544,nan,nan,nan,nan,nan,nan,nan,nan
pinn_weak__d2__m1__n0.001,pinn_weak,known_physics_forward_surrogate,2,1,0.001,5.005616158244255,5.005616158244255,0.0,0.1772632090710357,0.1772632090710357,0.1096120326622829,0.0,5.670771704929375,0.0637645367532968,0.0004981604433851,0,70272,nan,2560000,22.072276832535863,34051,5000,19458560,nan,nan,1.1916798696616695,1.4859457829911704,2.1819898194824443,1.4859457829911704,2.6412401801188845,nan,nan,nan,nan,nan,nan,nan,nan
pinn_weak__d2__m2__n0.001,pinn_weak,known_physics_forward_surrogate,2,2,0.001,5.005616158244255,5.005616158244255,0.0,0.1760500550637057,0.1760500550637057,0.1096120326622829,0.0,5.565234141504186,0.064513036981225,0.0005040081014158,0,70272,nan,2560000,22.541983930394053,34051,5000,19458560,nan,nan,1.1943843488385482,1.482852015504726,2.15974938719697,1.482852015504726,2.6337418193228217,nan,nan,nan,nan,nan,nan,nan,nan
pinn_weak_tapered__d2__m0__n0.001,pinn_weak_tapered,known_physics_forward_surrogate,2,0,0.001,5.005616158244255,5.005616158244255,0.0,0.1388704528390642,0.1388704528390642,0.1096120326622829,0.0,3.724498826136181,0.0570457745343446,0.0004456701135495,0,70272,nan,2560000,28.239830860868096,34051,5000,19458560,nan,nan,1.1257532520009006,1.3979139416820638,1.7842479350519342,1.3979139416820638,2.0414811808390394,nan,nan,nan,nan,nan,nan,nan,nan
pinn_weak_tapered__d2__m1__n0.001,pinn_weak_tapered,known_physics_forward_surrogate,2,1,0.001,5.005616158244255,5.005616158244255,0.0,0.1522151469196937,0.1522151469196937,0.1096120326622829,0.0,4.004671630449558,0.0767779294401407,0.000599827573751,0,70272,nan,2560000,28.53213977999985,34051,5000,19458560,nan,nan,1.1318426230562595,1.4386360793520203,1.8511311961006771,1.4386360793520203,2.129745397045893,nan,nan,nan,nan,nan,nan,nan,nan
pinn_weak_tapered__d2__m2__n0.001,pinn_weak_tapered,known_physics_forward_surrogate,2,2,0.001,5.005616158244255,5.005616158244255,0.0,0.1471484448890803,0.1471484448890803,0.1096120326622829,0.0,4.471687074656898,0.0618388075381517,0.0004831156838918,0,70272,nan,2560000,28.23643552698195,34051,5000,19458560,nan,nan,1.1450679268812496,1.4556561945887645,1.947204309998544,1.4556561945887645,2.295908809080137,nan,nan,nan,nan,nan,nan,nan,nan
sindy_strong__d2__m0__n0.001,sindy_strong,state_only_dynamics,2,0,0.001,20.92676390244085,20.92676390244085,0.0,6.544537697542518,6.544537697542518,6.622393640012928,0.0,1.2968643806868865,12.22251516021788,0.0954883996892022,12165632,0,0.001,0,1.0862305974587798,60,1,0,nan,0.0037628884080292,0.000415359702816,0.0009452668380816,0.0163496770327862,0.0009452668380816,0.0252080447179169,1.0,0.0007594456297221,0.0095582193495841,0.2328634774160433,0.2319228417631477,0.0746184530963039,"[0.9479931607420882, 0.022905554568070866, -14.575468158468292]",0.0028046231487297
sindy_strong__d2__m1__n0.001,sindy_strong,state_only_dynamics,2,1,0.001,20.92676390244085,20.92676390244085,0.0,6.544537697542518,6.544537697542518,6.622393640012928,0.0,1.2968643806868865,11.972197135910392,0.0935327901242999,12165632,0,0.001,0,1.0888334000483155,60,1,0,nan,0.0037628884080292,0.000415359702816,0.0009452668380816,0.0163496770327862,0.0009452668380816,0.0252080447179169,1.0,0.0007594456297221,0.0095582193495841,0.2328634774160433,0.2319228417631477,0.0746184530963039,"[0.9479931607420882, 0.022905554568070866, -14.575468158468292]",0.0028046231487297
sindy_strong__d2__m2__n0.001,sindy_strong,state_only_dynamics,2,2,0.001,20.92676390244085,20.92676390244085,0.0,6.544537697542518,6.544537697542518,6.622393640012928,0.0,1.2968643806868865,12.42905650101602,0.0971020039141876,12165632,0,0.001,0,0.973849426023662,60,1,0,nan,0.0037628884080292,0.000415359702816,0.0009452668380816,0.0163496770327862,0.0009452668380816,0.0252080447179169,1.0,0.0007594456297221,0.0095582193495841,0.2328634774160433,0.2319228417631477,0.0746184530963039,"[0.9479931607420882, 0.022905554568070866, -14.575468158468292]",0.0028046231487297
sindy_weak__d2__m0__n0.001,sindy_weak,state_only_dynamics,2,0,0.001,20.92676390244085,20.92676390244085,0.0,6.919901819810493,6.919901819810493,6.88272221758585,0.0,1.2272386561577058,5.614423416554928,0.0438626829418353,12165632,0,0.001,0,1.1128682661801577,30,1,0,nan,0.0006044101057958,0.0003229350134943,0.0011351653077384,0.0118397197933257,0.0011351653077384,0.0178656292244213,1.0,0.0003611965271603,0.0073989614746045,0.2236898990093746,0.2324988310166523,0.0440197209895783,"[0.9930533655042649, -0.020959317814603057, -14.639903083763972]",0.0069181177947392
sindy_weak__d2__m1__n0.001,sindy_weak,state_only_dynamics,2,1,0.001,20.92676390244085,20.92676390244085,0.0,6.919901819810493,6.919901819810493,6.88272221758585,0.0,1.2272386561577058,5.050106475129724,0.0394539568369509,12165632,0,0.001,0,1.2281657857820392,30,1,0,nan,0.0006044101057958,0.0003229350134943,0.0011351653077384,0.0118397197933257,0.0011351653077384,0.0178656292244213,1.0,0.0003611965271603,0.0073989614746045,0.2236898990093746,0.2324988310166523,0.0440197209895783,"[0.9930533655042649, -0.020959317814603057, -14.639903083763972]",0.0069181177947392
sindy_weak__d2__m2__n0.001,sindy_weak,state_only_dynamics,2,2,0.001,20.92676390244085,20.92676390244085,0.0,6.919901819810493,6.919901819810493,6.88272221758585,0.0,1.2272386561577058,5.386559184640646,0.042082493630005,12165632,0,0.001,0,1.2379921609535811,30,1,0,nan,0.0006044101057958,0.0003229350134943,0.0011351653077384,0.0118397197933257,0.0011351653077384,0.0178656292244213,1.0,0.0003611965271603,0.0073989614746045,0.2236898990093746,0.2324988310166523,0.0440197209895783,"[0.9930533655042649, -0.020959317814603057, -14.639903083763972]",0.0069181177947392
sindy_weak_weighted__d2__m0__n0.001,sindy_weak_weighted,state_only_dynamics,2,0,0.001,20.92676390244085,20.92676390244085,0.0,7.047211628579706,7.047211628579706,6.914692393779016,0.0,1.2446904519539466,4.965722043067217,0.0387947034614626,12165632,0,0.001,0,1.0834736237302425,30,1,0,nan,0.0006653257753972,0.0003389608794004,0.0011027533083837,0.0118157746646471,0.0011027533083837,0.0175720681781566,1.0,0.0007191647813038,0.0046490878137202,0.1556159599717146,0.1582230940537209,0.0426588130884983,"[0.9881648271822362, -0.01687785692434638, -14.639231010508537]",0.006570236165971
sindy_weak_weighted__d2__m1__n0.001,sindy_weak_weighted,state_only_dynamics,2,1,0.001,20.92676390244085,20.92676390244085,0.0,7.047211628579706,7.047211628579706,6.914692393779016,0.0,1.2446904519539466,5.04963447432965,0.0394502693307003,12165632,0,0.001,0,1.106304494664073,30,1,0,nan,0.0006653257753972,0.0003389608794004,0.0011027533083837,0.0118157746646471,0.0011027533083837,0.0175720681781566,1.0,0.0007191647813038,0.0046490878137202,0.1556159599717146,0.1582230940537209,0.0426588130884983,"[0.9881648271822362, -0.01687785692434638, -14.639231010508537]",0.006570236165971
sindy_weak_weighted__d2__m2__n0.001,sindy_weak_weighted,state_only_dynamics,2,2,0.001,20.92676390244085,20.92676390244085,0.0,7.047211628579706,7.047211628579706,6.914692393779016,0.0,1.2446904519539466,5.056912871077657,0.0395071318052941,12165632,0,0.001,0,1.0939585268497467,30,1,0,nan,0.0006653257753972,0.0003389608794004,0.0011027533083837,0.0118157746646471,0.0011027533083837,0.0175720681781566,1.0,0.0007191647813038,0.0046490878137202,0.1556159599717146,0.1582230940537209,0.0426588130884983,"[0.9881648271822362, -0.01687785692434638, -14.639231010508537]",0.006570236165971
sindy_weighted__d2__m0__n0.001,sindy_weighted,state_only_dynamics,2,0,0.001,20.92676390244085,20.92676390244085,0.0,6.5957756138521,6.5957756138521,6.631527976068118,0.0,1.2875634734454555,12.343671904876828,0.0964349367568502,12165632,0,0.001,0,0.9809370068833232,60,1,0,nan,0.0036441874425212,0.0004086245446397,0.0009955584287475,0.0149849058695069,0.0009955584287475,0.0226858498362535,1.0,0.0005307195679375,0.0035022646192462,0.0263630782114335,0.0282838828860121,0.0349451599858859,"[0.8855816492041191, 0.02638123886453415, -14.523867586590868]",0.0047183877984144
sindy_weighted__d2__m1__n0.001,sindy_weighted,state_only_dynamics,2,1,0.001,20.92676390244085,20.92676390244085,0.0,6.5957756138521,6.5957756138521,6.631527976068118,0.0,1.2875634734454555,12.029153540730476,0.0939777620369568,12165632,0,0.001,0,1.0852819392457604,60,1,0,nan,0.0036441874425212,0.0004086245446397,0.0009955584287475,0.0149849058695069,0.0009955584287475,0.0226858498362535,1.0,0.0005307195679375,0.0035022646192462,0.0263630782114335,0.0282838828860121,0.0349451599858859,"[0.8855816492041191, 0.02638123886453415, -14.523867586590868]",0.0047183877984144
sindy_weighted__d2__m2__n0.001,sindy_weighted,state_only_dynamics,2,2,0.001,20.92676390244085,20.92676390244085,0.0,6.5957756138521,6.5957756138521,6.631527976068118,0.0,1.2875634734454555,12.118732733651996,0.0946775994816562,12165632,0,0.001,0,0.9875046079978348,60,1,0,nan,0.0036441874425212,0.0004086245446397,0.0009955584287475,0.0149849058695069,0.0009955584287475,0.0226858498362535,1.0,0.0005307195679375,0.0035022646192462,0.0263630782114335,0.0282838828860121,0.0349451599858859,"[0.8855816492041191, 0.02638123886453415, -14.523867586590868]",0.0047183877984144
solver_oracle__d2__m0__n0.001,solver_oracle,known_physics_forward_surrogate,2,0,0.001,5.005616158244255,20.92676390244085,1.0,20.926763902440847,5.005616158244253,5.005616158244255,1.0,2.2385285288592038e-22,10.173017412424088,0.0794766985345631,117734912,0,0.0001,0,0.0,0,0,0,nan,nan,4.5591343320400876e-14,8.402686301606753e-14,6.454146055515087e-13,8.402686301606753e-14,9.68710537623878e-13,1.0,0.00058105150351,1.1344488630616657e-06,2.6796454128821545e-05,4.573567142755332e-05,4.725619187978555e-05,"[0.9634408374187473, -0.0011852830853698376, -14.628915720322006]",0.0046991938753563
solver_oracle__d2__m1__n0.001,solver_oracle,known_physics_forward_surrogate,2,1,0.001,5.005616158244255,20.92676390244085,1.0,20.926763902440847,5.005616158244253,5.005616158244255,1.0,2.2385285288592038e-22,9.937613746151328,0.0776376073918072,117734912,0,0.0001,0,0.0,0,0,0,nan,nan,4.5591343320400876e-14,8.402686301606753e-14,6.454146055515087e-13,8.402686301606753e-14,9.68710537623878e-13,1.0,0.00058105150351,1.1344488630616657e-06,2.6796454128821545e-05,4.573567142755332e-05,4.725619187978555e-05,"[0.9634408374187473, -0.0011852830853698376, -14.628915720322006]",0.0046991938753563
solver_oracle__d2__m2__n0.001,solver_oracle,known_physics_forward_surrogate,2,2,0.001,5.005616158244255,20.92676390244085,1.0,20.926763902440847,5.005616158244253,5.005616158244255,1.0,2.2385285288592038e-22,10.18715101107955,0.0795871172740589,117734912,0,0.0001,0,0.0,0,0,0,nan,nan,4.5591343320400876e-14,8.402686301606753e-14,6.454146055515087e-13,8.402686301606753e-14,9.68710537623878e-13,1.0,0.00058105150351,1.1344488630616657e-06,2.6796454128821545e-05,4.573567142755332e-05,4.725619187978555e-05,"[0.9634408374187473, -0.0011852830853698376, -14.628915720322006]",0.0046991938753563
lorenz_ad__d3__m0__n0.001,lorenz_ad,known_form_hidden_parameters,3,0,0.001,21.56616742630417,21.56616742630417,0.0,5.811578591113932,5.811578591113932,5.791169058990615,0.0,1.3640446485997697,1.0074541550129652,0.0078707355860387,12544000,0,0.001,32000000,690.8127408456057,3,10000,9221632,0.0002679582155842,nan,0.001179769152885,0.0029842059574911,0.0310510356577823,0.0029842059574911,0.0471036302758256,1.0,0.0003103191261708,0.0064685149579077,0.0814248777852245,0.0830888338017408,0.1338088606438199,"[0.8716617539921725, 0.055641492727595145, -14.597613394122833]",0.0047817150486645
lorenz_ad__d3__m1__n0.001,lorenz_ad,known_form_hidden_parameters,3,1,0.001,21.56616742630417,21.56616742630417,0.0,6.67113388630742,6.67113388630742,6.70460266450964,0.0,1.2731824011911494,1.0637256279587746,0.0083103564684279,12544000,0,0.001,32000000,710.7470518108457,3,10000,9221632,0.0003026907997137,nan,0.0005528526952388,0.0013626752088281,0.0144627154220679,0.0013626752088281,0.021217772317527,1.0,0.000470186647671,0.004675556629828,0.1155100915296655,0.1152107208100345,0.092583280945907,"[0.9900091005578016, -0.01332489896959862, -14.634766251739368]",0.0064504586301048
lorenz_ad__d3__m2__n0.001,lorenz_ad,known_form_hidden_parameters,3,2,0.001,21.56616742630417,21.56616742630417,0.0,6.753771082806718,6.753771082806718,6.581289127764572,0.0,1.2554869978731082,1.2017375361174345,0.0093885745009174,12544000,0,0.001,32000000,733.5017373617738,3,10000,9221632,0.0002746119718325,nan,0.0005415756546591,0.0016367507790708,0.0103529972429008,0.0016367507790708,0.016485830052089,1.0,0.0003531578975839,0.0072372506548556,0.2000655389665088,0.2059564356488077,0.0335017640054228,"[0.8656475283392691, 0.06717035570457114, -14.605253248076062]",0.005762968688511
lorenz_ad_tapered__d3__m0__n0.001,lorenz_ad_tapered,known_form_hidden_parameters,3,0,0.001,21.56616742630417,21.56616742630417,0.0,6.176309775317661,6.176309775317661,6.298124710053674,0.0,1.285055463259308,1.1401029843837025,0.0089070545654976,12544000,0,0.001,32000000,681.5604522116482,3,10000,9221632,0.0002333600272183,nan,0.0011571517520483,0.0030624174026727,0.0216247472280963,0.0030624174026727,0.0327896676663417,1.0,0.0005265142679771,0.0080378289883894,0.1243268605560094,0.1361337964429508,0.1523781877704703,"[1.0618348668592852, -0.042240720146453414, -14.687612992839451]",0.0128282202330448
lorenz_ad_tapered__d3__m1__n0.001,lorenz_ad_tapered,known_form_hidden_parameters,3,1,0.001,21.56616742630417,21.56616742630417,0.0,5.492447725185722,5.492447725185722,5.690691362383523,0.0,1.388888082101046,1.0372955333441496,0.0081038713542511,12544000,0,0.001,32000000,687.1423112116754,3,10000,9221632,0.000391944150848,nan,0.0017337881625368,0.0045692362663359,0.0394368635596621,0.0045692362663359,0.0592523003605941,1.0,0.0006740148981205,0.0094061119292898,0.1909968292931519,0.2026943620635361,0.1488529354618823,"[0.9563111553529957, -0.019446443241634043, -14.60328972984774]",0.0035875164528575
lorenz_ad_tapered__d3__m2__n0.001,lorenz_ad_tapered,known_form_hidden_parameters,3,2,0.001,21.56616742630417,21.56616742630417,0.0,5.376555836485496,5.376555836485496,5.425795616783006,0.0,1.4056904001907005,1.2002738118171692,0.0093771391548216,12544000,0,0.001,32000000,692.7861230429262,3,10000,9221632,0.0003799149721072,nan,0.0014903880446755,0.0044650057436765,0.0497076109494028,0.0044650057436765,0.0761924016891383,1.0,0.0007882881565577,0.0044926285322586,0.0863398624087734,0.0989242805679774,0.0572004419745919,"[0.8412379140157181, 0.01043047915215873, -14.526563022973006]",0.0062563301785227
node_soft_dtw__d3__m0__n0.001,node_soft_dtw,state_only_dynamics,3,0,0.001,21.56616742630417,21.56616742630417,0.0,2.432659232698283,2.432659232698283,2.1694048131076835,0.0,1.680791784472384,30.80518460832536,0.2406655047525419,12544000,0,0.001,25600000,1150.9044844638556,33923,5000,30950400,nan,nan,0.0360916588043065,0.1260892387081421,0.5931516481725325,0.1260892387081421,0.8988896515166469,1.0,0.0003371142969188,0.030284527744146,0.2311623215477749,0.249649701306558,0.3769219155648874,"[0.9800121463245713, -0.05218103878596401, -14.159487524458202]",0.0295059991385758
node_soft_dtw__d3__m1__n0.001,node_soft_dtw,state_only_dynamics,3,1,0.001,21.56616742630417,21.56616742630417,0.0,2.062504536461785,2.062504536461785,1.909076235534761,0.0,1.7356299801153323,17.669868795201182,0.1380458499625092,12544000,0,0.001,25600000,1241.2328273747116,33923,5000,30950400,nan,nan,0.0325174233802426,0.1467616401250247,0.673420185065928,0.1467616401250247,1.003415602387081,1.0,0.0031892519756047,0.0487929472800096,1.2051294497765384,1.2062617444537993,0.3673708100456316,"[0.7989140946204679, -0.001482725721678376, -11.308872467010953]",0.2241600942106342
node_soft_dtw__d3__m2__n0.001,node_soft_dtw,state_only_dynamics,3,2,0.001,21.56616742630417,21.56616742630417,0.0,2.2820854117885068,2.2820854117885068,2.1328674688869222,0.0,1.6573101265913823,18.178206089884043,0.142017235077219,12544000,0,0.001,25600000,1199.361466191709,33923,5000,30950400,nan,nan,0.0469281233334987,0.1232023073558943,0.5548830466685133,0.1232023073558943,0.8406602388441885,1.0,0.0006907166214922,0.0273446571709319,0.4860918752400216,0.5289125384151807,0.4643380652723444,"[0.8269295893809726, 0.06618465741434774, -13.176969180733842]",0.0964460754769187
node_strong__d3__m0__n0.001,node_strong,state_only_dynamics,3,0,0.001,21.56616742630417,21.56616742630417,0.0,2.988926026059284,2.988926026059284,2.9275547056884736,0.0,1.6267428140346514,17.08766104467213,0.133497351911501,12544000,0,0.001,6560000,12.660961108282208,33923,5000,25560064,nan,nan,0.0260326666917702,0.0564399793362005,0.4688682550722173,0.0564399793362005,0.712438759298258,1.0,0.0018228878530013,0.007261124155993,0.2251510928957381,0.2314990399092941,0.1023294864773508,"[0.7980456654185542, 0.07369371124387653, -8.846477561567337]",0.3926684810748719
node_strong__d3__m1__n0.001,node_strong,state_only_dynamics,3,1,0.001,21.56616742630417,21.56616742630417,0.0,2.7934655068782983,2.7934655068782983,2.868181521329737,0.0,1.6553378109442498,17.70653490535915,0.1383323039481183,12544000,0,0.001,6560000,15.289919896051288,33923,5000,25560064,nan,nan,0.0308806131767857,0.0907496761680265,0.5146509165090752,0.0907496761680265,0.7663104411847224,1.0,0.0005697356891203,0.0068730809104007,0.1803133814523675,0.1544634942171513,0.1294376157169373,"[0.8537071674937338, 0.07881978166499647, -8.9472334345317]",0.3857197938586967
node_strong__d3__m2__n0.001,node_strong,state_only_dynamics,3,2,0.001,21.56616742630417,21.56616742630417,0.0,2.1247322008377685,2.1247322008377685,2.046091276362615,0.0,1.7449439914302918,17.046800391748548,0.1331781280605355,12544000,0,0.001,6560000,12.613959128037097,33923,5000,25560064,nan,nan,0.0524374667100389,0.1551689837135362,0.6564920251695786,0.1551689837135362,0.9219045381032804,1.0,0.0019763297074029,0.0213086567045505,0.5636913815014216,0.5372223391760422,0.1416375584139265,"[0.8937862278084638, 0.012772726194386064, -8.556113425145186]",0.4124347325471377
node_weak__d3__m0__n0.001,node_weak,state_only_dynamics,3,0,0.001,21.56616742630417,21.56616742630417,0.0,2.4009745045068422,2.4009745045068422,2.1328674688869222,0.0,1.68084696057774,18.11189992167056,0.1414992181380512,12544000,0,0.001,6560000,18.28493817895651,33923,5000,24168448,nan,nan,0.0310369213119382,0.1154417480314534,0.6282813792362666,0.1154417480314534,0.924675319535878,1.0,0.0030995249593988,0.0384869416077604,1.012566939948342,1.0044271386303474,0.0635781386569898,"[0.8467043506296775, 0.043838345596415654, -8.618976968813943]",0.408164914190642
node_weak__d3__m1__n0.001,node_weak,state_only_dynamics,3,1,0.001,21.56616742630417,21.56616742630417,0.0,2.946465635802735,2.946465635802735,2.8179426730261907,0.0,1.624723042243289,17.07795445434749,0.1334215191745897,12544000,0,0.001,6560000,18.097683968022466,33923,5000,24168448,nan,nan,0.0245790485973785,0.0654414226409736,0.4709902229464477,0.0654414226409736,0.735488855920412,1.0,0.003383840041534,0.0182181891160602,0.7122414433870909,0.7256708572899345,0.0528748261085819,"[0.923501541991466, -0.027830468310266216, -8.798954084145917]",0.395816776168492
node_weak__d3__m2__n0.001,node_weak,state_only_dynamics,3,2,0.001,21.56616742630417,21.56616742630417,0.0,3.0335272763287664,3.0335272763287664,2.9229875376608785,0.0,1.6178444843883124,17.897057108581066,0.1398207586607895,12544000,0,0.001,6560000,16.716540133580565,33923,5000,24168448,nan,nan,0.0298156009329529,0.0761939077787008,0.4461662014929643,0.0761939077787008,0.6574850379818915,1.0,0.0002294834589204,0.0050941367227347,0.1906517401884984,0.206383831925363,0.0500158554105402,"[0.90707405162049, -0.01927632194854601, -8.51844461838729]",0.415012809248212
pinn_strong__d3__m0__n0.001,pinn_strong,known_physics_forward_surrogate,3,0,0.001,5.005616158244255,5.005616158244255,0.0,0.2591867855660232,0.2591867855660232,0.1918210571589951,0.0,5.244300038426286,0.0550666283816099,0.0004302080342313,0,70272,nan,2560000,32.593634717166424,34051,5000,24099840,nan,nan,1.1696861916969397,1.5052027416426066,2.104181819537918,1.5052027416426066,2.5032035399915005,nan,nan,nan,nan,nan,nan,nan,nan
pinn_strong__d3__m1__n0.001,pinn_strong,known_physics_forward_surrogate,3,1,0.001,5.005616158244255,5.005616158244255,0.0,0.2584018035612803,0.2584018035612803,0.2009553932141854,0.0,3.1942925320952766,0.0533543117344379,0.0004168305604252,0,70272,nan,2560000,35.31432632729411,34051,5000,24099840,nan,nan,1.1415351217734138,1.4878623440223882,1.6537614382364083,1.4878623440223882,1.7592196646549554,nan,nan,nan,nan,nan,nan,nan,nan
pinn_strong__d3__m2__n0.001,pinn_strong,known_physics_forward_surrogate,3,2,0.001,5.005616158244255,5.005616158244255,0.0,0.2612562835785272,0.2612562835785272,0.1963882251865902,0.0,3.395819312054616,0.0539996940642595,0.000421872609877,0,70272,nan,2560000,36.35585332848132,34051,5000,24099840,nan,nan,1.1493066920627526,1.5011424505121855,1.6991325140786986,1.5011424505121855,1.812493919456316,nan,nan,nan,nan,nan,nan,nan,nan
pinn_weak__d3__m0__n0.001,pinn_weak,known_physics_forward_surrogate,3,0,0.001,5.005616158244255,5.005616158244255,0.0,0.1619203789783333,0.1619203789783333,0.1096120326622829,0.0,6.2613131262162165,0.0566962473094463,0.000442939432105,0,70272,nan,2560000,22.37121632322669,34051,5000,19458560,nan,nan,1.2152122966530228,1.5452309944762097,2.302467988539268,1.5452309944762097,2.8197953920202243,nan,nan,nan,nan,nan,nan,nan,nan
pinn_weak__d3__m1__n0.001,pinn_weak,known_physics_forward_surrogate,3,1,0.001,5.005616158244255,5.005616158244255,0.0,0.1594227089632422,0.1594227089632422,0.1096120326622829,0.0,5.567656094945395,0.0548825301229953,0.0004287697665859,0,70272,nan,2560000,21.17390795983374,34051,5000,19458560,nan,nan,1.2037648710354116,1.5226010568994872,2.1828425982191,1.5226010568994872,2.617481280738414,nan,nan,nan,nan,nan,nan,nan,nan
pinn_weak__d3__m2__n0.001,pinn_weak,known_physics_forward_surrogate,3,2,0.001,5.005616158244255,5.005616158244255,0.0,0.1624912749817827,0.1624912749817827,0.1096120326622829,0.0,5.408663122737784,0.0538043994456529,0.0004203468706691,0,70272,nan,2560000,21.1431099511683,34051,5000,19458560,nan,nan,1.2032995843032963,1.512954117518851,2.145935053273045,1.512954117518851,2.590434976563145,nan,nan,nan,nan,nan,nan,nan,nan
pinn_weak_tapered__d3__m0__n0.001,pinn_weak_tapered,known_physics_forward_surrogate,3,0,0.001,5.005616158244255,5.005616158244255,0.0,0.1512874409140884,0.1512874409140884,0.1187463687174732,0.0,3.840725743892168,0.0598941631615161,0.0004679231496993,0,70272,nan,2560000,27.20456679724157,34051,5000,19458560,nan,nan,1.1761269154192295,1.4799852209236324,1.8250045745098231,1.4799852209236324,2.073054687325464,nan,nan,nan,nan,nan,nan,nan,nan
pinn_weak_tapered__d3__m1__n0.001,pinn_weak_tapered,known_physics_forward_surrogate,3,1,0.001,5.005616158244255,5.005616158244255,0.0,0.1450789468765763,0.1450789468765763,0.1187463687174732,0.0,3.569559612933032,0.0538032539188861,0.0004203379212412,0,70272,nan,2560000,26.29199526645243,34051,5000,19458560,nan,nan,1.1669550568021734,1.44541335465194,1.7440122748517175,1.44541335465194,1.961585070805857,nan,nan,nan,nan,nan,nan,nan,nan
pinn_weak_tapered__d3__m2__n0.001,pinn_weak_tapered,known_physics_forward_surrogate,3,2,0.001,5.005616158244255,5.005616158244255,0.0,0.1511447169132261,0.1511447169132261,0.1187463687174732,0.0,3.924515283797082,0.0572750754654407,0.0004474615270737,0,70272,nan,2560000,27.15089300647378,34051,5000,19458560,nan,nan,1.167135004148381,1.4377734003596307,1.8426643384970127,1.4377734003596307,2.1206878146872192,nan,nan,nan,nan,nan,nan,nan,nan
sindy_strong__d3__m0__n0.001,sindy_strong,state_only_dynamics,3,0,0.001,21.56616742630417,21.56616742630417,0.0,6.61461518196593,6.61461518196593,6.558453287626596,0.0,1.2541803769963429,12.23884404078126,0.0956159690686035,12544000,0,0.001,0,1.0927726970985532,60,1,0,nan,0.0034032105228761,0.0004527045045794,0.0008416392783277,0.0133699208235695,0.0008416392783277,0.0215695912247828,1.0,0.0008878768537985,0.0080699958190893,0.1237933028980348,0.1245790203325256,0.1921401292900208,"[0.8478225037911463, 0.005390456368967259, -14.461226010914354]",0.0094085761011971
sindy_strong__d3__m1__n0.001,sindy_strong,state_only_dynamics,3,1,0.001,21.56616742630417,21.56616742630417,0.0,6.61461518196593,6.61461518196593,6.558453287626596,0.0,1.2541803769963429,12.32239123992622,0.0962686815619235,12544000,0,0.001,0,1.0912200659513474,60,1,0,nan,0.0034032105228761,0.0004527045045794,0.0008416392783277,0.0133699208235695,0.0008416392783277,0.0215695912247828,1.0,0.0008878768537985,0.0080699958190893,0.1237933028980348,0.1245790203325256,0.1921401292900208,"[0.8478225037911463, 0.005390456368967259, -14.461226010914354]",0.0094085761011971
sindy_strong__d3__m2__n0.001,sindy_strong,state_only_dynamics,3,2,0.001,21.56616742630417,21.56616742630417,0.0,6.61461518196593,6.61461518196593,6.558453287626596,0.0,1.2541803769963429,12.209712509065866,0.095388378977077,12544000,0,0.001,0,0.9764206670224668,60,1,0,nan,0.0034032105228761,0.0004527045045794,0.0008416392783277,0.0133699208235695,0.0008416392783277,0.0215695912247828,1.0,0.0008878768537985,0.0080699958190893,0.1237933028980348,0.1245790203325256,0.1921401292900208,"[0.8478225037911463, 0.005390456368967259, -14.461226010914354]",0.0094085761011971
sindy_weak__d3__m0__n0.001,sindy_weak,state_only_dynamics,3,0,0.001,21.56616742630417,21.56616742630417,0.0,6.896209635667342,6.896209635667342,7.019737258413704,0.0,1.2655348121995138,5.593581402674317,0.0436998547083931,12544000,0,0.001,0,1.230503723025322,30,1,0,nan,0.0008447224098441,0.0005110163258793,0.0013713880526137,0.0113432923912381,0.0013713880526137,0.017318617202894,1.0,0.0004337644979306,0.0076350165412858,0.1724102249996803,0.1803112130095479,0.0911644714047936,"[0.9009692243729079, -0.019345685281872863, -14.550774709625703]",0.0027194409027497
sindy_weak__d3__m1__n0.001,sindy_weak,state_only_dynamics,3,1,0.001,21.56616742630417,21.56616742630417,0.0,6.896209635667342,6.896209635667342,7.019737258413704,0.0,1.2655348121995138,5.391077559441328,0.0421177934331353,12544000,0,0.001,0,1.2270477237179875,30,1,0,nan,0.0008447224098441,0.0005110163258793,0.0013713880526137,0.0113432923912381,0.0013713880526137,0.017318617202894,1.0,0.0004337644979306,0.0076350165412858,0.1724102249996803,0.1803112130095479,0.0911644714047936,"[0.9009692243729079, -0.019345685281872863, -14.550774709625703]",0.0027194409027497
sindy_weak__d3__m2__n0.001,sindy_weak,state_only_dynamics,3,2,0.001,21.56616742630417,21.56616742630417,0.0,6.896209635667342,6.896209635667342,7.019737258413704,0.0,1.2655348121995138,5.563965372741222,0.0434684794745408,12544000,0,0.001,0,1.233994221314788,30,1,0,nan,0.0008447224098441,0.0005110163258793,0.0013713880526137,0.0113432923912381,0.0013713880526137,0.017318617202894,1.0,0.0004337644979306,0.0076350165412858,0.1724102249996803,0.1803112130095479,0.0911644714047936,"[0.9009692243729079, -0.019345685281872863, -14.550774709625703]",0.0027194409027497
sindy_weak_weighted__d3__m0__n0.001,sindy_weak_weighted,state_only_dynamics,3,0,0.001,21.56616742630417,21.56616742630417,0.0,6.976349162151551,6.976349162151551,6.942095401944586,0.0,1.2438419678778012,5.131092069670558,0.0400866567943012,12544000,0,0.001,0,1.0894587859511375,30,1,0,nan,0.0012791510735183,0.0004894757096908,0.0013559789565111,0.0113756498807828,0.0013559789565111,0.0176770353225966,1.0,0.0009142262942709,0.0092277948867897,0.2008144016580657,0.2096220753045096,0.0546641923435486,"[0.8330146295621148, 0.01835553832744017, -14.522251179110313]",0.0069480928288034
sindy_weak_weighted__d3__m1__n0.001,sindy_weak_weighted,state_only_dynamics,3,1,0.001,21.56616742630417,21.56616742630417,0.0,6.976349162151551,6.976349162151551,6.942095401944586,0.0,1.2438419678778012,5.14969395659864,0.0402319840359268,12544000,0,0.001,0,1.0925645790994167,30,1,0,nan,0.0012791510735183,0.0004894757096908,0.0013559789565111,0.0113756498807828,0.0013559789565111,0.0176770353225966,1.0,0.0009142262942709,0.0092277948867897,0.2008144016580657,0.2096220753045096,0.0546641923435486,"[0.8330146295621148, 0.01835553832744017, -14.522251179110313]",0.0069480928288034
sindy_weak_weighted__d3__m2__n0.001,sindy_weak_weighted,state_only_dynamics,3,2,0.001,21.56616742630417,21.56616742630417,0.0,6.976349162151551,6.976349162151551,6.942095401944586,0.0,1.2438419678778012,5.141684270463884,0.040169408362999,12544000,0,0.001,0,1.1012859642505646,30,1,0,nan,0.0012791510735183,0.0004894757096908,0.0013559789565111,0.0113756498807828,0.0013559789565111,0.0176770353225966,1.0,0.0009142262942709,0.0092277948867897,0.2008144016580657,0.2096220753045096,0.0546641923435486,"[0.8330146295621148, 0.01835553832744017, -14.522251179110313]",0.0069480928288034
sindy_weighted__d3__m0__n0.001,sindy_weighted,state_only_dynamics,3,0,0.001,21.56616742630417,21.56616742630417,0.0,6.447199928954396,6.447199928954396,6.4488412549643135,0.0,1.286678169203884,12.316916948184373,0.0962259136576904,12544000,0,0.001,0,1.095551922917366,60,1,0,nan,0.0031888362340327,0.000451924519813,0.0009280113251165,0.0139642593258766,0.0009280113251165,0.0225773738289583,1.0,0.0005121474363944,0.0140847742131564,0.3152767372984246,0.3340231323455394,0.1575926207655473,"[0.8810298626252043, -0.009745296392300972, -14.488698587146473]",0.0068047666159396
sindy_weighted__d3__m1__n0.001,sindy_weighted,state_only_dynamics,3,1,0.001,21.56616742630417,21.56616742630417,0.0,6.447199928954396,6.447199928954396,6.4488412549643135,0.0,1.286678169203884,12.064288552850485,0.0942522543191444,12544000,0,0.001,0,1.0872688479721546,60,1,0,nan,0.0031888362340327,0.000451924519813,0.0009280113251165,0.0139642593258766,0.0009280113251165,0.0225773738289583,1.0,0.0005121474363944,0.0140847742131564,0.3152767372984246,0.3340231323455394,0.1575926207655473,"[0.8810298626252043, -0.009745296392300972, -14.488698587146473]",0.0068047666159396
sindy_weighted__d3__m2__n0.001,sindy_weighted,state_only_dynamics,3,2,0.001,21.56616742630417,21.56616742630417,0.0,6.447199928954396,6.447199928954396,6.4488412549643135,0.0,1.286678169203884,12.247796844691038,0.0956859128491487,12544000,0,0.001,0,0.9776858324185014,60,1,0,nan,0.0031888362340327,0.000451924519813,0.0009280113251165,0.0139642593258766,0.0009280113251165,0.0225773738289583,1.0,0.0005121474363944,0.0140847742131564,0.3152767372984246,0.3340231323455394,0.1575926207655473,"[0.8810298626252043, -0.009745296392300972, -14.488698587146473]",0.0068047666159396
solver_oracle__d3__m0__n0.001,solver_oracle,known_physics_forward_surrogate,3,0,0.001,5.005616158244255,21.56616742630417,1.0,21.566167426304165,5.005616158244253,5.005616158244255,1.0,1.154909270775225e-22,9.77108441106975,0.0763365969614824,121338880,0,0.0001,0,0.0,0,0,0,nan,nan,4.648369648934611e-14,7.95584121740178e-14,5.008712979557342e-13,7.95584121740178e-14,7.828048895055232e-13,1.0,0.0006002224578938,7.775167469064781e-07,2.850609741057633e-05,4.193623766898303e-05,4.711643791244686e-05,"[0.895729697451579, 0.05772075766865369, -14.620110678161218]",0.0047848670313615
solver_oracle__d3__m1__n0.001,solver_oracle,known_physics_forward_surrogate,3,1,0.001,5.005616158244255,21.56616742630417,1.0,21.566167426304165,5.005616158244253,5.005616158244255,1.0,1.154909270775225e-22,9.94268998503685,0.0776772655081003,121338880,0,0.0001,0,0.0,0,0,0,nan,nan,4.648369648934611e-14,7.95584121740178e-14,5.008712979557342e-13,7.95584121740178e-14,7.828048895055232e-13,1.0,0.0006002224578938,7.775167469064781e-07,2.850609741057633e-05,4.193623766898303e-05,4.711643791244686e-05,"[0.895729697451579, 0.05772075766865369, -14.620110678161218]",0.0047848670313615
solver_oracle__d3__m2__n0.001,solver_oracle,known_physics_forward_surrogate,3,2,0.001,5.005616158244255,21.56616742630417,1.0,21.566167426304165,5.005616158244253,5.005616158244255,1.0,1.154909270775225e-22,10.130445132032037,0.0791441025940002,121338880,0,0.0001,0,0.0,0,0,0,nan,nan,4.648369648934611e-14,7.95584121740178e-14,5.008712979557342e-13,7.95584121740178e-14,7.828048895055232e-13,1.0,0.0006002224578938,7.775167469064781e-07,2.850609741057633e-05,4.193623766898303e-05,4.711643791244686e-05,"[0.895729697451579, 0.05772075766865369, -14.620110678161218]",0.0047848670313615
lorenz_ad__d4__m0__n0.001,lorenz_ad,known_form_hidden_parameters,4,0,0.001,21.14598796776542,21.14598796776542,0.0,5.94160015589953,5.94160015589953,5.932751267846064,0.0,1.3380259131168126,1.032724333927035,0.0080681588588049,12295680,0,0.001,32000000,687.06377261132,3,10000,9221632,9.321103804334426e-05,nan,0.0011269967342611,0.0031824341076357,0.0261131284939297,0.0031824341076357,0.0406771283774087,1.0,0.0004925000785136,0.0041719681471965,0.108318114536709,0.1130472115207382,0.0327889960252204,"[0.8044881083093238, 0.03161561614493498, -14.504492916369859]",0.0093737125255441
lorenz_ad__d4__m1__n0.001,lorenz_ad,known_form_hidden_parameters,4,1,0.001,21.14598796776542,21.14598796776542,0.0,5.709388206496491,5.709388206496491,5.695258530411119,0.0,1.3967361868690944,1.4148942548781631,0.0110538613662356,12295680,0,0.001,32000000,724.7340349052101,3,10000,9221632,0.0005966914748709,nan,0.0031889085125729,0.0069407379978762,0.0367115620516722,0.0069407379978762,0.0548756414965318,1.0,0.0017642418152628,0.0083202004793076,0.223931297025775,0.2245545542830273,0.0220827941260409,"[0.8397058772693777, 0.013786809166380755, -14.53177228717459]",0.0061590409795164
lorenz_ad__d4__m2__n0.001,lorenz_ad,known_form_hidden_parameters,4,2,0.001,21.14598796776542,21.14598796776542,0.0,6.073191684694615,6.073191684694615,6.0560648045911325,0.0,1.3326715984456852,1.141970032826066,0.0089216408814536,12295680,0,0.001,32000000,674.1498759966344,3,10000,9221632,0.0003166494303593,nan,0.0008069758451373,0.0021550663853146,0.0198392490615161,0.0021550663853146,0.0306371874560013,1.0,0.0004463729524002,0.0172029020122605,0.4314502288117955,0.4402520409101623,0.024286883560692,"[0.7616868823211875, 0.04998281316260652, -14.470193999762978]",0.0133132902520492
lorenz_ad_tapered__d4__m0__n0.001,lorenz_ad_tapered,known_form_hidden_parameters,4,0,0.001,21.14598796776542,21.14598796776542,0.0,5.861175181413597,5.861175181413597,5.814004899128591,0.0,1.3458322959397928,1.0278222244232893,0.0080298611283069,12295680,0,0.001,32000000,700.3789994046092,3,10000,9221632,0.0001974605963255,nan,0.001122673114305,0.0031920636407064,0.0295537487948023,0.0031920636407064,0.0441159097861558,1.0,0.0006539125141777,0.0057290438759682,0.1169933961973831,0.1223706919164108,0.0276283537799136,"[0.826519906366234, 0.01770257245737831, -14.51664987605089]",0.0075199200575325
lorenz_ad_tapered__d4__m1__n0.001,lorenz_ad_tapered,known_form_hidden_parameters,4,1,0.001,21.14598796776542,21.14598796776542,0.0,5.820927013170415,5.820927013170415,5.873378083487327,0.0,1.382051264028301,1.089048208668828,0.0085081891302252,12295680,0,0.001,32000000,695.5918977707624,3,10000,9221632,0.0005535352668135,nan,0.0030687731647904,0.0065811487445248,0.0322142875032456,0.0065811487445248,0.0449497871780832,1.0,0.0014606109471919,0.0025857281703465,0.0890606198036331,0.1000512559920767,0.0413887847199803,"[0.8152968135691243, 0.022487146383327297, -14.51608947739046]",0.0082121621534549
lorenz_ad_tapered__d4__m2__n0.001,lorenz_ad_tapered,known_form_hidden_parameters,4,2,0.001,21.14598796776542,21.14598796776542,0.0,5.247533339705933,5.247533339705933,5.279646239899962,0.0,1.4172987274371842,1.0193331316113472,0.0079635400907136,12295680,0,0.001,32000000,703.4571412224323,3,10000,9221632,0.0003830949512621,nan,0.0020493053053006,0.0062685931303661,0.0574677799126009,0.0062685931303661,0.0876294102846702,1.0,0.0005038994859696,0.0035976838445897,0.0404593557037725,0.0467194127618651,0.0383020594895078,"[0.8012445874348638, 0.042318255134926264, -14.504193970611082]",0.0097449050530107
node_soft_dtw__d4__m0__n0.001,node_soft_dtw,state_only_dynamics,4,0,0.001,21.14598796776542,21.14598796776542,0.0,1.45607025679767,1.45607025679767,1.4340907606648687,0.0,1.8409742867298264,27.714678345248103,0.2165209245722508,12295680,0,0.001,25600000,1217.4498206675053,33923,5000,30950400,nan,nan,0.1270319633158259,0.3694413656373569,0.8422158689075239,0.3694413656373569,1.1847227948929622,1.0,0.0013365736920336,0.0490837799952709,0.8797259137580636,0.749111740167313,0.3175129157985252,"[0.9291275116188847, 0.02101307174153729, -12.892630864818422]",0.1156370519710753
node_soft_dtw__d4__m1__n0.001,node_soft_dtw,state_only_dynamics,4,1,0.001,21.14598796776542,21.14598796776542,0.0,2.563893951491212,2.563893951491212,2.5576140954532685,0.0,1.6917599813664874,16.72520472854376,0.1306656619417481,12295680,0,0.001,25600000,1250.878472501412,33923,5000,30950400,nan,nan,0.031012674497649,0.0900912997560967,0.5658921299954118,0.0900912997560967,0.8538458425888833,1.0,0.0015825799568782,0.0232922711370783,0.4399389219468424,0.4430921585856287,0.1778062885369077,"[0.720698963500377, 0.08020226032625088, -11.729526085959337]",0.19575040264434
node_soft_dtw__d4__m2__n0.001,node_soft_dtw,state_only_dynamics,4,2,0.001,21.14598796776542,21.14598796776542,0.0,2.373642858341703,2.373642858341703,2.41603188659782,0.0,1.702581154097175,16.635048411786556,0.1299613157170824,12295680,0,0.001,25600000,1330.9165782872587,33923,5000,30950400,nan,nan,0.0403002888929234,0.1191919056186935,0.6014607142142443,0.1191919056186935,0.8996361331789215,1.0,0.0019978673799063,0.0269074554627356,0.2129439190121592,0.2269564191621974,0.3446783674112513,"[0.7712989295894807, 0.03745516653699448, -12.516685624690073]",0.1417110048240535
node_strong__d4__m0__n0.001,node_strong,state_only_dynamics,4,0,0.001,21.14598796776542,21.14598796776542,0.0,2.2687407177078773,2.2687407177078773,2.352091534211488,0.0,1.7344420853506903,16.214808966964483,0.12667819505441,12295680,0,0.001,6560000,44.640184892341495,33923,5000,25560064,nan,nan,0.0474633770273114,0.1169585461171634,0.6065240622882426,0.1169585461171634,0.8876164546994312,1.0,0.0001938026597629,0.0140664540809512,0.1326995071239474,0.1586562386988894,0.1853076248786017,"[0.7052557343482035, 0.0789023659176856, -9.164100354486175]",0.3711300950708332
node_strong__d4__m1__n0.001,node_strong,state_only_dynamics,4,1,0.001,21.14598796776542,21.14598796776542,0.0,2.9064315535608465,2.9064315535608465,2.9458233777988543,0.0,1.6381152642735328,16.714529430493712,0.1305822611757321,12295680,0,0.001,6560000,45.4221332333982,33923,5000,25560064,nan,nan,0.0375366320170181,0.0783621156400786,0.4394295678784157,0.0783621156400786,0.6566512691796111,1.0,0.0010462319810011,0.0116537823345643,0.0943654664703191,0.101686675256286,0.1149883668878538,"[0.7741457418315727, 0.04422191119874056, -9.257417400115814]",0.3645682352567455
node_strong__d4__m2__n0.001,node_strong,state_only_dynamics,4,2,0.001,21.14598796776542,21.14598796776542,0.0,2.0346733562936272,2.0346733562936272,1.8360015470932396,0.0,1.744036065622628,16.79181035235524,0.1311860183777753,12295680,0,0.001,6560000,45.93277573026717,33923,5000,25560064,nan,nan,0.0743514116692515,0.185214258686417,0.6844507140491917,0.185214258686417,0.9924081352289416,1.0,0.0038671295173753,0.0390172433688211,0.7968198831614364,0.8393860509946462,0.1846586405204699,"[0.8975212167450127, 0.033398099775065734, -9.087623698895825]",0.3760611127054821
node_weak__d4__m0__n0.001,node_weak,state_only_dynamics,4,0,0.001,21.14598796776542,21.14598796776542,0.0,2.450927904808664,2.450927904808664,2.489106575039342,0.0,1.6915208808062974,16.289674354717135,0.1272630808962276,12295680,0,0.001,6560000,36.87336122430861,33923,5000,24168448,nan,nan,0.0301185019509169,0.0879464363984248,0.5521827006180561,0.0879464363984248,0.836566086392668,1.0,0.0001939184476815,0.0151408424224027,0.4984749869392056,0.4895817593701531,0.1652418583363536,"[0.8925197953003075, -0.030525945054305274, -8.57350232916326]",0.4112501734041047
node_weak__d4__m1__n0.001,node_weak,state_only_dynamics,4,1,0.001,21.14598796776542,21.14598796776542,0.0,2.896797683502638,2.896797683502638,3.0097637301851856,0.0,1.644715722650959,16.713619880378246,0.130575155315455,12295680,0,0.001,6560000,39.73101249337196,33923,5000,24168448,nan,nan,0.0248696200958004,0.0725889032861812,0.4617083395938962,0.0725889032861812,0.6977700980224908,1.0,0.0006284836039953,0.0211263396692877,0.4356146925592942,0.4413083375589661,0.1095254155994604,"[1.0609178984115804, -0.04978447542013075, -9.116078322711783]",0.3742586662263694
node_weak__d4__m2__n0.001,node_weak,state_only_dynamics,4,2,0.001,21.14598796776542,21.14598796776542,0.0,3.290501839881424,3.290501839881424,3.128510098902659,0.0,1.5755803586111972,16.692653354257345,0.1304113543301355,12295680,0,0.001,6560000,41.20387847349048,33923,5000,24168448,nan,nan,0.0205204440188304,0.0523229058452704,0.4160743533618273,0.0523229058452704,0.6352874634330626,1.0,0.0007516294698131,0.0064596054818469,0.05024728557989,0.0555099360947935,0.0919388912489844,"[0.8554333641828156, 0.01590380792618863, -8.785757993165612]",0.3967351692214821
pinn_strong__d4__m0__n0.001,pinn_strong,known_physics_forward_surrogate,4,0,0.001,5.005616158244255,5.005616158244255,0.0,0.2888020157449603,0.2888020157449603,0.2694629136281122,0.0,4.074738942766018,0.0539877191185951,0.000421779055614,0,70272,nan,2560000,41.86123571917415,34051,5000,24099840,nan,nan,1.174265149148117,1.503462782706244,1.8460754827361323,1.503462782706244,2.09617925883764,nan,nan,nan,nan,nan,nan,nan,nan
pinn_strong__d4__m1__n0.001,pinn_strong,known_physics_forward_surrogate,4,1,0.001,5.005616158244255,5.005616158244255,0.0,0.2939400797760049,0.2939400797760049,0.2740300816557073,0.0,4.23377193670293,0.0575338993221521,0.0004494835884543,0,70272,nan,2560000,42.4764099046588,34051,5000,24099840,nan,nan,1.1345262987730358,1.483632580759038,1.9017486493578384,1.483632580759038,2.171723234816546,nan,nan,nan,nan,nan,nan,nan,nan
pinn_strong__d4__m2__n0.001,pinn_strong,known_physics_forward_surrogate,4,2,0.001,5.005616158244255,5.005616158244255,0.0,0.2892301877475474,0.2892301877475474,0.2740300816557073,0.0,4.064948731895849,0.0594778042286634,0.0004646703455364,0,70272,nan,2560000,43.49522436782718,34051,5000,24099840,nan,nan,1.1655609790742978,1.4927023499121552,1.8668035924002804,1.4927023499121552,2.121896104367836,nan,nan,nan,nan,nan,nan,nan,nan
pinn_weak__d4__m0__n0.001,pinn_weak,known_physics_forward_surrogate,4,0,0.001,5.005616158244255,5.005616158244255,0.0,0.2030962532271206,0.2030962532271206,0.1552837129382341,0.0,6.339202687520471,0.05681755207479,0.0004438871255842,0,70272,nan,2560000,26.661871451884508,34051,5000,19458560,nan,nan,1.1708748945955825,1.534593226005485,2.3212447158161167,1.534593226005485,2.8440835315305577,nan,nan,nan,nan,nan,nan,nan,nan
pinn_weak__d4__m1__n0.001,pinn_weak,known_physics_forward_surrogate,4,1,0.001,5.005616158244255,5.005616158244255,0.0,0.2033817012288453,0.2033817012288453,0.1598508809658292,0.0,5.3798148058190005,0.0591548476368188,0.0004621472471626,0,70272,nan,2560000,26.250526633113623,34051,5000,19458560,nan,nan,1.1528805021643875,1.4834948469713851,2.151909926847668,1.4834948469713851,2.572257871169506,nan,nan,nan,nan,nan,nan,nan,nan
pinn_weak__d4__m2__n0.001,pinn_weak,known_physics_forward_surrogate,4,2,0.001,5.005616158244255,5.005616158244255,0.0,0.20366714923057,0.20366714923057,0.1598508809658292,0.0,5.782712911470807,0.0533041320741176,0.000416438531829,0,70272,nan,2560000,25.9352955147624,34051,5000,19458560,nan,nan,1.1551920144589176,1.5046592996252637,2.21658357253406,1.5046592996252637,2.695201975782404,nan,nan,nan,nan,nan,nan,nan,nan
pinn_weak_tapered__d4__m0__n0.001,pinn_weak_tapered,known_physics_forward_surrogate,4,0,0.001,5.005616158244255,5.005616158244255,0.0,0.1807599470921632,0.1807599470921632,0.1552837129382341,0.0,4.246143325477807,0.0576611328870058,0.0004504776006797,0,70272,nan,2560000,78.54361192695796,34051,5000,19458560,nan,nan,1.1161989381561293,1.460638383777766,1.919389776177052,1.460638383777766,2.210814006330017,nan,nan,nan,nan,nan,nan,nan,nan
pinn_weak_tapered__d4__m1__n0.001,pinn_weak_tapered,known_physics_forward_surrogate,4,1,0.001,5.005616158244255,5.005616158244255,0.0,0.1709833530330924,0.1709833530330924,0.150716544910639,0.0,3.0330635808612216,0.0619101617485284,0.0004836731386603,0,70272,nan,2560000,74.70010939240456,34051,5000,19458560,nan,nan,1.0921690598153138,1.404915642009496,1.6172601368171424,1.404915642009496,1.7545782244829389,nan,nan,nan,nan,nan,nan,nan,nan
pinn_weak_tapered__d4__m2__n0.001,pinn_weak_tapered,known_physics_forward_surrogate,4,2,0.001,5.005616158244255,5.005616158244255,0.0,0.1562827809442706,0.1562827809442706,0.1461493768830439,0.0,4.526579824740944,0.0533123165369033,0.0004165024729445,0,70272,nan,2560000,28.45505690388381,34051,5000,19458560,nan,nan,1.1091187177402024,1.4390545213606007,1.968475348513168,1.4390545213606007,2.325941040921521,nan,nan,nan,nan,nan,nan,nan,nan
sindy_strong__d4__m0__n0.001,sindy_strong,state_only_dynamics,4,0,0.001,21.14598796776542,21.14598796776542,0.0,6.913407877771254,6.913407877771254,6.946662569972182,0.0,1.2594933449728292,12.227670449763536,0.0955286753887776,12295680,0,0.001,0,1.085513211786747,60,1,0,nan,0.0037490024427764,0.0004434236810269,0.000799230748964,0.0113870536640812,0.000799230748964,0.0181155070423991,1.0,0.0007329696989006,0.0077740252449837,0.1322949627536895,0.1400685321967449,0.1103931062533761,"[0.8004414574043285, 0.051436997545633786, -14.457193436998267]",0.012010537272816
sindy_strong__d4__m1__n0.001,sindy_strong,state_only_dynamics,4,1,0.001,21.14598796776542,21.14598796776542,0.0,6.913407877771254,6.913407877771254,6.946662569972182,0.0,1.2594933449728292,12.165824495255947,0.095045503869187,12295680,0,0.001,0,1.0889473911374807,60,1,0,nan,0.0037490024427764,0.0004434236810269,0.000799230748964,0.0113870536640812,0.000799230748964,0.0181155070423991,1.0,0.0007329696989006,0.0077740252449837,0.1322949627536895,0.1400685321967449,0.1103931062533761,"[0.8004414574043285, 0.051436997545633786, -14.457193436998267]",0.012010537272816
sindy_strong__d4__m2__n0.001,sindy_strong,state_only_dynamics,4,2,0.001,21.14598796776542,21.14598796776542,0.0,6.913407877771254,6.913407877771254,6.946662569972182,0.0,1.2594933449728292,12.39165909960866,0.0968098367156926,12295680,0,0.001,0,0.965653482824564,60,1,0,nan,0.0037490024427764,0.0004434236810269,0.000799230748964,0.0113870536640812,0.000799230748964,0.0181155070423991,1.0,0.0007329696989006,0.0077740252449837,0.1322949627536895,0.1400685321967449,0.1103931062533761,"[0.8004414574043285, 0.051436997545633786, -14.457193436998267]",0.012010537272816
sindy_weak__d4__m0__n0.001,sindy_weak,state_only_dynamics,4,0,0.001,21.14598796776542,21.14598796776542,0.0,6.931462463880342,6.931462463880342,6.882722217585849,0.0,1.265419737456292,5.562502784654498,0.0434570530051132,12295680,0,0.001,0,1.2289647199213505,30,1,0,nan,0.0006654293536675,0.0004006635204406,0.001209667356348,0.0092705124886993,0.001209667356348,0.0139787668902717,1.0,0.0003919550085049,0.0016879476098551,0.0580438443609639,0.0671746894915942,0.0257344055162321,"[0.8343681596566966, 0.01250896579746477, -14.513050956725031]",0.0072156827740463
sindy_weak__d4__m1__n0.001,sindy_weak,state_only_dynamics,4,1,0.001,21.14598796776542,21.14598796776542,0.0,6.931462463880342,6.931462463880342,6.882722217585849,0.0,1.265419737456292,5.383989421650767,0.0420624173566466,12295680,0,0.001,0,1.219339699484408,30,1,0,nan,0.0006654293536675,0.0004006635204406,0.001209667356348,0.0092705124886993,0.001209667356348,0.0139787668902717,1.0,0.0003919550085049,0.0016879476098551,0.0580438443609639,0.0671746894915942,0.0257344055162321,"[0.8343681596566966, 0.01250896579746477, -14.513050956725031]",0.0072156827740463
sindy_weak__d4__m2__n0.001,sindy_weak,state_only_dynamics,4,2,0.001,21.14598796776542,21.14598796776542,0.0,6.931462463880342,6.931462463880342,6.882722217585849,0.0,1.265419737456292,5.473232574760914,0.0427596294903196,12295680,0,0.001,0,1.21908887475729,30,1,0,nan,0.0006654293536675,0.0004006635204406,0.001209667356348,0.0092705124886993,0.001209667356348,0.0139787668902717,1.0,0.0003919550085049,0.0016879476098551,0.0580438443609639,0.0671746894915942,0.0257344055162321,"[0.8343681596566966, 0.01250896579746477, -14.513050956725031]",0.0072156827740463
sindy_weak_weighted__d4__m0__n0.001,sindy_weak_weighted,state_only_dynamics,4,0,0.001,21.14598796776542,21.14598796776542,0.0,6.939455007928633,6.939455007928633,7.006035754330918,0.0,1.2322067563855683,4.987696653231978,0.0389663801033748,12295680,0,0.001,0,1.115365942940116,30,1,0,nan,0.0012016781303671,0.000423436701266,0.0012458053277652,0.0102550755411066,0.0012458053277652,0.0152083559866403,1.0,0.0006375151366613,0.0058408224970105,0.1303617665270389,0.1379209849106957,0.0487710834283061,"[0.8056641261086885, 0.052651607957131155, -14.525506070488545]",0.0090234741491664
sindy_weak_weighted__d4__m1__n0.001,sindy_weak_weighted,state_only_dynamics,4,1,0.001,21.14598796776542,21.14598796776542,0.0,6.939455007928633,6.939455007928633,7.006035754330918,0.0,1.2322067563855683,5.120273801498115,0.040002139074204,12295680,0,0.001,0,1.115751350298524,30,1,0,nan,0.0012016781303671,0.000423436701266,0.0012458053277652,0.0102550755411066,0.0012458053277652,0.0152083559866403,1.0,0.0006375151366613,0.0058408224970105,0.1303617665270389,0.1379209849106957,0.0487710834283061,"[0.8056641261086885, 0.052651607957131155, -14.525506070488545]",0.0090234741491664
sindy_weak_weighted__d4__m2__n0.001,sindy_weak_weighted,state_only_dynamics,4,2,0.001,21.14598796776542,21.14598796776542,0.0,6.939455007928633,6.939455007928633,7.006035754330918,0.0,1.2322067563855683,5.1218620259314775,0.0400145470775896,12295680,0,0.001,0,1.0818470614030955,30,1,0,nan,0.0012016781303671,0.000423436701266,0.0012458053277652,0.0102550755411066,0.0012458053277652,0.0152083559866403,1.0,0.0006375151366613,0.0058408224970105,0.1303617665270389,0.1379209849106957,0.0487710834283061,"[0.8056641261086885, 0.052651607957131155, -14.525506070488545]",0.0090234741491664
sindy_weighted__d4__m0__n0.001,sindy_weighted,state_only_dynamics,4,0,0.001,21.14598796776542,21.14598796776542,0.0,6.7077425925286125,6.7077425925286125,6.732005672675211,0.0,1.259495239756458,12.763132870197296,0.0997119755484163,12295680,0,0.001,0,1.0875608334317803,60,1,0,nan,0.0040003560083245,0.0004471326292622,0.0008478740564035,0.0108868551167673,0.0008478740564035,0.0169283567244707,1.0,0.0005146221091347,0.0047087470274657,0.0899261891517465,0.0882497312877134,0.041334450260901,"[0.8229269559940346, 0.03338555517978364, -14.459677000497654]",0.0106342200913874
sindy_weighted__d4__m1__n0.001,sindy_weighted,state_only_dynamics,4,1,0.001,21.14598796776542,21.14598796776542,0.0,6.7077425925286125,6.7077425925286125,6.732005672675211,0.0,1.259495239756458,12.570039093494415,0.0982034304179251,12295680,0,0.001,0,1.095093502663076,60,1,0,nan,0.0040003560083245,0.0004471326292622,0.0008478740564035,0.0108868551167673,0.0008478740564035,0.0169283567244707,1.0,0.0005146221091347,0.0047087470274657,0.0899261891517465,0.0882497312877134,0.041334450260901,"[0.8229269559940346, 0.03338555517978364, -14.459677000497654]",0.0106342200913874
sindy_weighted__d4__m2__n0.001,sindy_weighted,state_only_dynamics,4,2,0.001,21.14598796776542,21.14598796776542,0.0,6.7077425925286125,6.7077425925286125,6.732005672675211,0.0,1.259495239756458,12.289678635075688,0.0960131143365288,12295680,0,0.001,0,0.962917228229344,60,1,0,nan,0.0040003560083245,0.0004471326292622,0.0008478740564035,0.0108868551167673,0.0008478740564035,0.0169283567244707,1.0,0.0005146221091347,0.0047087470274657,0.0899261891517465,0.0882497312877134,0.041334450260901,"[0.8229269559940346, 0.03338555517978364, -14.459677000497654]",0.0106342200913874
solver_oracle__d4__m0__n0.001,solver_oracle,known_physics_forward_surrogate,4,0,0.001,5.005616158244255,21.14598796776542,1.0,21.14598796776543,5.005616158244253,5.005616158244255,1.0,2.475518467507713e-23,9.6959420889616,0.0757495475700125,118970880,0,0.0001,0,0.0,0,0,0,nan,nan,4.496778851984852e-14,8.553319619752685e-14,6.056872004391754e-13,8.553319619752685e-14,8.937305053998303e-13,1.0,0.0005693039601035,5.40419658261438e-07,1.9735546208467263e-05,2.8619854474707616e-05,3.246208906109133e-05,"[0.814994841741819, 0.034074494272390045, -14.51572988624933]",0.0084147149937014
solver_oracle__d4__m1__n0.001,solver_oracle,known_physics_forward_surrogate,4,1,0.001,5.005616158244255,21.14598796776542,1.0,21.14598796776543,5.005616158244253,5.005616158244255,1.0,2.475518467507713e-23,9.695020120590923,0.0757423446921166,118970880,0,0.0001,0,0.0,0,0,0,nan,nan,4.496778851984852e-14,8.553319619752685e-14,6.056872004391754e-13,8.553319619752685e-14,8.937305053998303e-13,1.0,0.0005693039601035,5.40419658261438e-07,1.9735546208467263e-05,2.8619854474707616e-05,3.246208906109133e-05,"[0.814994841741819, 0.034074494272390045, -14.51572988624933]",0.0084147149937014
solver_oracle__d4__m2__n0.001,solver_oracle,known_physics_forward_surrogate,4,2,0.001,5.005616158244255,21.14598796776542,1.0,21.14598796776543,5.005616158244253,5.005616158244255,1.0,2.475518467507713e-23,9.60181032679975,0.075014143178123,118970880,0,0.0001,0,0.0,0,0,0,nan,nan,4.496778851984852e-14,8.553319619752685e-14,6.056872004391754e-13,8.553319619752685e-14,8.937305053998303e-13,1.0,0.0005693039601035,5.40419658261438e-07,1.9735546208467263e-05,2.8619854474707616e-05,3.246208906109133e-05,"[0.814994841741819, 0.034074494272390045, -14.51572988624933]",0.0084147149937014
lorenz_ad__d5__m0__n0.001,lorenz_ad,known_form_hidden_parameters,5,0,0.001,21.6301077786905,21.6301077786905,0.0,5.405314722659259,5.405314722659259,5.380123936507054,0.0,1.364107571921239,1.050990704447031,0.0082108648784924,12581888,0,0.001,32000000,718.0688843987882,3,10000,9221632,0.0004498370961881,nan,0.0019607362636964,0.0053594676648472,0.0527752669766513,0.0053594676648472,0.080338279844284,1.0,0.0003686152129231,0.0138697142371819,0.3378171710066842,0.3457509419062391,0.0635403151368173,"[0.9169700220500305, -0.02150275604274612, -14.5644492438637]",0.0020139355939225
lorenz_ad__d5__m1__n0.001,lorenz_ad,known_form_hidden_parameters,5,1,0.001,21.6301077786905,21.6301077786905,0.0,7.423717542854579,7.423717542854579,7.293767340069412,0.0,1.2193008484106456,1.019678631797433,0.0079662393109174,12581888,0,0.001,32000000,690.2640412822366,3,10000,9221632,0.0001670597735806,nan,0.000323226184835,0.0007317158569745,0.008025268502032,0.0007317158569745,0.0130092570525058,1.0,0.0003021169558585,0.0150171677708127,0.3897020450336384,0.4014120955301411,0.0902004071561352,"[0.9215022104262028, -0.037954827261991356, -14.554504646132521]",0.0033569082252186
lorenz_ad__d5__m2__n0.001,lorenz_ad,known_form_hidden_parameters,5,2,0.001,21.6301077786905,21.6301077786905,0.0,5.360642110389344,5.360642110389344,5.320750752148318,0.0,1.3983448615993683,1.198141785338521,0.0093604826979571,12581888,0,0.001,32000000,699.3924184534699,3,10000,9221632,0.0003540522556504,nan,0.001894380520249,0.0051103374038102,0.0549314340950758,0.0051103374038102,0.0811646996223093,1.0,0.0005133624557573,0.0044105353895092,0.0947674284956882,0.089211351375633,0.0320503360226092,"[1.0501705480901793, -0.0912230090034018, -14.618853624506734]",0.0115998880398562
lorenz_ad_tapered__d5__m0__n0.001,lorenz_ad_tapered,known_form_hidden_parameters,5,0,0.001,21.6301077786905,21.6301077786905,0.0,5.373772718468681,5.373772718468681,5.352720928341484,0.0,1.406639934285116,1.0545408986508846,0.00823860077071,12581888,0,0.001,32000000,706.5159963145852,3,10000,9221632,0.0004606591344616,nan,0.0021011654628735,0.0052636316377444,0.049795897978053,0.0052636316377444,0.0756210873554611,1.0,0.0005221557860306,0.0149430302438619,0.3458940414639098,0.3484616749544485,0.0656852188049032,"[0.9104503532837898, -0.0190961152938051, -14.562085400219225]",0.0019883108464611
lorenz_ad_tapered__d5__m1__n0.001,lorenz_ad_tapered,known_form_hidden_parameters,5,1,0.001,21.6301077786905,21.6301077786905,0.0,6.239251059697955,6.239251059697955,6.101736484867083,0.0,1.32914183278807,1.2018755953758955,0.0093896530888741,12581888,0,0.001,32000000,733.9299263432622,3,10000,9221632,0.0002361715379731,nan,0.0007414539431863,0.0022443735443536,0.0275634080980234,0.0022443735443536,0.0422292851204314,1.0,0.0001185197827588,0.0065393638166069,0.1487045434485391,0.1561359199281667,0.0444057185953784,"[0.9683251940138858, -0.0664856789976899, -14.57423539744828]",0.0060236194916097
lorenz_ad_tapered__d5__m2__n0.001,lorenz_ad_tapered,known_form_hidden_parameters,5,2,0.001,21.6301077786905,21.6301077786905,0.0,4.783180802900287,4.783180802900287,4.699615900395381,0.0,1.4605063890025125,1.0876709576696155,0.0084974293567938,12581888,0,0.001,32000000,689.7840147968382,3,10000,9221632,0.0002703877688406,nan,0.0030284605014822,0.0093299095690981,0.1186230675352557,0.0093299095690981,0.1744987289687545,1.0,0.0007618389160228,0.0035599546768169,0.0699845236416643,0.07045933892872,0.042654482569951,"[0.9518266857069154, -0.05866625525589684, -14.5565234355696]",0.0052063479657425
node_soft_dtw__d5__m0__n0.001,node_soft_dtw,state_only_dynamics,5,0,0.001,21.6301077786905,21.6301077786905,0.0,1.561186483432789,1.561186483432789,1.484329608968415,0.0,1.8194350509433388,28.42640386335552,0.2220812801824649,12581888,0,0.001,25600000,1244.6012638248503,33923,5000,30950400,nan,nan,0.0686418373149865,0.2868831230175859,0.8459287665505162,0.2868831230175859,1.1607091491035286,1.0,0.0151259704113106,0.0981720231245269,2.3213899603804853,2.2969349843071463,0.1497316883793252,"[0.702423670040738, 0.09280181411339064, -13.255241289322656]",0.0921579547928575
node_soft_dtw__d5__m1__n0.001,node_soft_dtw,state_only_dynamics,5,1,0.001,21.6301077786905,21.6301077786905,0.0,1.1741189930941025,1.1741189930941025,1.0869859905676391,0.0,1.918117463108972,17.091435933485627,0.1335268432303564,12581888,0,0.001,25600000,1267.1018756702542,33923,5000,30950400,nan,nan,0.1967159824060248,0.5665050342107868,0.9564869672692812,0.5665050342107868,1.260252881749633,1.0,0.0108473358436331,0.1065657534845978,2.1623084372940413,2.077537149111848,0.4734603245957105,"[0.8063110171357839, 0.05855199465994847, -12.361297325796633]",0.1522172472926367
node_soft_dtw__d5__m2__n0.001,node_soft_dtw,state_only_dynamics,5,2,0.001,21.6301077786905,21.6301077786905,0.0,1.589945369606552,1.589945369606552,1.4432250967200588,0.0,1.7649385825466042,16.61796277575195,0.1298278341855621,12581888,0,0.001,25600000,1320.99086035043,33923,5000,30950400,nan,nan,0.1153799823825207,0.2546284799549739,0.7635603871700862,0.2546284799549739,1.0802137481465182,1.0,0.0015878854839914,0.0389555436042945,0.3911710459757758,0.4936532880918102,0.3138987734355885,"[1.033766344856934, -0.06952914078459488, -12.075075269434382]",0.1718482074131265
node_strong__d5__m0__n0.001,node_strong,state_only_dynamics,5,0,0.001,21.6301077786905,21.6301077786905,0.0,2.2413377095423064,2.2413377095423064,2.1785391491628734,0.0,1.7366691934226135,17.037123730406165,0.1331025291437981,12581888,0,0.001,6560000,13.893752021715043,33923,5000,25560064,nan,nan,0.0483054627817754,0.1251703991211686,0.6519899615281546,0.1251703991211686,0.9647633904915448,1.0,0.0012028661287011,0.0279817937913144,0.5011786102816084,0.4885616448876262,0.1346373107006252,"[0.9055428767031615, -0.045066976454186544, -9.142180271966446]",0.3723335430592141
node_strong__d5__m1__n0.001,node_strong,state_only_dynamics,5,1,0.001,21.6301077786905,21.6301077786905,0.0,2.7330218925130936,2.7330218925130936,2.5530469274256737,0.0,1.668226459566392,17.135052179917693,0.1338675951556069,12581888,0,0.001,6560000,14.338755711913109,33923,5000,25560064,nan,nan,0.046486011067064,0.0900066878429293,0.5057859966808615,0.0900066878429293,0.751051431072385,1.0,0.0002007134758403,0.0116028234314638,0.4028398411881632,0.4320502506142478,0.1183728009716693,"[0.9714466171307168, -0.03853386102346908, -8.815827131229305]",0.394685764601835
node_strong__d5__m2__n0.001,node_strong,state_only_dynamics,5,2,0.001,21.6301077786905,21.6301077786905,0.0,2.7267420364751507,2.7267420364751507,2.740300816557073,0.0,1.6836758908662954,16.65797185152769,0.13014040509006,12581888,0,0.001,6560000,13.975453555583954,33923,5000,25560064,nan,nan,0.052634816147367,0.1246034919288382,0.4703776066222958,0.1246034919288382,0.6895878564033764,1.0,0.0003800107511111,0.0188944996669338,0.0737139983342496,0.0794871482793924,0.0782514637988381,"[0.9008659926758297, -0.014878509203577268, -8.555222734455704]",0.4124953171942518
node_weak__d5__m0__n0.001,node_weak,state_only_dynamics,5,0,0.001,21.6301077786905,21.6301077786905,0.0,2.5356345993204674,2.5356345993204674,2.5119424151773173,0.0,1.7263480598385723,17.072933616116643,0.1333822938759112,12581888,0,0.001,6560000,19.81558040343225,33923,5000,24168448,nan,nan,0.023793685611201,0.063118027198213,0.5339704399595729,0.063118027198213,0.8340808524973272,1.0,0.0005635292437484,0.0284491122597819,0.7165404344646277,0.7361303926903714,0.0388605951241452,"[0.9227854004992533, -0.014960774678838032, -8.791047340396416]",0.3963543137687538
node_weak__d5__m1__n0.001,node_weak,state_only_dynamics,5,1,0.001,21.6301077786905,21.6301077786905,0.0,3.000772118130857,3.000772118130857,2.96865921793683,0.0,1.651765951303096,17.240827726200223,0.1346939666109392,12581888,0,0.001,6560000,18.15628912113607,33923,5000,24168448,nan,nan,0.0280505652789682,0.0779504132471263,0.4196787750749204,0.0779504132471263,0.6433890249245104,1.0,0.0011429963801685,0.0224173898576966,0.5547708894073933,0.5259691149846921,0.1440659779503764,"[0.9384217354248143, -0.06830977726388168, -8.834390192401287]",0.3934186204653837
node_weak__d5__m2__n0.001,node_weak,state_only_dynamics,5,2,0.001,21.6301077786905,21.6301077786905,0.0,2.377210958363261,2.377210958363261,2.406897550542629,0.0,1.688489323711685,16.783030254766345,0.131117423865362,12581888,0,0.001,6560000,18.26902301982045,33923,5000,24168448,nan,nan,0.0578521203215787,0.1307234276967458,0.5864480126628507,0.1307234276967458,0.8513179922126961,1.0,0.0040395250500253,0.036363547625042,1.0002952926208637,1.0199501230325256,0.3175754070970307,"[0.92802399084646, -0.08880399680513387, -8.973544355622076]",0.3839128190772424
pinn_strong__d5__m0__n0.001,pinn_strong,known_physics_forward_surrogate,5,0,0.001,5.005616158244255,5.005616158244255,0.0,0.2816658157018429,0.2816658157018429,0.2420599054625415,0.0,4.2420902115675165,0.0558646079152822,0.0004364422493381,0,70272,nan,2560000,35.653935328125954,34051,5000,24099840,nan,nan,1.14475532179531,1.478112907857226,1.8902232102879293,1.478112907857226,2.1805673555297918,nan,nan,nan,nan,nan,nan,nan,nan
pinn_strong__d5__m1__n0.001,pinn_strong,known_physics_forward_surrogate,5,1,0.001,5.005616158244255,5.005616158244255,0.0,0.2661802616082782,0.2661802616082782,0.2055225612417805,0.0,4.768559758485037,0.0567298680543899,0.0004432020941749,0,70272,nan,2560000,40.1822285335511,34051,5000,24099840,nan,nan,1.1766522635775396,1.5429649380932728,2.019078192900235,1.5429649380932728,2.345020968609992,nan,nan,nan,nan,nan,nan,nan,nan
pinn_strong__d5__m2__n0.001,pinn_strong,known_physics_forward_surrogate,5,2,0.001,5.005616158244255,5.005616158244255,0.0,0.2690347416255252,0.2690347416255252,0.2146568972969707,0.0,3.2755262467048047,0.0557770952582359,0.0004357585567049,0,70272,nan,2560000,36.1197991296649,34051,5000,24099840,nan,nan,1.1569983402858617,1.4885755657518565,1.6805906690434993,1.4885755657518565,1.7750082971649974,nan,nan,nan,nan,nan,nan,nan,nan
pinn_weak__d5__m0__n0.001,pinn_weak,known_physics_forward_surrogate,5,0,0.001,5.005616158244255,5.005616158244255,0.0,0.1817590150981996,0.1817590150981996,0.1187463687174732,0.0,6.018386312297412,0.0626902226358652,0.0004897673643426,0,70272,nan,2560000,20.600266866385937,34051,5000,19458560,nan,nan,1.1919088919422611,1.4963318486479271,2.254032875913996,1.4963318486479271,2.753828351757816,nan,nan,nan,nan,nan,nan,nan,nan
pinn_weak__d5__m1__n0.001,pinn_weak,known_physics_forward_surrogate,5,1,0.001,5.005616158244255,5.005616158244255,0.0,0.1781909150766409,0.1781909150766409,0.1187463687174732,0.0,4.889227912056691,0.0594774670898914,0.0004646677116397,0,70272,nan,2560000,21.121874814853072,34051,5000,19458560,nan,nan,1.1971399605483295,1.4994389566455908,2.046137341589194,1.4994389566455908,2.4075591376633376,nan,nan,nan,nan,nan,nan,nan,nan
pinn_weak__d5__m2__n0.001,pinn_weak,known_physics_forward_surrogate,5,2,0.001,5.005616158244255,5.005616158244255,0.0,0.1816876530977684,0.1816876530977684,0.1187463687174732,0.0,6.033755752331628,0.0632656384259462,0.0004942628002027,0,70272,nan,2560000,21.463628498837352,34051,5000,19458560,nan,nan,1.1907112028625826,1.494147111025915,2.252595100346711,1.494147111025915,2.765256275459285,nan,nan,nan,nan,nan,nan,nan,nan
pinn_weak_tapered__d5__m0__n0.001,pinn_weak_tapered,known_physics_forward_surrogate,5,0,0.001,5.005616158244255,5.005616158244255,0.0,0.1515728889158131,0.1515728889158131,0.1278807047726634,0.0,3.683138941152016,0.0765826255083084,0.0005983017617836,0,70272,nan,2560000,27.395444041118022,34051,5000,19458560,nan,nan,1.1399948981004222,1.4325814504715637,1.773815662247744,1.4325814504715637,2.0038260858133663,nan,nan,nan,nan,nan,nan,nan,nan
pinn_weak_tapered__d5__m1__n0.001,pinn_weak_tapered,known_physics_forward_surrogate,5,1,0.001,5.005616158244255,5.005616158244255,0.0,0.1561400569434082,0.1561400569434082,0.1278807047726634,0.0,4.749480887090787,0.0631331279873848,0.0004932275624014,0,70272,nan,2560000,27.65486219152808,34051,5000,19458560,nan,nan,1.1460354658977083,1.468425281416789,2.00577543648733,1.468425281416789,2.368276010497781,nan,nan,nan,nan,nan,nan,nan,nan
pinn_weak_tapered__d5__m2__n0.001,pinn_weak_tapered,known_physics_forward_surrogate,5,2,0.001,5.005616158244255,5.005616158244255,0.0,0.1678434250141207,0.1678434250141207,0.1278807047726634,0.0,4.894259628760519,0.0624531600624322,0.0004879153129877,0,70272,nan,2560000,29.00604616478085,34051,5000,19458560,nan,nan,1.1629990458613344,1.481302323590696,2.0440150568906734,1.481302323590696,2.424335686413828,nan,nan,nan,nan,nan,nan,nan,nan
sindy_strong__d5__m0__n0.001,sindy_strong,state_only_dynamics,5,0,0.001,21.6301077786905,21.6301077786905,0.0,6.529337591450677,6.529337591450677,6.709169832537235,0.0,1.2836215459234237,12.413131123408675,0.0969775869016302,12581888,0,0.001,0,1.081156836822629,60,1,0,nan,0.0036257294453822,0.000467705069247,0.000983240362084,0.0171338662576424,0.000983240362084,0.0274995925494096,1.0,0.0004569512021419,0.0083303143992451,0.1824491253282809,0.1799379893733773,0.0341941423333201,"[0.9490931191675223, -0.055242862046851526, -14.495549646282942]",0.0074982944688306
sindy_strong__d5__m1__n0.001,sindy_strong,state_only_dynamics,5,1,0.001,21.6301077786905,21.6301077786905,0.0,6.529337591450677,6.529337591450677,6.709169832537235,0.0,1.2836215459234237,12.847439903765917,0.1003706242481712,12581888,0,0.001,0,1.08151148352772,60,1,0,nan,0.0036257294453822,0.000467705069247,0.000983240362084,0.0171338662576424,0.000983240362084,0.0274995925494096,1.0,0.0004569512021419,0.0083303143992451,0.1824491253282809,0.1799379893733773,0.0341941423333201,"[0.9490931191675223, -0.055242862046851526, -14.495549646282942]",0.0074982944688306
sindy_strong__d5__m2__n0.001,sindy_strong,state_only_dynamics,5,2,0.001,21.6301077786905,21.6301077786905,0.0,6.529337591450677,6.529337591450677,6.709169832537235,0.0,1.2836215459234237,12.545165985822678,0.0980091092642396,12581888,0,0.001,0,1.0870549129322171,60,1,0,nan,0.0036257294453822,0.000467705069247,0.000983240362084,0.0171338662576424,0.000983240362084,0.0274995925494096,1.0,0.0004569512021419,0.0083303143992451,0.1824491253282809,0.1799379893733773,0.0341941423333201,"[0.9490931191675223, -0.055242862046851526, -14.495549646282942]",0.0074982944688306
sindy_weak__d5__m0__n0.001,sindy_weak,state_only_dynamics,5,0,0.001,21.6301077786905,21.6301077786905,0.0,7.14048176314325,7.14048176314325,7.143050795158771,0.0,1.2343274727705975,5.544518360868096,0.043316549694282,12581888,0,0.001,0,1.1177240116521716,30,1,0,nan,0.0004320829484584,0.0004116990467899,0.0010972997911616,0.0103661809005723,0.0010972997911616,0.0157434141356109,1.0,0.000359123219483,0.0119082477822451,0.3311027707940916,0.3417357588813581,0.0304883290540038,"[0.977411164246395, -0.07753824336923075, -14.56760916152316]",0.0070484100685558
sindy_weak__d5__m1__n0.001,sindy_weak,state_only_dynamics,5,1,0.001,21.6301077786905,21.6301077786905,0.0,7.14048176314325,7.14048176314325,7.143050795158771,0.0,1.2343274727705975,5.344838250428438,0.0417565488314721,12581888,0,0.001,0,1.2397644352167845,30,1,0,nan,0.0004320829484584,0.0004116990467899,0.0010972997911616,0.0103661809005723,0.0010972997911616,0.0157434141356109,1.0,0.000359123219483,0.0119082477822451,0.3311027707940916,0.3417357588813581,0.0304883290540038,"[0.977411164246395, -0.07753824336923075, -14.56760916152316]",0.0070484100685558
sindy_weak__d5__m2__n0.001,sindy_weak,state_only_dynamics,5,2,0.001,21.6301077786905,21.6301077786905,0.0,7.14048176314325,7.14048176314325,7.143050795158771,0.0,1.2343274727705975,5.191922634840012,0.0405618955846875,12581888,0,0.001,0,1.2470133481547236,30,1,0,nan,0.0004320829484584,0.0004116990467899,0.0010972997911616,0.0103661809005723,0.0010972997911616,0.0157434141356109,1.0,0.000359123219483,0.0119082477822451,0.3311027707940916,0.3417357588813581,0.0304883290540038,"[0.977411164246395, -0.07753824336923075, -14.56760916152316]",0.0070484100685558
sindy_weak_weighted__d5__m0__n0.001,sindy_weak_weighted,state_only_dynamics,5,0,0.001,21.6301077786905,21.6301077786905,0.0,7.102374454913003,7.102374454913003,7.083677610800035,0.0,1.2314657468346306,5.245592622086406,0.04098119236005,12581888,0,0.001,0,1.082843255251646,30,1,0,nan,0.0005609320861782,0.0004042161679624,0.0011096398000083,0.0106935814195509,0.0011096398000083,0.0167232123194758,1.0,0.0002012941581102,0.0079698670674083,0.1787735327235735,0.1862223288016105,0.0562487193685909,"[0.9225613864183357, -0.040822171367827904, -14.549166867101503]",0.0037375930790802
sindy_weak_weighted__d5__m1__n0.001,sindy_weak_weighted,state_only_dynamics,5,1,0.001,21.6301077786905,21.6301077786905,0.0,7.102374454913003,7.102374454913003,7.083677610800035,0.0,1.2314657468346306,5.092463061213493,0.0397848676657304,12581888,0,0.001,0,1.0918895304203031,30,1,0,nan,0.0005609320861782,0.0004042161679624,0.0011096398000083,0.0106935814195509,0.0011096398000083,0.0167232123194758,1.0,0.0002012941581102,0.0079698670674083,0.1787735327235735,0.1862223288016105,0.0562487193685909,"[0.9225613864183357, -0.040822171367827904, -14.549166867101503]",0.0037375930790802
sindy_weak_weighted__d5__m2__n0.001,sindy_weak_weighted,state_only_dynamics,5,2,0.001,21.6301077786905,21.6301077786905,0.0,7.102374454913003,7.102374454913003,7.083677610800035,0.0,1.2314657468346306,5.306535112671554,0.0414573055677465,12581888,0,0.001,0,1.0865284223109484,30,1,0,nan,0.0005609320861782,0.0004042161679624,0.0011096398000083,0.0106935814195509,0.0011096398000083,0.0167232123194758,1.0,0.0002012941581102,0.0079698670674083,0.1787735327235735,0.1862223288016105,0.0562487193685909,"[0.9225613864183357, -0.040822171367827904, -14.549166867101503]",0.0037375930790802
sindy_weighted__d5__m0__n0.001,sindy_weighted,state_only_dynamics,5,0,0.001,21.6301077786905,21.6301077786905,0.0,6.681338652369076,6.681338652369076,6.795946025061543,0.0,1.280620720440685,12.988939482718706,0.1014760897087398,12581888,0,0.001,0,1.0804821830242872,60,1,0,nan,0.0038246479287654,0.000454259076542,0.0008136464020035,0.0151051452101233,0.0008136464020035,0.0235079467768644,1.0,0.0002630374175458,0.0169449136819833,0.4461216114087175,0.4611217603160629,0.0650101429247048,"[0.929686706559814, 0.008041227555756002, -14.540746488417852]",0.0030621778476143
sindy_weighted__d5__m1__n0.001,sindy_weighted,state_only_dynamics,5,1,0.001,21.6301077786905,21.6301077786905,0.0,6.681338652369076,6.681338652369076,6.795946025061543,0.0,1.280620720440685,12.623559040948749,0.0986215550074121,12581888,0,0.001,0,1.1101330211386085,60,1,0,nan,0.0038246479287654,0.000454259076542,0.0008136464020035,0.0151051452101233,0.0008136464020035,0.0235079467768644,1.0,0.0002630374175458,0.0169449136819833,0.4461216114087175,0.4611217603160629,0.0650101429247048,"[0.929686706559814, 0.008041227555756002, -14.540746488417852]",0.0030621778476143
sindy_weighted__d5__m2__n0.001,sindy_weighted,state_only_dynamics,5,2,0.001,21.6301077786905,21.6301077786905,0.0,6.681338652369076,6.681338652369076,6.795946025061543,0.0,1.280620720440685,12.378724697977304,0.0967087867029476,12581888,0,0.001,0,0.972157902084291,60,1,0,nan,0.0038246479287654,0.000454259076542,0.0008136464020035,0.0151051452101233,0.0008136464020035,0.0235079467768644,1.0,0.0002630374175458,0.0169449136819833,0.4461216114087175,0.4611217603160629,0.0650101429247048,"[0.929686706559814, 0.008041227555756002, -14.540746488417852]",0.0030621778476143
solver_oracle__d5__m0__n0.001,solver_oracle,known_physics_forward_surrogate,5,0,0.001,5.005616158244255,21.6301077786905,1.0,21.6301077786905,5.005616158244253,5.005616158244255,1.0,5.549321260949187e-23,10.486131904646754,0.0819229055050527,121699328,0,0.0001,0,0.0,0,0,0,nan,nan,4.6799544415098665e-14,8.657724381410123e-14,6.110241581886239e-13,8.657724381410123e-14,9.393524656176468e-13,1.0,0.000701776902374,5.611956093461305e-07,2.714083624271584e-05,4.003487024977309e-05,4.362745533336176e-05,"[0.920259237639086, -0.0379341908831268, -14.548985465079177]",0.0035689446559648
solver_oracle__d5__m1__n0.001,solver_oracle,known_physics_forward_surrogate,5,1,0.001,5.005616158244255,21.6301077786905,1.0,21.6301077786905,5.005616158244253,5.005616158244255,1.0,5.549321260949187e-23,9.936428925022485,0.0776283509767381,121699328,0,0.0001,0,0.0,0,0,0,nan,nan,4.6799544415098665e-14,8.657724381410123e-14,6.110241581886239e-13,8.657724381410123e-14,9.393524656176468e-13,1.0,0.000701776902374,5.611956093461305e-07,2.714083624271584e-05,4.003487024977309e-05,4.362745533336176e-05,"[0.920259237639086, -0.0379341908831268, -14.548985465079177]",0.0035689446559648
solver_oracle__d5__m2__n0.001,solver_oracle,known_physics_forward_surrogate,5,2,0.001,5.005616158244255,21.6301077786905,1.0,21.6301077786905,5.005616158244253,5.005616158244255,1.0,5.549321260949187e-23,10.36240778118372,0.0809563107904978,121699328,0,0.0001,0,0.0,0,0,0,nan,nan,4.6799544415098665e-14,8.657724381410123e-14,6.110241581886239e-13,8.657724381410123e-14,9.393524656176468e-13,1.0,0.000701776902374,5.611956093461305e-07,2.714083624271584e-05,4.003487024977309e-05,4.362745533336176e-05,"[0.920259237639086, -0.0379341908831268, -14.548985465079177]",0.0035689446559648
lorenz_ad__d1__m0__n0.01,lorenz_ad,known_form_hidden_parameters,1,0,0.01,21.520495746028217,21.520495746028217,0.0,4.458055528935858,4.458055528935858,4.379914138463723,0.0,1.489088161853266,1.1278703808784485,0.0088114873506128,12516864,0,0.001,32000000,714.5592553056777,3,10000,9221632,0.0017175865639363,nan,0.0047087908786798,0.012326540374757,0.1227770131174982,0.012326540374757,0.1801893545727347,1.0,0.0005274719997252,0.0118424785902021,0.2838907341769068,0.2821488875017969,0.0470085321230389,"[0.9630535078386271, -0.004537653506453295, -14.670049978397865]",0.0069331653963381
lorenz_ad__d1__m1__n0.01,lorenz_ad,known_form_hidden_parameters,1,1,0.01,21.520495746028217,21.520495746028217,0.0,4.569380249608489,4.569380249608489,4.503227675208791,0.0,1.5045849018324915,1.292858138680458,0.010100454208441,12516864,0,0.001,32000000,708.1745997294784,3,10000,9221632,0.0015964241993267,nan,0.0042447050877618,0.0129278081418784,0.1198336927844162,0.0129278081418784,0.1747627944114763,1.0,0.0010106229633872,0.0103026596694014,0.2235941783616148,0.2288375049986851,0.0763056925097925,"[0.960794843071194, -0.008720966829042087, -14.655725954981683]",0.0060428844695934
lorenz_ad__d1__m2__n0.01,lorenz_ad,known_form_hidden_parameters,1,2,0.01,21.520495746028217,21.520495746028217,0.0,4.891793767556532,4.891793767556532,4.864033949388806,0.0,1.422072383776957,1.1802078485488892,0.0092203738167881,12516864,0,0.001,32000000,718.4156021736562,3,10000,9221632,0.0009352669748774,nan,0.0029711350895796,0.0080819189820256,0.0921289893842999,0.0080819189820256,0.1437924698560792,1.0,0.0005853892022833,0.0098035906589954,0.2284608676328467,0.2286099935597139,0.0415828938651041,"[0.8754254546512837, -0.007590856922607412, -14.557958848070946]",0.0031444673268252
lorenz_ad_tapered__d1__m0__n0.01,lorenz_ad_tapered,known_form_hidden_parameters,1,0,0.01,21.520495746028217,21.520495746028217,0.0,4.234192933583266,4.234192933583266,4.137854233001182,0.0,1.462281524384854,1.1532577816396952,0.0090098264190601,12516864,0,0.001,32000000,718.5881913788617,3,10000,9221632,0.000956028794312,nan,0.0054279145713334,0.0146608366441654,0.1529816227069614,0.0146608366441654,0.2311328384766147,1.0,0.001640384994948,0.0039714336139122,0.0749589284492529,0.0890911623197992,0.0588372964950952,"[0.9225089607007795, -0.000892616052155989, -14.601990181791596]",0.0015162651621108
lorenz_ad_tapered__d1__m1__n0.01,lorenz_ad_tapered,known_form_hidden_parameters,1,1,0.01,21.520495746028217,21.520495746028217,0.0,4.461766352958279,4.461766352958279,4.338809626215367,0.0,1.4764242997814163,1.1031386274844408,0.0086182705272221,12516864,0,0.001,32000000,717.4691144227982,3,10000,9221632,0.0012959840263898,nan,0.0048699305924829,0.0160706588827975,0.1230411871487431,0.0160706588827975,0.1821029105897842,1.0,0.0004507693953226,0.0052913439769825,0.1202112053449272,0.1233846816481429,0.0490332068016185,"[0.8741381382752704, -0.014773586436307412, -14.55028708192651]",0.0036378372319903
lorenz_ad_tapered__d1__m2__n0.01,lorenz_ad_tapered,known_form_hidden_parameters,1,2,0.01,21.520495746028217,21.520495746028217,0.0,4.656798700136677,4.656798700136677,4.727018908560952,0.0,1.4762074198103616,1.1867303494364023,0.0092713308549718,12516864,0,0.001,32000000,709.8137208726257,3,10000,9221632,0.0009354423974989,nan,0.0036017604134101,0.0094891325118455,0.1107093430647444,0.0094891325118455,0.1651403308369075,1.0,0.0011864613122838,0.0169031082553142,0.4463253711151323,0.4489861121086271,0.0462800545474786,"[0.8919557569932353, 0.06335282824933229, -14.627728348358117]",0.0054476809219165
node_soft_dtw__d1__m0__n0.01,node_soft_dtw,state_only_dynamics,1,0,0.01,21.520495746028217,21.520495746028217,0.0,2.5235744212475986,2.5235744212475986,2.3566587022390832,0.0,1.6625071031617635,16.562856564298272,0.1293973169085802,12516864,0,0.001,25600000,1306.6105503551662,33923,5000,30950400,nan,nan,0.0365166843055946,0.0794507666899402,0.5150864482014129,0.0794507666899402,0.7727804097551589,1.0,0.0018419787443855,0.0484918572686529,0.5706877878481602,0.6301034720141612,0.3971270711136117,"[0.9345880743434574, -0.023184171673712572, -13.910825491107643]",0.0459904440580028
node_soft_dtw__d1__m1__n0.01,node_soft_dtw,state_only_dynamics,1,1,0.01,21.520495746028217,21.520495746028217,0.0,2.0537983724091817,2.0537983724091817,1.9958524280590688,0.0,1.7486058160472324,19.22329585812986,0.1501819988916395,12516864,0,0.001,25600000,1335.774072272703,33923,5000,30950400,nan,nan,0.046778311827389,0.1455494512060673,0.6801100645395274,0.1455494512060673,1.0291826807017592,1.0,0.0012486265874311,0.0537982591096324,0.8006996812700239,0.8115852809197998,0.4998690893064028,"[0.8951421409787251, 0.009723534282569123, -11.119073448075838]",0.2370173576392999
node_soft_dtw__d1__m2__n0.01,node_soft_dtw,state_only_dynamics,1,2,0.01,21.520495746028217,21.520495746028217,0.0,3.09939440272674,3.09939440272674,3.0874055866543024,0.0,1.6186183332020538,19.375480137765408,0.1513709385762922,12516864,0,0.001,25600000,1316.3596232179552,33923,5000,30950400,nan,nan,0.0289331047060482,0.0644177337040877,0.3935347316595698,0.0644177337040877,0.579550784540452,1.0,0.0006213663114276,0.0281057501839546,0.1903548906793048,0.2137694823736238,0.3006185012799191,"[0.9074044326541474, 0.03125642902640102, -12.849605668058235]",0.1185872184000818
node_strong__d1__m0__n0.01,node_strong,state_only_dynamics,1,0,0.01,21.520495746028217,21.520495746028217,0.0,2.4350855407129437,2.4350855407129437,2.224210829438825,0.0,1.706527278816379,30.70310798473656,0.2398680311307544,12516864,0,0.001,6560000,13.818777555599809,33923,5000,25560064,nan,nan,0.0342474404090045,0.0978097441413069,0.6197242737833801,0.0978097441413069,0.9534112652769914,1.0,0.0009321795450947,0.0177533777296464,0.2897639370544018,0.2510398057819941,0.1472127368647455,"[0.9686588657090607, -0.022602025949203016, -7.181062379627948]",0.5065622946780532
node_strong__d1__m1__n0.01,node_strong,state_only_dynamics,1,1,0.01,21.520495746028217,21.520495746028217,0.0,2.15763008303654,2.15763008303654,2.087195788610971,0.0,1.7508547905653102,16.633916275575757,0.1299524709029356,12516864,0,0.001,6560000,12.946568654850124,33923,5000,25560064,nan,nan,0.0325246498631902,0.1387481685672295,0.6770562554450574,0.1387481685672295,1.0035709332039895,1.0,0.0010020927398293,0.0248466771647755,0.7707168274625804,0.8205142392320011,0.073520249322985,"[0.8522105066878801, 0.013583329637169735, -7.177042471848009]",0.5068385168179316
node_strong__d1__m2__n0.01,node_strong,state_only_dynamics,1,2,0.01,21.520495746028217,21.520495746028217,0.0,3.489245011082243,3.489245011082243,3.356868500282415,0.0,1.5783133914767573,19.04860175587237,0.1488172012177528,12516864,0,0.001,6560000,13.577003451064227,33923,5000,25560064,nan,nan,0.0198357330367645,0.04234759844793,0.3283299421838836,0.04234759844793,0.4879746399949851,1.0,0.0017212624156721,0.0164403770707601,0.6295000254436567,0.6137817265601463,0.0715041563101338,"[0.8911265916744167, -0.02385733545077357, -7.200566308186983]",0.505215878273402
node_weak__d1__m0__n0.01,node_weak,state_only_dynamics,1,0,0.01,21.520495746028217,21.520495746028217,0.0,2.293717417858788,2.293717417858788,2.0323897722798296,0.0,1.728160800183367,19.42145936563611,0.1517301512940321,12516864,0,0.001,6560000,17.59617848135531,33923,5000,24168448,nan,nan,0.0547819075000695,0.1504315595003768,0.6888168196207677,0.1504315595003768,1.0218961249386966,1.0,0.0010370209601673,0.0143810094014428,0.2709256117703803,0.2523886142285019,0.1196747434506877,"[1.0232612763607962, -0.04080332300015681, -8.52354150245421]",0.4147396211134651
node_weak__d1__m1__n0.01,node_weak,state_only_dynamics,1,1,0.01,21.520495746028217,21.520495746028217,0.0,1.7292439944482032,1.7292439944482032,1.5848073055755076,0.0,1.814385700752604,16.696819694712758,0.1304439038649434,12516864,0,0.001,6560000,19.004334012046456,33923,5000,24168448,nan,nan,0.067391588217175,0.2866180083570216,0.7875909749720174,0.2866180083570216,1.116148416112479,1.0,0.0010751352743498,0.0285519311092892,0.4556484843306461,0.5037995890276725,0.3365665594781232,"[0.8505747003348841, 0.0037266875447913906, -8.859428673441393]",0.3916955015800025
node_weak__d1__m2__n0.01,node_weak,state_only_dynamics,1,2,0.01,21.520495746028217,21.520495746028217,0.0,2.6396090339486875,2.6396090339486875,2.4982409110945323,0.0,1.6757815237515528,19.244732528924946,0.1503494728822261,12516864,0,0.001,6560000,17.523233676329255,33923,5000,24168448,nan,nan,0.0306896793173736,0.0748253604477184,0.5606306839802061,0.0748253604477184,0.8346164614363616,1.0,0.0022862464813508,0.0251185421385052,0.8019250718156924,0.7697146213872031,0.0999603258613217,"[0.8466583144950262, 0.014268430260526953, -8.155456044986996]",0.4398788941462715
pinn_strong__d1__m0__n0.01,pinn_strong,known_physics_forward_surrogate,1,0,0.01,5.005616158244255,5.005616158244255,0.0,0.2511942415177318,0.2511942415177318,0.2055225612417805,0.0,3.633148478258122,0.0613164789974689,0.0004790349921677,0,70272,nan,2560000,36.226086204871535,34051,5000,24099840,nan,nan,1.1612081982750753,1.4864877612235203,1.7697083783282446,1.4864877612235203,1.9444638197969173,nan,nan,nan,nan,nan,nan,nan,nan
pinn_strong__d1__m1__n0.01,pinn_strong,known_physics_forward_surrogate,1,1,0.01,5.005616158244255,5.005616158244255,0.0,0.2479829514983289,0.2479829514983289,0.2009553932141854,0.0,4.1881742284527546,0.0643657445907592,0.0005028573796153,0,70272,nan,2560000,38.21635280922055,34051,5000,24099840,nan,nan,1.1725478733991603,1.494552125444389,1.8943770524078127,1.494552125444389,2.16277651306366,nan,nan,nan,nan,nan,nan,nan,nan
pinn_strong__d1__m2__n0.01,pinn_strong,known_physics_forward_surrogate,1,2,0.01,5.005616158244255,5.005616158244255,0.0,0.2530496535289422,0.2530496535289422,0.2009553932141854,0.0,3.7835938190463736,0.0633510425686836,0.0004949300200678,0,70272,nan,2560000,37.09295809268952,34051,5000,24099840,nan,nan,1.1612161219130968,1.4797118674172254,1.8130396117100225,1.4797118674172254,2.033803116463279,nan,nan,nan,nan,nan,nan,nan,nan
pinn_weak__d1__m0__n0.01,pinn_weak,known_physics_forward_surrogate,1,0,0.01,5.005616158244255,5.005616158244255,0.0,0.1894661111447664,0.1894661111447664,0.1552837129382341,0.0,6.065075619195212,0.0737678315490484,0.0005763111839769,0,70272,nan,2560000,21.22542409412563,34051,5000,19458560,nan,nan,1.153539484394762,1.5042747284977112,2.245204544163384,1.5042747284977112,2.759608280341155,nan,nan,nan,nan,nan,nan,nan,nan
pinn_weak__d1__m1__n0.01,pinn_weak,known_physics_forward_surrogate,1,1,0.01,5.005616158244255,5.005616158244255,0.0,0.1875393371331247,0.1875393371331247,0.1461493768830439,0.0,5.306189858653705,0.0693582724779844,0.0005418615037342,0,70272,nan,2560000,20.79792754165828,34051,5000,19458560,nan,nan,1.1555141327542962,1.508652614132278,2.120342661623721,1.508652614132278,2.530781035485779,nan,nan,nan,nan,nan,nan,nan,nan
pinn_weak__d1__m2__n0.01,pinn_weak,known_physics_forward_surrogate,1,2,0.01,5.005616158244255,5.005616158244255,0.0,0.1882529571374364,0.1882529571374364,0.1415822088554488,0.0,5.495530725733428,0.0730180777609348,0.0005704537325073,0,70272,nan,2560000,20.5678944978863,34051,5000,19458560,nan,nan,1.1511590988534706,1.524289518917887,2.1580921916294744,1.524289518917887,2.6101754923298044,nan,nan,nan,nan,nan,nan,nan,nan
pinn_weak_tapered__d1__m0__n0.01,pinn_weak_tapered,known_physics_forward_surrogate,1,0,0.01,5.005616158244255,5.005616158244255,0.0,0.1763355030654304,0.1763355030654304,0.1461493768830439,0.0,3.361670845951419,0.06242635846138,0.0004877059254795,0,70272,nan,2560000,29.220560597255822,34051,5000,19458560,nan,nan,1.131020191382547,1.4662814999404794,1.6898078859620478,1.4662814999404794,1.8666506707469532,nan,nan,nan,nan,nan,nan,nan,nan
pinn_weak_tapered__d1__m1__n0.01,pinn_weak_tapered,known_physics_forward_surrogate,1,1,0.01,5.005616158244255,5.005616158244255,0.0,0.1670584430093778,0.1670584430093778,0.1370150408278536,0.0,3.596654738379278,0.0612461622804403,0.0004784856428159,0,70272,nan,2560000,28.914799384772778,34051,5000,19458560,nan,nan,1.1305253091559484,1.4680381032372969,1.7453098996487346,1.4680381032372969,1.9655935520804344,nan,nan,nan,nan,nan,nan,nan,nan
pinn_weak_tapered__d1__m2__n0.01,pinn_weak_tapered,known_physics_forward_surrogate,1,2,0.01,5.005616158244255,5.005616158244255,0.0,0.1562114189438394,0.1562114189438394,0.1370150408278536,0.0,3.594293877526423,0.0718553476035595,0.0005613699031528,0,70272,nan,2560000,28.43976001814008,34051,5000,19458560,nan,nan,1.1315261967744532,1.450630262203164,1.7344520764899578,1.450630262203164,1.9640610301550632,nan,nan,nan,nan,nan,nan,nan,nan
sindy_strong__d1__m0__n0.01,sindy_strong,state_only_dynamics,1,0,0.01,21.520495746028217,21.520495746028217,0.0,4.630965655980592,4.630965655980592,4.685914396312596,0.0,1.4731491719623355,5.683183247223496,0.0443998691189335,12516864,0,0.001,0,0.5675502689555287,30,1,0,nan,0.0089046507402938,0.002220561014212,0.0063394558433579,0.0986530899891648,0.0063394558433579,0.1493642887468889,1.0,0.0003052900225875,0.0206011213011111,0.5041799086162446,0.5202303559517917,0.0684172090459949,"[0.9183301549490251, 0.036167823032320676, -14.532713450974464]",0.0041217439097719
sindy_strong__d1__m1__n0.01,sindy_strong,state_only_dynamics,1,1,0.01,21.520495746028217,21.520495746028217,0.0,4.630965655980592,4.630965655980592,4.685914396312596,0.0,1.4731491719623355,5.353086778894067,0.0418209904601099,12516864,0,0.001,0,0.5771383596584201,30,1,0,nan,0.0089046507402938,0.002220561014212,0.0063394558433579,0.0986530899891648,0.0063394558433579,0.1493642887468889,1.0,0.0003052900225875,0.0206011213011111,0.5041799086162446,0.5202303559517917,0.0684172090459949,"[0.9183301549490251, 0.036167823032320676, -14.532713450974464]",0.0041217439097719
sindy_strong__d1__m2__n0.01,sindy_strong,state_only_dynamics,1,2,0.01,21.520495746028217,21.520495746028217,0.0,4.630965655980592,4.630965655980592,4.685914396312596,0.0,1.4731491719623355,5.111065678298473,0.0399302006117068,12516864,0,0.001,0,0.5615205401554704,30,1,0,nan,0.0089046507402938,0.002220561014212,0.0063394558433579,0.0986530899891648,0.0063394558433579,0.1493642887468889,1.0,0.0003052900225875,0.0206011213011111,0.5041799086162446,0.5202303559517917,0.0684172090459949,"[0.9183301549490251, 0.036167823032320676, -14.532713450974464]",0.0041217439097719
sindy_weak__d1__m0__n0.01,sindy_weak,state_only_dynamics,1,0,0.01,21.520495746028217,21.520495746028217,0.0,6.570941637702052,6.570941637702052,6.5310502794610255,0.0,1.2872640356765506,5.241048943251371,0.0409456948691513,12516864,0,0.001,0,1.21989840362221,30,1,0,nan,0.001739319224377,0.0004546384371602,0.0014051631565723,0.0143150997612838,0.0014051631565723,0.0211681034168083,1.0,0.0005847918862493,0.0069679699883948,0.0803586265403675,0.083989329258028,0.094929579298439,"[0.9578354649054979, -0.023094200562466714, -14.58882780737644]",0.0035178841964942
sindy_weak__d1__m1__n0.01,sindy_weak,state_only_dynamics,1,1,0.01,21.520495746028217,21.520495746028217,0.0,6.570941637702052,6.570941637702052,6.5310502794610255,0.0,1.2872640356765506,5.134057531133294,0.0401098244619788,12516864,0,0.001,0,1.0854276828467846,30,1,0,nan,0.001739319224377,0.0004546384371602,0.0014051631565723,0.0143150997612838,0.0014051631565723,0.0211681034168083,1.0,0.0005847918862493,0.0069679699883948,0.0803586265403675,0.083989329258028,0.094929579298439,"[0.9578354649054979, -0.023094200562466714, -14.58882780737644]",0.0035178841964942
sindy_weak__d1__m2__n0.01,sindy_weak,state_only_dynamics,1,2,0.01,21.520495746028217,21.520495746028217,0.0,6.570941637702052,6.570941637702052,6.5310502794610255,0.0,1.2872640356765506,5.382970379665494,0.0420544560911366,12516864,0,0.001,0,1.2174371229484675,30,1,0,nan,0.001739319224377,0.0004546384371602,0.0014051631565723,0.0143150997612838,0.0014051631565723,0.0211681034168083,1.0,0.0005847918862493,0.0069679699883948,0.0803586265403675,0.083989329258028,0.094929579298439,"[0.9578354649054979, -0.023094200562466714, -14.58882780737644]",0.0035178841964942
sindy_weak_weighted__d1__m0__n0.01,sindy_weak_weighted,state_only_dynamics,1,0,0.01,21.520495746028217,21.520495746028217,0.0,6.765046278874845,6.765046278874845,6.663498152261284,0.0,1.2716335656082105,5.181685003452003,0.0404819140894687,12516864,0,0.001,0,1.0731383124366405,30,1,0,nan,0.0027817636478443,0.0005697886243329,0.0012853724483495,0.011579814897044,0.0012853724483495,0.0175315818182361,1.0,0.0002208996667301,0.003919664814025,0.057946124995765,0.0597099627292932,0.0358358280253482,"[0.8701512458367776, 0.015508600853012774, -14.549141142430816]",0.0038335440054943
sindy_weak_weighted__d1__m1__n0.01,sindy_weak_weighted,state_only_dynamics,1,1,0.01,21.520495746028217,21.520495746028217,0.0,6.765046278874845,6.765046278874845,6.663498152261284,0.0,1.2716335656082105,5.204396753571928,0.0406593496372806,12516864,0,0.001,0,1.0798951592296362,30,1,0,nan,0.0027817636478443,0.0005697886243329,0.0012853724483495,0.011579814897044,0.0012853724483495,0.0175315818182361,1.0,0.0002208996667301,0.003919664814025,0.057946124995765,0.0597099627292932,0.0358358280253482,"[0.8701512458367776, 0.015508600853012774, -14.549141142430816]",0.0038335440054943
sindy_weak_weighted__d1__m2__n0.01,sindy_weak_weighted,state_only_dynamics,1,2,0.01,21.520495746028217,21.520495746028217,0.0,6.765046278874845,6.765046278874845,6.663498152261284,0.0,1.2716335656082105,5.181151404045522,0.0404777453441056,12516864,0,0.001,0,1.0760727999731898,30,1,0,nan,0.0027817636478443,0.0005697886243329,0.0012853724483495,0.011579814897044,0.0012853724483495,0.0175315818182361,1.0,0.0002208996667301,0.003919664814025,0.057946124995765,0.0597099627292932,0.0358358280253482,"[0.8701512458367776, 0.015508600853012774, -14.549141142430816]",0.0038335440054943
sindy_weighted__d1__m0__n0.01,sindy_weighted,state_only_dynamics,1,0,0.01,21.520495746028217,21.520495746028217,0.0,4.70682346243893,4.70682346243893,4.717884572505762,0.0,1.4650922380592544,5.4111118745058775,0.0422743115195771,12516864,0,0.001,0,0.5856777587905526,30,1,0,nan,0.0097152472527564,0.0023599227657133,0.0074336151526005,0.1016167341441274,0.0074336151526005,0.1542371525851837,1.0,0.001486754326891,0.0103340599256045,0.2557019171070836,0.2689292738450564,0.0388508640986386,"[0.8551119483499646, 0.04158735609202253, -14.480836910228007]",0.0084402169087824
sindy_weighted__d1__m1__n0.01,sindy_weighted,state_only_dynamics,1,1,0.01,21.520495746028217,21.520495746028217,0.0,4.70682346243893,4.70682346243893,4.717884572505762,0.0,1.4650922380592544,5.685826962813735,0.0444205231469823,12516864,0,0.001,0,0.5013642655685544,30,1,0,nan,0.0097152472527564,0.0023599227657133,0.0074336151526005,0.1016167341441274,0.0074336151526005,0.1542371525851837,1.0,0.001486754326891,0.0103340599256045,0.2557019171070836,0.2689292738450564,0.0388508640986386,"[0.8551119483499646, 0.04158735609202253, -14.480836910228007]",0.0084402169087824
sindy_weighted__d1__m2__n0.01,sindy_weighted,state_only_dynamics,1,2,0.01,21.520495746028217,21.520495746028217,0.0,4.70682346243893,4.70682346243893,4.717884572505762,0.0,1.4650922380592544,5.457494862377644,0.0426366786123253,12516864,0,0.001,0,0.5664240065962076,30,1,0,nan,0.0097152472527564,0.0023599227657133,0.0074336151526005,0.1016167341441274,0.0074336151526005,0.1542371525851837,1.0,0.001486754326891,0.0103340599256045,0.2557019171070836,0.2689292738450564,0.0388508640986386,"[0.8551119483499646, 0.04158735609202253, -14.480836910228007]",0.0084402169087824
solver_oracle__d1__m0__n0.01,solver_oracle,known_physics_forward_surrogate,1,0,0.01,5.005616158244255,21.520495746028217,1.0,21.520495746028224,5.005616158244253,5.005616158244255,1.0,2.666320072213515e-23,10.11041610315442,0.0789876258058939,121081344,0,0.0001,0,0.0,0,0,0,nan,nan,4.423075876882739e-14,8.566392371396942e-14,5.572936047554585e-13,8.566392371396942e-14,8.356393994921308e-13,1.0,0.0004514802774859,8.907274982488707e-07,2.1237257443581207e-05,3.137054389163543e-05,3.3268630682790817e-05,"[0.8981795225567906, 0.05299020975097788, -14.617830164234329]",0.0043995074621595
solver_oracle__d1__m1__n0.01,solver_oracle,known_physics_forward_surrogate,1,1,0.01,5.005616158244255,21.520495746028217,1.0,21.520495746028224,5.005616158244253,5.005616158244255,1.0,2.666320072213515e-23,9.92459916882217,0.0775359310064232,121081344,0,0.0001,0,0.0,0,0,0,nan,nan,4.423075876882739e-14,8.566392371396942e-14,5.572936047554585e-13,8.566392371396942e-14,8.356393994921308e-13,1.0,0.0004514802774859,8.907274982488707e-07,2.1237257443581207e-05,3.137054389163543e-05,3.3268630682790817e-05,"[0.8981795225567906, 0.05299020975097788, -14.617830164234329]",0.0043995074621595
solver_oracle__d1__m2__n0.01,solver_oracle,known_physics_forward_surrogate,1,2,0.01,5.005616158244255,21.520495746028217,1.0,21.520495746028224,5.005616158244253,5.005616158244255,1.0,2.666320072213515e-23,10.786022512242198,0.0842658008768921,121081344,0,0.0001,0,0.0,0,0,0,nan,nan,4.423075876882739e-14,8.566392371396942e-14,5.572936047554585e-13,8.566392371396942e-14,8.356393994921308e-13,1.0,0.0004514802774859,8.907274982488707e-07,2.1237257443581207e-05,3.137054389163543e-05,3.3268630682790817e-05,"[0.8981795225567906, 0.05299020975097788, -14.617830164234329]",0.0043995074621595
lorenz_ad__d2__m0__n0.01,lorenz_ad,known_form_hidden_parameters,2,0,0.01,20.92676390244085,20.92676390244085,0.0,5.151694173126868,5.151694173126868,4.772690588836904,0.0,1.432057381162284,1.0022882968187332,0.0078303773188963,12165632,0,0.001,32000000,694.3714418821037,3,10000,9221632,0.002610680814289,nan,0.0043646761570631,0.0092901754828107,0.0773128688072631,0.0092901754828107,0.1154798783043414,1.0,0.0002903731036389,0.0080377486197685,0.2275779192490697,0.2305589501203328,0.0284938096329426,"[0.9359029333826141, 0.01544800332275803, -14.54219705237863]",0.0032618020994363
lorenz_ad__d2__m1__n0.01,lorenz_ad,known_form_hidden_parameters,2,1,0.01,20.92676390244085,20.92676390244085,0.0,4.291068447926911,4.291068447926911,4.0967497207528245,0.0,1.5527679324725834,1.052911875769496,0.0082258740294491,12165632,0,0.001,32000000,731.1657053213567,3,10000,9221632,0.0029965867363992,nan,0.0094100459989799,0.0220155564311083,0.1866673786257759,0.0220155564311083,0.2882021985199552,1.0,0.0011377546137563,0.0138956896294555,0.3104088440326417,0.3044085613336981,0.0633410297984612,"[0.9860380985148098, -0.028441379533385443, -14.703119793528053]",0.0098870500076736
lorenz_ad__d2__m2__n0.01,lorenz_ad,known_form_hidden_parameters,2,2,0.01,20.92676390244085,20.92676390244085,0.0,4.982637594105416,4.982637594105416,4.973645982051089,0.0,1.4528793827736477,0.979522628709674,0.0076525205367943,12165632,0,0.001,32000000,727.0874767005444,3,10000,9221632,0.0028357880388582,nan,0.0085237889538647,0.0183924494952862,0.0872822851959453,0.0183924494952862,0.1319416176874944,1.0,0.0004126956196561,0.0188205420655952,0.5004627001795044,0.5001655649150979,0.044621272749466,"[0.966614079693367, -0.008942739451351274, -14.536147470464787]",0.0048613595686597
lorenz_ad_tapered__d2__m0__n0.01,lorenz_ad_tapered,known_form_hidden_parameters,2,0,0.01,20.92676390244085,20.92676390244085,0.0,3.926694073725338,3.926694073725338,3.909495831621425,0.0,1.5625965525689105,1.1068593673408031,0.00864733880735,12165632,0,0.001,32000000,712.729136524722,3,10000,9221632,0.0024143475724729,nan,0.011298777073639,0.0273984908187239,0.2875503141412949,0.0273984908187239,0.4456999833396387,1.0,0.0019046615343827,0.0100405245658941,0.0743276936262717,0.0748052944713505,0.147030682346356,"[0.9754581909015804, -0.008906870962801357, -14.547866962345408]",0.0049004263434763
lorenz_ad_tapered__d2__m1__n0.01,lorenz_ad_tapered,known_form_hidden_parameters,2,1,0.01,20.92676390244085,20.92676390244085,0.0,4.114947030862775,4.114947030862775,3.973436184007757,0.0,1.5094465249967632,1.039572760462761,0.0081216621911153,12165632,0,0.001,32000000,697.7729120478034,3,10000,9221632,0.0024203144270479,nan,0.0086653842887157,0.0215450704995801,0.2425574024652574,0.0215450704995801,0.3817797410670474,1.0,0.001322376298446,0.0089944472245287,0.2615276694976001,0.2698125933626974,0.0491087119714711,"[0.9862933089662046, -0.01003098186152183, -14.689335824655858]",0.0089180439975206
lorenz_ad_tapered__d2__m2__n0.01,lorenz_ad_tapered,known_form_hidden_parameters,2,2,0.01,20.92676390244085,20.92676390244085,0.0,5.370061894446259,5.370061894446259,5.320750752148318,0.0,1.3906935778693517,1.188008975237608,0.0092813201190438,12165632,0,0.001,32000000,748.670088076964,3,10000,9221632,0.0020305224917616,nan,0.0086637221221985,0.0183579200274844,0.0716791643006831,0.0183579200274844,0.1052538583061568,1.0,0.0015283696836569,0.0057762046498249,0.1012893964932607,0.0999085876262664,0.056744720875987,"[0.9031077123220707, -0.01526540947510112, -14.490201620981885]",0.0064285433988917
node_soft_dtw__d2__m0__n0.01,node_soft_dtw,state_only_dynamics,2,0,0.01,20.92676390244085,20.92676390244085,0.0,2.4462180127802062,2.4462180127802062,2.484539407011747,0.0,1.7162284630830922,16.601196698844433,0.1296968492097221,12165632,0,0.001,25600000,1128.5816723965108,33923,5000,30950400,nan,nan,0.037143237009641,0.1137409340685407,0.5680451463143239,0.1137409340685407,0.8474479075282408,1.0,0.0006189617640695,0.0268379593582846,0.3339134866229061,0.3389923088625863,0.3402719860118227,"[0.915958027492038, -0.011930357352154244, -13.414317399677218]",0.0799242608744962
node_soft_dtw__d2__m1__n0.01,node_soft_dtw,state_only_dynamics,2,1,0.01,20.92676390244085,20.92676390244085,0.0,1.209157735305809,1.209157735305809,1.0915531585952345,0.0,1.8987685793028557,16.12628991343081,0.1259866399486782,12165632,0,0.001,25600000,1207.636040335521,33923,5000,30950400,nan,nan,0.1858363099822238,0.522988698951563,0.9034314979215168,0.522988698951563,1.1630907419836718,1.0,0.0057676003363331,0.1423230179199546,1.2609910581831634,1.3036045992230825,0.7197373239133548,"[0.8682600379659953, 0.04940066750667209, -11.087117766563196]",0.2392427062888718
node_soft_dtw__d2__m2__n0.01,node_soft_dtw,state_only_dynamics,2,2,0.01,20.92676390244085,20.92676390244085,0.0,1.5466286353448295,1.5466286353448295,1.4660609368580344,0.0,1.8406875265824925,16.59656998515129,0.1296607030089944,12165632,0,0.001,25600000,1181.4879122152925,33923,5000,30950400,nan,nan,0.1170664970294814,0.3407602219658173,0.8588659047221192,0.3407602219658173,1.1644916121048243,1.0,0.0067761634040521,0.0907247516782845,1.4334511043469391,1.4331739062691833,0.3312067970900846,"[1.050086300374046, -0.07534371540246824, -12.24925662076311]",0.1600205544214598
node_strong__d2__m0__n0.01,node_strong,state_only_dynamics,2,0,0.01,20.92676390244085,20.92676390244085,0.0,2.731166480501884,2.731166480501884,2.626121615867196,0.0,1.6612835718366787,29.676137471571565,0.2318448239966528,12165632,0,0.001,6560000,43.978871224448085,33923,5000,25560064,nan,nan,0.0225731841332064,0.0854215661313772,0.5558340764064508,0.0854215661313772,0.8506278304123648,1.0,0.0014083386314869,0.0412523198946932,1.1393100791941544,1.1328807806672698,0.1910020758160462,"[0.9486328698920108, -0.04472397927614893, -6.979233388009585]",0.5203746919111492
node_strong__d2__m1__n0.01,node_strong,state_only_dynamics,2,1,0.01,20.92676390244085,20.92676390244085,0.0,2.251114303601377,2.251114303601377,2.000419596086664,0.0,1.7495977244939578,17.785334572196007,0.1389479263452813,12165632,0,0.001,6560000,44.392609586939216,33923,5000,25560064,nan,nan,0.0416297240878252,0.1474658009612951,0.6891145272383771,0.1474658009612951,1.0182180145719273,1.0,0.0009006823518544,0.0193572519578374,0.2021397418472661,0.2029703062344504,0.2873968632515064,"[0.9754388970417771, -0.033496797061915655, -7.370436030645073]",0.4936081727979434
node_strong__d2__m2__n0.01,node_strong,state_only_dynamics,2,2,0.01,20.92676390244085,20.92676390244085,0.0,2.1951664952633374,2.1951664952633374,2.0597927804454006,0.0,1.6921118606877363,16.74667857401073,0.1308334263594588,12165632,0,0.001,6560000,43.04902335628867,33923,5000,25560064,nan,nan,0.0484330426143411,0.1301126051926575,0.5988816775993129,0.1301126051926575,0.8809686713896989,1.0,0.0003012096634347,0.0176842953943744,0.3949221347117144,0.4332542595231222,0.1332023254476011,"[0.9720876759978941, -0.014074638358515804, -6.80643461643828]",0.5322025873522093
node_weak__d2__m0__n0.01,node_weak,state_only_dynamics,2,0,0.01,20.92676390244085,20.92676390244085,0.0,2.962450723899318,2.962450723899318,2.9960622261024006,0.0,1.6228056054431208,16.499205566942692,0.1289000434917397,12165632,0,0.001,6560000,39.02930792421103,33923,5000,24168448,nan,nan,0.018712512740589,0.0496288819431216,0.442530193528804,0.0496288819431216,0.6885629418487574,1.0,0.000355423667997,0.0132908119473761,0.1678342391625059,0.1632231581196798,0.1018479545811687,"[1.0801869846452348, -0.053322527677178, -8.076051600022597]",0.4454513249893846
node_weak__d2__m1__n0.01,node_weak,state_only_dynamics,2,1,0.01,20.92676390244085,20.92676390244085,0.0,3.0905455146732743,3.0905455146732743,3.1102414267922787,0.0,1.616988116789592,16.253498680889606,0.12698045844445,12165632,0,0.001,6560000,38.89100540988147,33923,5000,24168448,nan,nan,0.0191807652899947,0.049556475259257,0.4506276342904373,0.049556475259257,0.7155301749774168,1.0,0.0009507204669985,0.0092183862333843,0.1142682643776254,0.1333520218439363,0.1750567173102761,"[1.0146945884895904, -0.03642602720052065, -8.419055524143715]",0.4218776896207594
node_weak__d2__m2__n0.01,node_weak,state_only_dynamics,2,2,0.01,20.92676390244085,20.92676390244085,0.0,2.381492678389132,2.381492678389132,2.297285517880347,0.0,1.6429814872523334,16.725890338420868,0.130671018268913,12165632,0,0.001,6560000,38.62159835733473,33923,5000,24168448,nan,nan,0.0290248494514881,0.108081342093023,0.6280735032566824,0.108081342093023,0.9317542691732456,1.0,0.0023401111961407,0.0503900712942568,1.1793532923946666,1.205532885308045,0.3098268912954552,"[1.0721585874532586, -0.05244247078500086, -8.460086450417283]",0.4191616001298822
pinn_strong__d2__m0__n0.01,pinn_strong,known_physics_forward_surrogate,2,0,0.01,5.005616158244255,5.005616158244255,0.0,0.2765991136712296,0.2765991136712296,0.2283584013797561,0.0,4.147542963914172,0.0645128302276134,0.0005040064861532,0,70272,nan,2560000,39.21628173999488,34051,5000,24099840,nan,nan,1.1233816464388184,1.4531837894285025,1.8621508742308368,1.4531837894285025,2.1603236200659324,nan,nan,nan,nan,nan,nan,nan,nan
pinn_strong__d2__m1__n0.01,pinn_strong,known_physics_forward_surrogate,2,1,0.01,5.005616158244255,5.005616158244255,0.0,0.2733878236518268,0.2733878236518268,0.2100897292693756,0.0,3.9874760476676663,0.0634833686053752,0.0004959638172294,0,70272,nan,2560000,43.88440140336752,34051,5000,24099840,nan,nan,1.1280397220625056,1.461584476110264,1.8608361587377624,1.461584476110264,2.0871880765509587,nan,nan,nan,nan,nan,nan,nan,nan
pinn_strong__d2__m2__n0.01,pinn_strong,known_physics_forward_surrogate,2,2,0.01,5.005616158244255,5.005616158244255,0.0,0.2746009776591567,0.2746009776591567,0.2192240653245658,0.0,3.429445959924242,0.0600384324789047,0.0004690502537414,0,70272,nan,2560000,45.37799685075879,34051,5000,24099840,nan,nan,1.130700853996895,1.4589728079052762,1.6860317115132817,1.4589728079052762,1.839997485598157,nan,nan,nan,nan,nan,nan,nan,nan
pinn_weak__d2__m0__n0.01,pinn_weak,known_physics_forward_surrogate,2,0,0.01,5.005616158244255,5.005616158244255,0.0,0.1762641410649992,0.1762641410649992,0.1096120326622829,0.0,6.1749305283037375,0.0550072398036718,0.0004297440609661,0,70272,nan,2560000,25.659397143870592,34051,5000,19458560,nan,nan,1.1840569629429505,1.486202343451423,2.26657421801801,1.486202343451423,2.7948434423423603,nan,nan,nan,nan,nan,nan,nan,nan
pinn_weak__d2__m1__n0.01,pinn_weak,known_physics_forward_surrogate,2,1,0.01,5.005616158244255,5.005616158244255,0.0,0.1748369010563757,0.1748369010563757,0.1096120326622829,0.0,5.686127055237543,0.0559940673410892,0.0004374536511022,0,70272,nan,2560000,25.601417500525717,34051,5000,19458560,nan,nan,1.1918730148523151,1.4826773674884746,2.181847471711677,1.4826773674884746,2.643217508475593,nan,nan,nan,nan,nan,nan,nan,nan
pinn_weak__d2__m2__n0.01,pinn_weak,known_physics_forward_surrogate,2,2,0.01,5.005616158244255,5.005616158244255,0.0,0.1768350370684486,0.1768350370684486,0.1096120326622829,0.0,5.457959942785288,0.0592306368052959,0.0004627393500413,0,70272,nan,2560000,25.949561955407265,34051,5000,19458560,nan,nan,1.1928293474716534,1.480977272363595,2.139639300019493,1.480977272363595,2.596805484468168,nan,nan,nan,nan,nan,nan,nan,nan
pinn_weak_tapered__d2__m0__n0.01,pinn_weak_tapered,known_physics_forward_surrogate,2,0,0.01,5.005616158244255,5.005616158244255,0.0,0.1466489108860621,0.1466489108860621,0.1096120326622829,0.0,3.806217141652007,0.0595626216381788,0.0004653329815482,0,70272,nan,2560000,77.50319147109985,34051,5000,19458560,nan,nan,1.1365470479977768,1.4205128482840292,1.7957863166739274,1.4205128482840292,2.0648645666317424,nan,nan,nan,nan,nan,nan,nan,nan
pinn_weak_tapered__d2__m1__n0.01,pinn_weak_tapered,known_physics_forward_surrogate,2,1,0.01,5.005616158244255,5.005616158244255,0.0,0.152357870920556,0.152357870920556,0.1096120326622829,0.0,4.113833176931401,0.0597132705152034,0.0004665099259,0,70272,nan,2560000,79.6993700247258,34051,5000,19458560,nan,nan,1.1335927204850749,1.4392339388877513,1.8714711609470904,1.4392339388877513,2.168656698835422,nan,nan,nan,nan,nan,nan,nan,nan
pinn_weak_tapered__d2__m2__n0.01,pinn_weak_tapered,known_physics_forward_surrogate,2,2,0.01,5.005616158244255,5.005616158244255,0.0,0.1421531048588982,0.1421531048588982,0.1096120326622829,0.0,4.660467964152682,0.0588456634432077,0.00045973174565,0,70272,nan,2560000,23.88465306721628,34051,5000,19458560,nan,nan,1.151387741676526,1.4471895989872214,1.9884240518923648,1.4471895989872214,2.3621582589383623,nan,nan,nan,nan,nan,nan,nan,nan
sindy_strong__d2__m0__n0.01,sindy_strong,state_only_dynamics,2,0,0.01,20.92676390244085,20.92676390244085,0.0,4.534983765400663,4.534983765400663,4.526063515346767,0.0,1.4697180937402232,5.044443456456065,0.039409714503563,12165632,0,0.001,0,0.5707450313493609,30,1,0,nan,0.0080042158513976,0.0027719454577008,0.0075347588835134,0.1059809661927002,0.0075347588835134,0.1585444429471204,1.0,0.0008162301006613,0.0026022909315807,0.0203501704257511,0.0210375578069397,0.0335354466931282,"[0.9939803913766775, -0.01497801681197373, -14.568423272162324]",0.0057080504212019
sindy_strong__d2__m1__n0.01,sindy_strong,state_only_dynamics,2,1,0.01,20.92676390244085,20.92676390244085,0.0,4.534983765400663,4.534983765400663,4.526063515346767,0.0,1.4697180937402232,5.460743851959705,0.0426620613434352,12165632,0,0.001,0,0.4961985126137733,30,1,0,nan,0.0080042158513976,0.0027719454577008,0.0075347588835134,0.1059809661927002,0.0075347588835134,0.1585444429471204,1.0,0.0008162301006613,0.0026022909315807,0.0203501704257511,0.0210375578069397,0.0335354466931282,"[0.9939803913766775, -0.01497801681197373, -14.568423272162324]",0.0057080504212019
sindy_strong__d2__m2__n0.01,sindy_strong,state_only_dynamics,2,2,0.01,20.92676390244085,20.92676390244085,0.0,4.534983765400663,4.534983765400663,4.526063515346767,0.0,1.4697180937402232,5.407315136864781,0.0422446495067561,12165632,0,0.001,0,0.5706784818321466,30,1,0,nan,0.0080042158513976,0.0027719454577008,0.0075347588835134,0.1059809661927002,0.0075347588835134,0.1585444429471204,1.0,0.0008162301006613,0.0026022909315807,0.0203501704257511,0.0210375578069397,0.0335354466931282,"[0.9939803913766775, -0.01497801681197373, -14.568423272162324]",0.0057080504212019
sindy_weak__d2__m0__n0.01,sindy_weak,state_only_dynamics,2,0,0.01,20.92676390244085,20.92676390244085,0.0,6.54047006351794,6.54047006351794,6.288990373998484,0.0,1.2935350874114395,5.193712841719389,0.0405758815759327,12165632,0,0.001,0,1.2140857260674238,30,1,0,nan,0.0039140249427722,0.0006839351311418,0.0024310449300177,0.0235674614676771,0.0024310449300177,0.0368133368888657,1.0,0.002148536404932,0.0038364857025061,0.0576542403906797,0.0620402248991563,0.0891395031540678,"[0.9656877344029132, 0.007531588951842855, -14.628321788437711]",0.0047964160672729
sindy_weak__d2__m1__n0.01,sindy_weak,state_only_dynamics,2,1,0.01,20.92676390244085,20.92676390244085,0.0,6.54047006351794,6.54047006351794,6.288990373998484,0.0,1.2935350874114395,5.563687143847346,0.0434663058113073,12165632,0,0.001,0,1.23338139988482,30,1,0,nan,0.0039140249427722,0.0006839351311418,0.0024310449300177,0.0235674614676771,0.0024310449300177,0.0368133368888657,1.0,0.002148536404932,0.0038364857025061,0.0576542403906797,0.0620402248991563,0.0891395031540678,"[0.9656877344029132, 0.007531588951842855, -14.628321788437711]",0.0047964160672729
sindy_weak__d2__m2__n0.01,sindy_weak,state_only_dynamics,2,2,0.01,20.92676390244085,20.92676390244085,0.0,6.54047006351794,6.54047006351794,6.288990373998484,0.0,1.2935350874114395,5.343080891296268,0.041742819463252,12165632,0,0.001,0,1.2223825510591269,30,1,0,nan,0.0039140249427722,0.0006839351311418,0.0024310449300177,0.0235674614676771,0.0024310449300177,0.0368133368888657,1.0,0.002148536404932,0.0038364857025061,0.0576542403906797,0.0620402248991563,0.0891395031540678,"[0.9656877344029132, 0.007531588951842855, -14.628321788437711]",0.0047964160672729
sindy_weak_weighted__d2__m0__n0.01,sindy_weak_weighted,state_only_dynamics,2,0,0.01,20.92676390244085,20.92676390244085,0.0,5.85403898137048,5.85403898137048,5.95558710798404,0.0,1.3645522093417146,5.039262796752155,0.0393692405996262,12165632,0,0.001,0,1.0926001332700253,30,1,0,nan,0.0055870351344632,0.0006679815205652,0.0024809793816041,0.032392589695346,0.0024809793816041,0.0512434599282659,1.0,0.000957662356239,0.006358799565913,0.1046865488462829,0.1015917927698263,0.07993860347441,"[0.9879090378884609, -0.015926114181354544, -14.62389483753009]",0.0059749966136649
sindy_weak_weighted__d2__m1__n0.01,sindy_weak_weighted,state_only_dynamics,2,1,0.01,20.92676390244085,20.92676390244085,0.0,5.85403898137048,5.85403898137048,5.95558710798404,0.0,1.3645522093417146,5.006007546558976,0.039109433957492,12165632,0,0.001,0,1.0785519964993,30,1,0,nan,0.0055870351344632,0.0006679815205652,0.0024809793816041,0.032392589695346,0.0024809793816041,0.0512434599282659,1.0,0.000957662356239,0.006358799565913,0.1046865488462829,0.1015917927698263,0.07993860347441,"[0.9879090378884609, -0.015926114181354544, -14.62389483753009]",0.0059749966136649
sindy_weak_weighted__d2__m2__n0.01,sindy_weak_weighted,state_only_dynamics,2,2,0.01,20.92676390244085,20.92676390244085,0.0,5.85403898137048,5.85403898137048,5.95558710798404,0.0,1.3645522093417146,4.969828910194337,0.0388267883608932,12165632,0,0.001,0,1.0793425822630525,30,1,0,nan,0.0055870351344632,0.0006679815205652,0.0024809793816041,0.032392589695346,0.0024809793816041,0.0512434599282659,1.0,0.000957662356239,0.006358799565913,0.1046865488462829,0.1015917927698263,0.07993860347441,"[0.9879090378884609, -0.015926114181354544, -14.62389483753009]",0.0059749966136649
sindy_weighted__d2__m0__n0.01,sindy_weighted,state_only_dynamics,2,0,0.01,20.92676390244085,20.92676390244085,0.0,4.619619097912036,4.619619097912036,4.63567554800905,0.0,1.4361675624119057,5.4459049217402935,0.042546132201096,12165632,0,0.001,0,0.5710691688582301,30,1,0,nan,0.0064905078243753,0.0026764472841037,0.0072323153976475,0.0967552364332981,0.0072323153976475,0.1448725256407359,1.0,0.0011671837373641,0.0067062997301924,0.0975250530101657,0.1097699836861556,0.0736748972687278,"[0.9701124714174828, -0.009163607426027093, -14.562698348051754]",0.0041664539686223
sindy_weighted__d2__m1__n0.01,sindy_weighted,state_only_dynamics,2,1,0.01,20.92676390244085,20.92676390244085,0.0,4.619619097912036,4.619619097912036,4.63567554800905,0.0,1.4361675624119057,5.05530952103436,0.0394946056330809,12165632,0,0.001,0,0.5177395893260837,30,1,0,nan,0.0064905078243753,0.0026764472841037,0.0072323153976475,0.0967552364332981,0.0072323153976475,0.1448725256407359,1.0,0.0011671837373641,0.0067062997301924,0.0975250530101657,0.1097699836861556,0.0736748972687278,"[0.9701124714174828, -0.009163607426027093, -14.562698348051754]",0.0041664539686223
sindy_weighted__d2__m2__n0.01,sindy_weighted,state_only_dynamics,2,2,0.01,20.92676390244085,20.92676390244085,0.0,4.619619097912036,4.619619097912036,4.63567554800905,0.0,1.4361675624119057,5.507241852581501,0.0430253269732929,12165632,0,0.001,0,0.5710978088900447,30,1,0,nan,0.0064905078243753,0.0026764472841037,0.0072323153976475,0.0967552364332981,0.0072323153976475,0.1448725256407359,1.0,0.0011671837373641,0.0067062997301924,0.0975250530101657,0.1097699836861556,0.0736748972687278,"[0.9701124714174828, -0.009163607426027093, -14.562698348051754]",0.0041664539686223
solver_oracle__d2__m0__n0.01,solver_oracle,known_physics_forward_surrogate,2,0,0.01,5.005616158244255,20.92676390244085,1.0,20.926763902440847,5.005616158244253,5.005616158244255,1.0,2.2383512152566814e-22,9.975189909338953,0.0779311711667105,117734912,0,0.0001,0,0.0,0,0,0,nan,nan,4.5589537641957965e-14,8.402353507080157e-14,6.453890434347758e-13,8.402353507080157e-14,9.68672171135685e-13,1.0,0.00058105150351,1.1344488630616657e-06,2.6796454128821545e-05,4.573567142755332e-05,4.725619187978555e-05,"[0.9634408374187473, -0.0011852830853698376, -14.628915720322006]",0.0046991938753563
solver_oracle__d2__m1__n0.01,solver_oracle,known_physics_forward_surrogate,2,1,0.01,5.005616158244255,20.92676390244085,1.0,20.926763902440847,5.005616158244253,5.005616158244255,1.0,2.2383512152566814e-22,10.53837501257658,0.0823310547857545,117734912,0,0.0001,0,0.0,0,0,0,nan,nan,4.5589537641957965e-14,8.402353507080157e-14,6.453890434347758e-13,8.402353507080157e-14,9.68672171135685e-13,1.0,0.00058105150351,1.1344488630616657e-06,2.6796454128821545e-05,4.573567142755332e-05,4.725619187978555e-05,"[0.9634408374187473, -0.0011852830853698376, -14.628915720322006]",0.0046991938753563
solver_oracle__d2__m2__n0.01,solver_oracle,known_physics_forward_surrogate,2,2,0.01,5.005616158244255,20.92676390244085,1.0,20.926763902440847,5.005616158244253,5.005616158244255,1.0,2.2383512152566814e-22,9.779554471373558,0.0764027693076059,117734912,0,0.0001,0,0.0,0,0,0,nan,nan,4.5589537641957965e-14,8.402353507080157e-14,6.453890434347758e-13,8.402353507080157e-14,9.68672171135685e-13,1.0,0.00058105150351,1.1344488630616657e-06,2.6796454128821545e-05,4.573567142755332e-05,4.725619187978555e-05,"[0.9634408374187473, -0.0011852830853698376, -14.628915720322006]",0.0046991938753563
lorenz_ad__d3__m0__n0.01,lorenz_ad,known_form_hidden_parameters,3,0,0.01,21.56616742630417,21.56616742630417,0.0,5.269869645840892,5.269869645840892,5.316183584120723,0.0,1.3884797332486782,1.0167952422052622,0.0079437128297286,12544000,0,0.001,32000000,701.7561515010893,3,10000,9221632,0.0017402325991229,nan,0.0034042361929255,0.0075689415677161,0.0518070400269761,0.0075689415677161,0.0800176709953763,1.0,0.0004963730977767,0.0071820937270157,0.1089116721793135,0.1122095137780971,0.1236735502401704,"[0.8752170637144382, 0.045002708613076065, -14.536007870189437]",0.0050451298792061
lorenz_ad__d3__m1__n0.01,lorenz_ad,known_form_hidden_parameters,3,1,0.01,21.56616742630417,21.56616742630417,0.0,4.168539893186586,4.168539893186586,4.146988569056371,0.0,1.5283524347955637,1.006962202489376,0.0078668922069482,12544000,0,0.001,32000000,682.1340293940157,3,10000,9221632,0.0028083687987746,nan,0.0078598430352458,0.0178575360864355,0.1700546440908222,0.0178575360864355,0.2615611540670767,1.0,0.0006829983338587,0.0085281097670517,0.0553931390164217,0.0604511482855121,0.1343045806230562,"[0.8768938483562804, 0.0024270296972376012, -14.47262274189641]",0.0078910666042992
lorenz_ad__d3__m2__n0.01,lorenz_ad,known_form_hidden_parameters,3,2,0.01,21.56616742630417,21.56616742630417,0.0,4.39925324058057,4.39925324058057,4.4895261711260055,0.0,1.5189292965846404,1.2069431580603125,0.0094292434223461,12544000,0,0.001,32000000,702.1133479159325,3,10000,9221632,0.0010244003436785,nan,0.0041615620879715,0.0119956841101459,0.1291675214314215,0.0119956841101459,0.2042512941820278,1.0,0.0007819526792935,0.0081911184378287,0.1585138167935871,0.1640301249951213,0.1365461905717538,"[0.8835428383446379, 0.031986624398708446, -14.60916219055004]",0.003449330859213
lorenz_ad_tapered__d3__m0__n0.01,lorenz_ad_tapered,known_form_hidden_parameters,3,0,0.01,21.56616742630417,21.56616742630417,0.0,5.2706546278456345,5.2706546278456345,5.307049248065533,0.0,1.4063672830239773,0.9904998112469912,0.0077382797753671,12544000,0,0.001,32000000,697.9026992861181,3,10000,9221632,0.0010972793988282,nan,0.0050553582931963,0.0112760618881546,0.0588568462818793,0.0112760618881546,0.0910288954222853,1.0,0.000502155604465,0.0119217190897787,0.2480290794543305,0.265391378861579,0.1497613340964024,"[0.9360140140720699, 0.02131064319723364, -14.586393427799027]",0.0020616858597562
lorenz_ad_tapered__d3__m1__n0.01,lorenz_ad_tapered,known_form_hidden_parameters,3,1,0.01,21.56616742630417,21.56616742630417,0.0,4.046939044451865,4.046939044451865,4.096749720752825,0.0,1.5020606197470798,1.0106738917529583,0.0078958897793199,12544000,0,0.001,32000000,692.3725619129837,3,10000,9221632,0.0024255316148568,nan,0.0070964880365476,0.0188393840837495,0.1908477979350592,0.0188393840837495,0.3035620156803466,1.0,0.000919958802223,0.009042942467784,0.2007267429890336,0.2021325005632505,0.0745164083365163,"[0.9592098245087621, -0.0129422470136959, -14.551069345978934]",0.0039137407884694
lorenz_ad_tapered__d3__m2__n0.01,lorenz_ad_tapered,known_form_hidden_parameters,3,2,0.01,21.56616742630417,21.56616742630417,0.0,4.927831577774276,4.927831577774276,4.85033244530602,0.0,1.4380437573853702,0.9965553041547536,0.007785588313709,12544000,0,0.001,32000000,688.2312194928527,3,10000,9221632,0.0014907018303125,nan,0.0038164564450143,0.0093744663430985,0.0797972769041019,0.0093744663430985,0.1218177345533947,1.0,0.0005543392988807,0.0057493163072522,0.1837737341105824,0.1894747182363536,0.0366634134805116,"[0.8831321255070482, 0.028483795910519683, -14.626771299580179]",0.0041257092864997
node_soft_dtw__d3__m0__n0.01,node_soft_dtw,state_only_dynamics,3,0,0.01,21.56616742630417,21.56616742630417,0.0,2.2349151295035004,2.2349151295035004,2.146568972969708,0.0,1.6956650440757364,17.05689607001841,0.1332570005470188,12544000,0,0.001,25600000,1329.7592372000215,33923,5000,30950400,nan,nan,0.0288134846766609,0.1084808376490183,0.6146611983030223,0.1084808376490183,0.9222894786759652,1.0,0.0016977694107558,0.0366049120704752,0.8556919705584022,0.8659463639366276,0.2355431506711612,"[0.9026831500050552, -0.09136410628530657, -14.246399429897286]",0.023849095768853
node_soft_dtw__d3__m1__n0.01,node_soft_dtw,state_only_dynamics,3,1,0.01,21.56616742630417,21.56616742630417,0.0,2.4209558646275706,2.4209558646275706,2.3155541899907277,0.0,1.6514372023090054,30.958849411457777,0.2418660110270138,12544000,0,0.001,25600000,1274.304838584736,33923,5000,30950400,nan,nan,0.0517013835129047,0.1188001844607388,0.5502667698074764,0.1188001844607388,0.8603434504941029,1.0,0.0006653856917107,0.0215057085230977,0.2204735283173188,0.2654442595364729,0.3926760577524737,"[0.9722572075022724, -0.014392465571599818, -11.199823004137555]",0.2315243295756167
node_soft_dtw__d3__m2__n0.01,node_soft_dtw,state_only_dynamics,3,2,0.01,21.56616742630417,21.56616742630417,0.0,2.206655777332756,2.206655777332756,2.0232554362246398,0.0,1.723602918007263,16.579607028514147,0.1295281799102667,12544000,0,0.001,25600000,1252.2782812993971,33923,5000,30950400,nan,nan,0.0325794859184279,0.1303581361826366,0.6220843716402078,0.1303581361826366,0.9104783736419336,1.0,0.0020103508023985,0.0477042223389234,0.7042003868107884,0.7461541899128888,0.3425287658090565,"[0.9073392781060816, 0.004331355707881889, -13.103804050747467]",0.1011721695215248
node_strong__d3__m0__n0.01,node_strong,state_only_dynamics,3,0,0.01,21.56616742630417,21.56616742630417,0.0,1.8834572773799696,1.8834572773799696,1.8177328749828587,0.0,1.791952268057849,17.089096583426,0.1335085670580156,12544000,0,0.001,6560000,13.431426987051964,33923,5000,25560064,nan,nan,0.0497267149396399,0.1901498669313741,0.73825365110049,0.1901498669313741,1.0674561203381536,1.0,0.0050727911191978,0.0424736458650424,1.1391022980491692,1.0738319869827462,0.0930127854306041,"[0.9156665268128942, -0.04720074210311839, -7.280560867416842]",0.4997466897345398
node_strong__d3__m1__n0.01,node_strong,state_only_dynamics,3,1,0.01,21.56616742630417,21.56616742630417,0.0,1.720038296392582,1.720038296392582,1.6533148259894346,0.0,1.7535545413687943,17.15757996030152,0.1340435934398556,12544000,0,0.001,6560000,13.208229217678308,33923,5000,25560064,nan,nan,0.0654486179184787,0.2247772971701668,0.7665670004062507,0.2247772971701668,1.0845345014446417,1.0,0.0017218452501144,0.0308181010628543,0.558538385813943,0.4763401427755776,0.2376768185082613,"[0.9169284873667298, 0.03136422376404718, -7.20945636524485]",0.5046061287729804
node_strong__d3__m2__n0.01,node_strong,state_only_dynamics,3,2,0.01,21.56616742630417,21.56616742630417,0.0,2.6186999678223533,2.6186999678223533,2.402330382515035,0.0,1.6545770611092523,16.701532708480954,0.1304807242850074,12544000,0,0.001,6560000,12.598681507632136,33923,5000,25560064,nan,nan,0.0322984638130431,0.0925192699582048,0.5474973719724242,0.0925192699582048,0.7954348572614756,1.0,0.0007765067019624,0.0154307732067654,0.2522947770707486,0.2165938797877328,0.0424469842420267,"[0.8856508633361301, 0.005253772751804844, -7.1416249278794455]",0.5092482705559738
node_weak__d3__m0__n0.01,node_weak,state_only_dynamics,3,0,0.01,21.56616742630417,21.56616742630417,0.0,2.3652935042912557,2.3652935042912557,2.292718349852752,0.0,1.7065484335313887,17.121026944369078,0.1337580230028834,12544000,0,0.001,6560000,20.109151527285576,33923,5000,24168448,nan,nan,0.0324791403395061,0.1017087906908417,0.5950983352484427,0.1017087906908417,0.8954631278408793,1.0,0.00027376264749,0.0142891382514704,0.5828484452942827,0.6094482690808126,0.0467431295277598,"[0.8612141882998602, 0.004999638002655425, -8.17265299553395]",0.43869192121842
node_weak__d3__m1__n0.01,node_weak,state_only_dynamics,3,1,0.01,21.56616742630417,21.56616742630417,0.0,2.1563455670287786,2.1563455670287786,2.100897292693756,0.0,1.764017556091767,17.169043879956007,0.1341331553121563,12544000,0,0.001,6560000,18.108743716031316,33923,5000,24168448,nan,nan,0.0314716803612971,0.1337446692831525,0.6873659590821386,0.1337446692831525,1.0379877592533695,1.0,0.0047430492219922,0.0402419570483378,1.2200925056641396,1.1924128332663348,0.0421758293240269,"[0.8072461934107147, 0.028716423204875326, -8.286560922939191]",0.430946239175924
node_weak__d3__m2__n0.01,node_weak,state_only_dynamics,3,2,0.01,21.56616742630417,21.56616742630417,0.0,3.066068348525381,3.066068348525381,2.849912849219357,0.0,1.601319257566678,16.88497548364103,0.1319138709659455,12544000,0,0.001,6560000,17.113979894667864,33923,5000,24168448,nan,nan,0.0283790881153677,0.0672855325858942,0.4632731823107453,0.0672855325858942,0.7116587568086528,1.0,0.0021687238264647,0.0290074392036239,0.6762034003909789,0.686229067277865,0.2743631701024766,"[0.8383935525048928, 0.006624333704365037, -8.094980223885928]",0.4440233443086789
pinn_strong__d3__m0__n0.01,pinn_strong,known_physics_forward_surrogate,3,0,0.01,5.005616158244255,5.005616158244255,0.0,0.2599717675707661,0.2599717675707661,0.1918210571589951,0.0,4.904216958208119,0.0537926405668258,0.0004202550044283,0,70272,nan,2560000,34.22462868690491,34051,5000,24099840,nan,nan,1.1585753760321642,1.488703469301475,2.031686337067131,1.488703469301475,2.4180830784168283,nan,nan,nan,nan,nan,nan,nan,nan
pinn_strong__d3__m1__n0.01,pinn_strong,known_physics_forward_surrogate,3,1,0.01,5.005616158244255,5.005616158244255,0.0,0.2593295095668856,0.2593295095668856,0.1963882251865902,0.0,3.776690084036298,0.0547037720680236,0.0004273732192814,0,70272,nan,2560000,34.88562558032572,34051,5000,24099840,nan,nan,1.1441063237924125,1.492010992070033,1.8149893332797573,1.492010992070033,2.020918937893457,nan,nan,nan,nan,nan,nan,nan,nan
pinn_strong__d3__m2__n0.01,pinn_strong,known_physics_forward_surrogate,3,2,0.01,5.005616158244255,5.005616158244255,0.0,0.2618271795819766,0.2618271795819766,0.1963882251865902,0.0,3.368255400944012,0.0534228514879941,0.0004173660272499,0,70272,nan,2560000,40.38218685053289,34051,5000,24099840,nan,nan,1.1483578035295636,1.4921106036165015,1.6939269106492691,1.4921106036165015,1.846171275790481,nan,nan,nan,nan,nan,nan,nan,nan
pinn_weak__d3__m0__n0.01,pinn_weak,known_physics_forward_surrogate,3,0,0.01,5.005616158244255,5.005616158244255,0.0,0.1618490169779021,0.1618490169779021,0.1096120326622829,0.0,5.883702527946283,0.0541820097714662,0.0004232969513395,0,70272,nan,2560000,26.956802355125543,34051,5000,19458560,nan,nan,1.2058808896840163,1.518456462200735,2.233324424721665,1.518456462200735,2.7234813017107853,nan,nan,nan,nan,nan,nan,nan,nan
pinn_weak__d3__m1__n0.01,pinn_weak,known_physics_forward_surrogate,3,1,0.01,5.005616158244255,5.005616158244255,0.0,0.1587804509593617,0.1587804509593617,0.1096120326622829,0.0,5.82652931975935,0.0582354869693517,0.000454964741948,0,70272,nan,2560000,29.47472949512303,34051,5000,19458560,nan,nan,1.2068712936641104,1.5292255764140323,2.2282655265514126,1.5292255764140323,2.690220918762236,nan,nan,nan,nan,nan,nan,nan,nan
pinn_weak__d3__m2__n0.01,pinn_weak,known_physics_forward_surrogate,3,2,0.01,5.005616158244255,5.005616158244255,0.0,0.1616349309766086,0.1616349309766086,0.1096120326622829,0.0,5.502062678156175,0.0537516493350267,0.0004199347604298,0,70272,nan,2560000,20.657102992758155,34051,5000,19458560,nan,nan,1.2037456004863287,1.527489140865555,2.1691357484060294,1.527489140865555,2.614711932225706,nan,nan,nan,nan,nan,nan,nan,nan
pinn_weak_tapered__d3__m0__n0.01,pinn_weak_tapered,known_physics_forward_surrogate,3,0,0.01,5.005616158244255,5.005616158244255,0.0,0.1520010609184002,0.1520010609184002,0.1187463687174732,0.0,3.5442373823065063,0.0608503781259059,0.0004753935791086,0,70272,nan,2560000,26.73459875024855,34051,5000,19458560,nan,nan,1.16271291506968,1.4459621894182957,1.74336296578403,1.4459621894182957,1.9593420501547745,nan,nan,nan,nan,nan,nan,nan,nan
pinn_weak_tapered__d3__m1__n0.01,pinn_weak_tapered,known_physics_forward_surrogate,3,1,0.01,5.005616158244255,5.005616158244255,0.0,0.1442226028714022,0.1442226028714022,0.1187463687174732,0.0,3.577690791864794,0.0561911482363939,0.0004389933455968,0,70272,nan,2560000,27.176312861964107,34051,5000,19458560,nan,nan,1.1609249925975351,1.441668321160752,1.7522413959346474,1.441668321160752,1.9655690287500136,nan,nan,nan,nan,nan,nan,nan,nan
pinn_weak_tapered__d3__m2__n0.01,pinn_weak_tapered,known_physics_forward_surrogate,3,2,0.01,5.005616158244255,5.005616158244255,0.0,0.1462207388834751,0.1462207388834751,0.1187463687174732,0.0,4.29320391388478,0.0582807324826717,0.0004553182225208,0,70272,nan,2560000,26.338104996830225,34051,5000,19458560,nan,nan,1.1738161140047236,1.4564183327986289,1.9257595224851007,1.4564183327986289,2.250847343332575,nan,nan,nan,nan,nan,nan,nan,nan
sindy_strong__d3__m0__n0.01,sindy_strong,state_only_dynamics,3,0,0.01,21.56616742630417,21.56616742630417,0.0,5.111802814885841,5.111802814885841,5.115228190906538,0.0,1.419080670244118,5.374712450429797,0.0419899410189827,12544000,0,0.001,0,0.5171561781316996,30,1,0,nan,0.0076532323476087,0.0020154509826974,0.0058013987415157,0.0656457054529197,0.0058013987415157,0.1027448977440018,1.0,0.0017183217836018,0.0182612023902317,0.4224188323325698,0.4300040895893514,0.1276079070058809,"[0.8635733100108705, 0.07611093454709676, -14.535840471472714]",0.0068872503442213
sindy_strong__d3__m1__n0.01,sindy_strong,state_only_dynamics,3,1,0.01,21.56616742630417,21.56616742630417,0.0,5.111802814885841,5.111802814885841,5.115228190906538,0.0,1.419080670244118,5.386242980137467,0.0420800232823239,12544000,0,0.001,0,0.5560979414731264,30,1,0,nan,0.0076532323476087,0.0020154509826974,0.0058013987415157,0.0656457054529197,0.0058013987415157,0.1027448977440018,1.0,0.0017183217836018,0.0182612023902317,0.4224188323325698,0.4300040895893514,0.1276079070058809,"[0.8635733100108705, 0.07611093454709676, -14.535840471472714]",0.0068872503442213
sindy_strong__d3__m2__n0.01,sindy_strong,state_only_dynamics,3,2,0.01,21.56616742630417,21.56616742630417,0.0,5.111802814885841,5.111802814885841,5.115228190906538,0.0,1.419080670244118,5.385218199342489,0.0420720171823632,12544000,0,0.001,0,0.5779654253274202,30,1,0,nan,0.0076532323476087,0.0020154509826974,0.0058013987415157,0.0656457054529197,0.0058013987415157,0.1027448977440018,1.0,0.0017183217836018,0.0182612023902317,0.4224188323325698,0.4300040895893514,0.1276079070058809,"[0.8635733100108705, 0.07611093454709676, -14.535840471472714]",0.0068872503442213
sindy_weak__d3__m0__n0.01,sindy_weak,state_only_dynamics,3,0,0.01,21.56616742630417,21.56616742630417,0.0,6.001258788259992,6.001258788259992,6.069766308673918,0.0,1.335068713352591,5.37966968677938,0.0420286694279639,12544000,0,0.001,0,1.2240816038101912,30,1,0,nan,0.0069026632835469,0.0009172496087095,0.0032575629100451,0.031922093264234,0.0032575629100451,0.050681835422407,1.0,0.0005019590643142,0.0088880352267782,0.1434884305825023,0.1600543615406983,0.1743973712468722,"[0.8313768995890705, 0.003966174520235939, -14.500775365793075]",0.0079023195354208
sindy_weak__d3__m1__n0.01,sindy_weak,state_only_dynamics,3,1,0.01,21.56616742630417,21.56616742630417,0.0,6.001258788259992,6.001258788259992,6.069766308673918,0.0,1.335068713352591,5.452340975403786,0.042596413870342,12544000,0,0.001,0,1.2341910051181912,30,1,0,nan,0.0069026632835469,0.0009172496087095,0.0032575629100451,0.031922093264234,0.0032575629100451,0.050681835422407,1.0,0.0005019590643142,0.0088880352267782,0.1434884305825023,0.1600543615406983,0.1743973712468722,"[0.8313768995890705, 0.003966174520235939, -14.500775365793075]",0.0079023195354208
sindy_weak__d3__m2__n0.01,sindy_weak,state_only_dynamics,3,2,0.01,21.56616742630417,21.56616742630417,0.0,6.001258788259992,6.001258788259992,6.069766308673918,0.0,1.335068713352591,5.293325101956725,0.0413541023590369,12544000,0,0.001,0,1.223760618828237,30,1,0,nan,0.0069026632835469,0.0009172496087095,0.0032575629100451,0.031922093264234,0.0032575629100451,0.050681835422407,1.0,0.0005019590643142,0.0088880352267782,0.1434884305825023,0.1600543615406983,0.1743973712468722,"[0.8313768995890705, 0.003966174520235939, -14.500775365793075]",0.0079023195354208
sindy_weak_weighted__d3__m0__n0.01,sindy_weak_weighted,state_only_dynamics,3,0,0.01,21.56616742630417,21.56616742630417,0.0,5.399177590622179,5.399177590622179,5.512571809307313,0.0,1.403140001686578,5.15229435171932,0.0402522996228071,12544000,0,0.001,0,1.099855575710535,30,1,0,nan,0.0148258032629685,0.0010347284112287,0.0043357367522429,0.0454770526449226,0.0043357367522429,0.0719876364991707,1.0,0.0009321950009224,0.0077941203296926,0.099045015775044,0.0958459873780076,0.1401235542676484,"[0.9411482799292894, -0.0040816803361577655, -14.618315491016862]",0.0031547080427693
sindy_weak_weighted__d3__m1__n0.01,sindy_weak_weighted,state_only_dynamics,3,1,0.01,21.56616742630417,21.56616742630417,0.0,5.399177590622179,5.399177590622179,5.512571809307313,0.0,1.403140001686578,5.233098461292684,0.040883581728849,12544000,0,0.001,0,1.0903045181185007,30,1,0,nan,0.0148258032629685,0.0010347284112287,0.0043357367522429,0.0454770526449226,0.0043357367522429,0.0719876364991707,1.0,0.0009321950009224,0.0077941203296926,0.099045015775044,0.0958459873780076,0.1401235542676484,"[0.9411482799292894, -0.0040816803361577655, -14.618315491016862]",0.0031547080427693
sindy_weak_weighted__d3__m2__n0.01,sindy_weak_weighted,state_only_dynamics,3,2,0.01,21.56616742630417,21.56616742630417,0.0,5.399177590622179,5.399177590622179,5.512571809307313,0.0,1.403140001686578,5.138020715676248,0.0401407868412206,12544000,0,0.001,0,1.0995079325512052,30,1,0,nan,0.0148258032629685,0.0010347284112287,0.0043357367522429,0.0454770526449226,0.0043357367522429,0.0719876364991707,1.0,0.0009321950009224,0.0077941203296926,0.099045015775044,0.0958459873780076,0.1401235542676484,"[0.9411482799292894, -0.0040816803361577655, -14.618315491016862]",0.0031547080427693
sindy_weighted__d3__m0__n0.01,sindy_weighted,state_only_dynamics,3,0,0.01,21.56616742630417,21.56616742630417,0.0,5.320679390147888,5.320679390147888,5.284213407927558,0.0,1.3848776228839483,5.541937856003642,0.0432963895000284,12544000,0,0.001,0,0.5174709539860487,30,1,0,nan,0.010309257796257,0.001964403343476,0.0055994498055847,0.0546060513928585,0.0055994498055847,0.0826988245221259,1.0,0.0010232130422413,0.0082754503385684,0.0907652600481285,0.0879429695891124,0.1400971687111631,"[0.845122273310784, 0.006958737582674577, -14.454682436515839]",0.0098935172760716
sindy_weighted__d3__m1__n0.01,sindy_weighted,state_only_dynamics,3,1,0.01,21.56616742630417,21.56616742630417,0.0,5.320679390147888,5.320679390147888,5.284213407927558,0.0,1.3848776228839483,5.366630733013153,0.0419268026016652,12544000,0,0.001,0,0.5679917680099607,30,1,0,nan,0.010309257796257,0.001964403343476,0.0055994498055847,0.0546060513928585,0.0055994498055847,0.0826988245221259,1.0,0.0010232130422413,0.0082754503385684,0.0907652600481285,0.0879429695891124,0.1400971687111631,"[0.845122273310784, 0.006958737582674577, -14.454682436515839]",0.0098935172760716
sindy_weighted__d3__m2__n0.01,sindy_weighted,state_only_dynamics,3,2,0.01,21.56616742630417,21.56616742630417,0.0,5.320679390147888,5.320679390147888,5.284213407927558,0.0,1.3848776228839483,5.802805192768574,0.0453344155685044,12544000,0,0.001,0,0.5603047348558903,30,1,0,nan,0.010309257796257,0.001964403343476,0.0055994498055847,0.0546060513928585,0.0055994498055847,0.0826988245221259,1.0,0.0010232130422413,0.0082754503385684,0.0907652600481285,0.0879429695891124,0.1400971687111631,"[0.845122273310784, 0.006958737582674577, -14.454682436515839]",0.0098935172760716
solver_oracle__d3__m0__n0.01,solver_oracle,known_physics_forward_surrogate,3,0,0.01,5.005616158244255,21.56616742630417,1.0,21.566167426304165,5.005616158244253,5.005616158244255,1.0,1.1547774017593171e-22,10.366663951426744,0.0809895621205214,121338880,0,0.0001,0,0.0,0,0,0,nan,nan,4.6481042629665186e-14,7.955387000378836e-14,5.008427020771061e-13,7.955387000378836e-14,7.827601973985863e-13,1.0,0.0006002224578938,7.775167469064781e-07,2.850609741057633e-05,4.193623766898303e-05,4.711643791244686e-05,"[0.895729697451579, 0.05772075766865369, -14.620110678161218]",0.0047848670313615
solver_oracle__d3__m1__n0.01,solver_oracle,known_physics_forward_surrogate,3,1,0.01,5.005616158244255,21.56616742630417,1.0,21.566167426304165,5.005616158244253,5.005616158244255,1.0,1.1547774017593171e-22,9.797835856676102,0.076545592630282,121338880,0,0.0001,0,0.0,0,0,0,nan,nan,4.6481042629665186e-14,7.955387000378836e-14,5.008427020771061e-13,7.955387000378836e-14,7.827601973985863e-13,1.0,0.0006002224578938,7.775167469064781e-07,2.850609741057633e-05,4.193623766898303e-05,4.711643791244686e-05,"[0.895729697451579, 0.05772075766865369, -14.620110678161218]",0.0047848670313615
solver_oracle__d3__m2__n0.01,solver_oracle,known_physics_forward_surrogate,3,2,0.01,5.005616158244255,21.56616742630417,1.0,21.566167426304165,5.005616158244253,5.005616158244255,1.0,1.1547774017593171e-22,10.541923666372895,0.0823587786435382,121338880,0,0.0001,0,0.0,0,0,0,nan,nan,4.6481042629665186e-14,7.955387000378836e-14,5.008427020771061e-13,7.955387000378836e-14,7.827601973985863e-13,1.0,0.0006002224578938,7.775167469064781e-07,2.850609741057633e-05,4.193623766898303e-05,4.711643791244686e-05,"[0.895729697451579, 0.05772075766865369, -14.620110678161218]",0.0047848670313615
lorenz_ad__d4__m0__n0.01,lorenz_ad,known_form_hidden_parameters,4,0,0.01,21.14598796776542,21.14598796776542,0.0,5.098814930807367,5.098814930807367,5.3024820800379375,0.0,1.3972922542162298,1.0039398167282343,0.0078432798181893,12295680,0,0.001,32000000,677.6072563398629,3,10000,9221632,0.0024606958377911,nan,0.0098044046131149,0.0201235046043392,0.0603007761480201,0.0201235046043392,0.084515211926191,1.0,0.0003918982576567,0.0046150880354715,0.0451511901167757,0.0583024261346308,0.0443739964036612,"[0.7724602239116587, 0.026602037422923618, -14.542875026399214]",0.0101549802738526
lorenz_ad__d4__m1__n0.01,lorenz_ad,known_form_hidden_parameters,4,1,0.01,21.14598796776542,21.14598796776542,0.0,4.124438176920121,4.124438176920121,3.891227159511044,0.0,1.511692360612305,1.2273225355893371,0.0095884573092916,12295680,0,0.001,32000000,708.4702244531363,3,10000,9221632,0.0008182221420259,nan,0.0081993442875203,0.0220152335150999,0.1673656588313204,0.0220152335150999,0.2641667104057389,1.0,0.0006983903072328,0.004913296503156,0.0384338149524515,0.0365336042303607,0.0458035131407675,"[0.7925629300643414, 0.05650981790112441, -14.48176716655194]",0.0113781174609628
lorenz_ad__d4__m2__n0.01,lorenz_ad,known_form_hidden_parameters,4,2,0.01,21.14598796776542,21.14598796776542,0.0,4.4764669250471005,4.4764669250471005,4.553466523512338,0.0,1.5001043153624691,1.134077250957489,0.0088599785231053,12295680,0,0.001,32000000,711.7353108860552,3,10000,9221632,0.0009504438659721,nan,0.0039886008844431,0.0118427748229297,0.1094971798379447,0.0118427748229297,0.1667358633921294,1.0,0.0006030022182943,0.0064582899045751,0.1460234037067601,0.143764944560462,0.0311393964982939,"[0.800823275127394, 0.03653786608410386, -14.48831794020045]",0.0103015715329694
lorenz_ad_tapered__d4__m0__n0.01,lorenz_ad_tapered,known_form_hidden_parameters,4,0,0.01,21.14598796776542,21.14598796776542,0.0,5.159972165176884,5.159972165176884,5.211138719486035,0.0,1.3947114254798103,0.953751752153039,0.0074511855636956,12295680,0,0.001,32000000,715.95747301355,3,10000,9221632,0.0027004305546995,nan,0.0113845539590523,0.024157674632572,0.0676344158353648,0.024157674632572,0.0961282261994011,1.0,0.0004548290282662,0.0111578600078008,0.2416337933905387,0.2541518269178116,0.1078215123106558,"[0.766414443261735, 0.021825693798581312, -14.541172415046304]",0.01053173406234
lorenz_ad_tapered__d4__m1__n0.01,lorenz_ad_tapered,known_form_hidden_parameters,4,1,0.01,21.14598796776542,21.14598796776542,0.0,4.047724026456609,4.047724026456609,3.89579432753864,0.0,1.5059176634813751,1.0414295475929976,0.0081361683405702,12295680,0,0.001,32000000,693.9898736216128,3,10000,9221632,0.0008816698406937,nan,0.0058472920437785,0.0173051353471194,0.1555086505190328,0.0173051353471194,0.2333412794114702,1.0,0.001004966242315,0.0091185492974966,0.1057805526900344,0.0972645221535756,0.0934192158268737,"[0.77064542346951, 0.06272538065273256, -14.478529923877188]",0.0127664960189159
lorenz_ad_tapered__d4__m2__n0.01,lorenz_ad_tapered,known_form_hidden_parameters,4,2,0.01,21.14598796776542,21.14598796776542,0.0,4.425514456739242,4.425514456739242,4.393615642546508,0.0,1.444656229922869,1.192964218556881,0.0093200329574756,12295680,0,0.001,32000000,739.342830652371,3,10000,9221632,0.0010531366782364,nan,0.0047033435742488,0.0128349353630177,0.1273545418521814,0.0128349353630177,0.199942412847726,1.0,0.0007236776157604,0.004696991011321,0.0910581468601651,0.0987073499750634,0.0797055289668426,"[0.7773869084996387, 0.03666576331262577, -14.461157461606385]",0.0126787662914227
node_soft_dtw__d4__m0__n0.01,node_soft_dtw,state_only_dynamics,4,0,0.01,21.14598796776542,21.14598796776542,0.0,1.7632123066534422,1.7632123066534422,1.744658186541337,0.0,1.7893571228092078,17.973948426544666,0.1404214720823802,12295680,0,0.001,25600000,1325.802579011768,33923,5000,30950400,nan,nan,0.062324618779793,0.2248742855487774,0.7390705805106987,0.2248742855487774,1.1037582405786912,1.0,0.0025675266566667,0.0469258968440235,0.8231550378275664,0.78772456501932,0.3374248420653891,"[0.937595229063489, -0.015605895472880188, -13.12285264089988]",0.0998882668565535
node_soft_dtw__d4__m1__n0.01,node_soft_dtw,state_only_dynamics,4,1,0.01,21.14598796776542,21.14598796776542,0.0,2.516652307205775,2.516652307205775,2.493673743066937,0.0,1.7140510447724575,16.618212470784783,0.1298297849280061,12295680,0,0.001,25600000,1274.3687580786643,33923,5000,30950400,nan,nan,0.0486386142051071,0.1115172154096906,0.5744654542971276,0.1115172154096906,0.8660355124862165,1.0,0.0014715908936613,0.0218530447205687,0.2206466721967793,0.2487074855184693,0.3622864753564808,"[0.9499152196109619, -0.015987070657100835, -12.313001265272426]",0.1553215058338516
node_soft_dtw__d4__m2__n0.01,node_soft_dtw,state_only_dynamics,4,2,0.01,21.14598796776542,21.14598796776542,0.0,2.314126949982104,2.314126949982104,2.1374346369145174,0.0,1.7338088301436156,16.224951887503266,0.1267574366211192,12295680,0,0.001,25600000,1369.066096039489,33923,5000,30950400,nan,nan,0.0593205621851471,0.1389685943934065,0.647871114547216,0.1389685943934065,0.9580040493068652,1.0,0.0017302919157846,0.0418307377309833,0.7929993521262431,0.776279384901859,0.5147575520395438,"[0.8409916406228106, 0.00981761127273701, -12.75927920083271]",0.124851395565986
node_strong__d4__m0__n0.01,node_strong,state_only_dynamics,4,0,0.01,21.14598796776542,21.14598796776542,0.0,2.4450048587728768,2.4450048587728768,2.4343005587082,0.0,1.6940639069753316,16.66955641284585,0.1302309094753582,12295680,0,0.001,6560000,44.18437114357948,33923,5000,25560064,nan,nan,0.0411629014354155,0.1108336057189964,0.5604259059171389,0.1108336057189964,0.8250262101621963,1.0,0.0009901634254076,0.0259120949171811,0.1579669919800126,0.1652903449639071,0.1235074762764146,"[0.8910889530096382, 0.020940703794830828, -7.222259245886625]",0.5037297705967413
node_strong__d4__m1__n0.01,node_strong,state_only_dynamics,4,1,0.01,21.14598796776542,21.14598796776542,0.0,2.48596664702037,2.48596664702037,2.4023303825150344,0.0,1.7140557756092711,16.708505587652326,0.1305351999035338,12295680,0,0.001,6560000,46.31010121107101,33923,5000,25560064,nan,nan,0.0313957768397662,0.0946865014610302,0.5549066663162087,0.0946865014610302,0.8543950401419227,1.0,0.0003772213223645,0.0198652876260221,0.1224203989360319,0.1646062473650909,0.132729008678568,"[0.784385967886332, 0.054810472916931606, -7.05662417065773]",0.515150901682232
node_strong__d4__m2__n0.01,node_strong,state_only_dynamics,4,2,0.01,21.14598796776542,21.14598796776542,0.0,2.8061679429550472,2.8061679429550472,2.767703824722645,0.0,1.6330333305594955,16.38435633853078,0.1280027838947717,12295680,0,0.001,6560000,46.44029376283288,33923,5000,25560064,nan,nan,0.026031590356519,0.0713841768482165,0.4844219922141947,0.0713841768482165,0.7379034860762912,1.0,0.000993776913913,0.0130542492506477,0.280505909244799,0.2295601932948855,0.0634998696309292,"[0.8060569881584786, 0.04171061323834795, -7.067559916913783]",0.5143736831604521
node_weak__d4__m0__n0.01,node_weak,state_only_dynamics,4,0,0.01,21.14598796776542,21.14598796776542,0.0,2.413320130581435,2.413320130581435,2.3931960464598445,0.0,1.681165688428498,16.850062208250165,0.1316411110019544,12295680,0,0.001,6560000,41.50338673777878,33923,5000,24168448,nan,nan,0.0355355826132071,0.1241017120487474,0.581058568606907,0.1241017120487474,0.8844580127984742,1.0,0.0015648175085591,0.0186726677134033,0.5397889996745703,0.5442736743124237,0.1347129004935685,"[0.8198692602029959, 0.04578600746493451, -8.068377116256526]",0.4458704578897389
node_weak__d4__m1__n0.01,node_weak,state_only_dynamics,4,1,0.01,21.14598796776542,21.14598796776542,0.0,2.801529412927021,2.801529412927021,2.8910173614677124,0.0,1.658732696100616,17.9808011315763,0.1404750088404398,12295680,0,0.001,6560000,39.042945416644216,33923,5000,24168448,nan,nan,0.0325496012318011,0.0773493593704701,0.5141780581160011,0.0773493593704701,0.7298608537547433,1.0,0.0004812163509104,0.0256196643037881,0.270269341827187,0.3238911689220285,0.1946744948515738,"[0.8198888578960861, 0.036103063966459306, -8.764507974293023]",0.3982269406289855
node_weak__d4__m2__n0.01,node_weak,state_only_dynamics,4,2,0.01,21.14598796776542,21.14598796776542,0.0,3.038237168357224,3.038237168357224,3.046301074405947,0.0,1.6906924341704526,16.72529476135969,0.1306663653231226,12295680,0,0.001,6560000,37.68784349784255,33923,5000,24168448,nan,nan,0.0189423078699926,0.0519949089263655,0.4725285747514344,0.0519949089263655,0.7380444627113519,1.0,0.0004778059459802,0.005886650262876,0.2530793224645088,0.2382605656463192,0.050715505060721,"[0.8525464406946451, 0.021640177575995092, -8.338549507847942]",0.4273452031847259
pinn_strong__d4__m0__n0.01,pinn_strong,known_physics_forward_surrogate,4,0,0.01,5.005616158244255,5.005616158244255,0.0,0.2895869977497032,0.2895869977497032,0.2740300816557073,0.0,4.272664947960011,0.0589884705841541,0.0004608474264387,0,70272,nan,2560000,42.23086753487587,34051,5000,24099840,nan,nan,1.1720709877150428,1.513330779779943,1.8981887474381671,1.513330779779943,2.1606220018381457,nan,nan,nan,nan,nan,nan,nan,nan
pinn_strong__d4__m1__n0.01,pinn_strong,known_physics_forward_surrogate,4,1,0.01,5.005616158244255,5.005616158244255,0.0,0.2947250617807477,0.2947250617807477,0.2785972496833024,0.0,3.959230489139391,0.0606381669640541,0.0004737356794066,0,70272,nan,2560000,39.05581448785961,34051,5000,24099840,nan,nan,1.1393175546474978,1.4971506577662108,1.8585766967558808,1.4971506577662108,2.093362406388501,nan,nan,nan,nan,nan,nan,nan,nan
pinn_strong__d4__m2__n0.01,pinn_strong,known_physics_forward_surrogate,4,2,0.01,5.005616158244255,5.005616158244255,0.0,0.2904433417548773,0.2904433417548773,0.2740300816557073,0.0,3.787612064153345,0.0602671019732952,0.0004708367341663,0,70272,nan,2560000,40.47196117043495,34051,5000,24099840,nan,nan,1.1559021510708658,1.5037755443099865,1.7919197206060162,1.5037755443099865,2.007723958917502,nan,nan,nan,nan,nan,nan,nan,nan
pinn_weak__d4__m0__n0.01,pinn_weak,known_physics_forward_surrogate,4,0,0.01,5.005616158244255,5.005616158244255,0.0,0.2073066112525598,0.2073066112525598,0.1598508809658292,0.0,5.631105173647101,0.0610563587397336,0.0004770028026541,0,70272,nan,2560000,26.55969195254147,34051,5000,19458560,nan,nan,1.151218145439915,1.486140749998564,2.195648508089519,1.486140749998564,2.6572465277966204,nan,nan,nan,nan,nan,nan,nan,nan
pinn_weak__d4__m1__n0.01,pinn_weak,known_physics_forward_surrogate,4,1,0.01,5.005616158244255,5.005616158244255,0.0,0.2058080092435052,0.2058080092435052,0.1598508809658292,0.0,5.56782067439829,0.0591861326247453,0.0004623916611308,0,70272,nan,2560000,26.99743405729532,34051,5000,19458560,nan,nan,1.1564834058579132,1.492551005609431,2.1793572939384664,1.492551005609431,2.600936623453154,nan,nan,nan,nan,nan,nan,nan,nan
pinn_weak__d4__m2__n0.01,pinn_weak,known_physics_forward_surrogate,4,2,0.01,5.005616158244255,5.005616158244255,0.0,0.2055225612417805,0.2055225612417805,0.1598508809658292,0.0,5.498597857790119,0.0553276762366294,0.0004322474705986,0,70272,nan,2560000,26.31884538754821,34051,5000,19458560,nan,nan,1.1522659954743215,1.4859742511498402,2.157770172746676,1.4859742511498402,2.610210807074611,nan,nan,nan,nan,nan,nan,nan,nan
pinn_weak_tapered__d4__m0__n0.01,pinn_weak_tapered,known_physics_forward_surrogate,4,0,0.01,5.005616158244255,5.005616158244255,0.0,0.1861120971245012,0.1861120971245012,0.1644180489934244,0.0,4.283692969281344,0.0560310576111078,0.0004377426375867,0,70272,nan,2560000,77.45686582662165,34051,5000,19458560,nan,nan,1.1171169728169907,1.465349212579734,1.9246464741762213,1.465349212579734,2.218980435240873,nan,nan,nan,nan,nan,nan,nan,nan
pinn_weak_tapered__d4__m1__n0.01,pinn_weak_tapered,known_physics_forward_surrogate,4,1,0.01,5.005616158244255,5.005616158244255,0.0,0.1746228150550822,0.1746228150550822,0.1552837129382341,0.0,3.445013411147672,0.0549560412764549,0.0004293440724723,0,70272,nan,2560000,79.9982428457588,34051,5000,19458560,nan,nan,1.099305331773448,1.4289855689082962,1.7290668056548226,1.4289855689082962,1.919699905724692,nan,nan,nan,nan,nan,nan,nan,nan
pinn_weak_tapered__d4__m2__n0.01,pinn_weak_tapered,known_physics_forward_surrogate,4,2,0.01,5.005616158244255,5.005616158244255,0.0,0.158923174960224,0.158923174960224,0.1461493768830439,0.0,4.359657413557217,0.0715337079018354,0.000558857092983,0,70272,nan,2560000,74.32687442936003,34051,5000,19458560,nan,nan,1.1044002287817745,1.431459717571654,1.929521547748967,1.431459717571654,2.2662711667319595,nan,nan,nan,nan,nan,nan,nan,nan
sindy_strong__d4__m0__n0.01,sindy_strong,state_only_dynamics,4,0,0.01,21.14598796776542,21.14598796776542,0.0,5.018461318321865,5.018461318321865,5.101526686823751,0.0,1.409923863969759,5.31399441882968,0.0415155813971068,12295680,0,0.001,0,0.5216287365183234,30,1,0,nan,0.0072191790669437,0.0019830829296983,0.0061493448862667,0.0694230739436743,0.0061493448862667,0.1014555827760868,1.0,0.0001111098636892,0.0034493277337214,0.0515810064399247,0.0691883214478762,0.030398143334171,"[0.7529054262854651, 0.09123315550221152, -14.433477046366827]",0.0161685589713236
sindy_strong__d4__m1__n0.01,sindy_strong,state_only_dynamics,4,1,0.01,21.14598796776542,21.14598796776542,0.0,5.018461318321865,5.018461318321865,5.101526686823751,0.0,1.409923863969759,5.315159983932972,0.0415246873744763,12295680,0,0.001,0,0.5664316974580288,30,1,0,nan,0.0072191790669437,0.0019830829296983,0.0061493448862667,0.0694230739436743,0.0061493448862667,0.1014555827760868,1.0,0.0001111098636892,0.0034493277337214,0.0515810064399247,0.0691883214478762,0.030398143334171,"[0.7529054262854651, 0.09123315550221152, -14.433477046366827]",0.0161685589713236
sindy_strong__d4__m2__n0.01,sindy_strong,state_only_dynamics,4,2,0.01,21.14598796776542,21.14598796776542,0.0,5.018461318321865,5.018461318321865,5.101526686823751,0.0,1.409923863969759,5.4837327003479,0.0428416617214679,12295680,0,0.001,0,0.5644420571625233,30,1,0,nan,0.0072191790669437,0.0019830829296983,0.0061493448862667,0.0694230739436743,0.0061493448862667,0.1014555827760868,1.0,0.0001111098636892,0.0034493277337214,0.0515810064399247,0.0691883214478762,0.030398143334171,"[0.7529054262854651, 0.09123315550221152, -14.433477046366827]",0.0161685589713236
sindy_weak__d4__m0__n0.01,sindy_weak,state_only_dynamics,4,0,0.01,21.14598796776542,21.14598796776542,0.0,6.649868010178929,6.649868010178929,6.585856295792167,0.0,1.2965659599624522,5.137806551530957,0.0401391136838356,12295680,0,0.001,0,1.242893546819687,30,1,0,nan,0.0022459003307008,0.0005920219905314,0.0019760964129287,0.014717057515264,0.0019760964129287,0.0218108007175473,1.0,0.0004345098669968,0.0047234285923014,0.0995113056607359,0.1093489419618737,0.0535396654603965,"[0.8361958871990094, 0.02596903899045881, -14.52072274954636]",0.0069455059660217
sindy_weak__d4__m1__n0.01,sindy_weak,state_only_dynamics,4,1,0.01,21.14598796776542,21.14598796776542,0.0,6.649868010178929,6.649868010178929,6.585856295792167,0.0,1.2965659599624522,5.4086466282606125,0.042255051783286,12295680,0,0.001,0,1.2266114437952638,30,1,0,nan,0.0022459003307008,0.0005920219905314,0.0019760964129287,0.014717057515264,0.0019760964129287,0.0218108007175473,1.0,0.0004345098669968,0.0047234285923014,0.0995113056607359,0.1093489419618737,0.0535396654603965,"[0.8361958871990094, 0.02596903899045881, -14.52072274954636]",0.0069455059660217
sindy_weak__d4__m2__n0.01,sindy_weak,state_only_dynamics,4,2,0.01,21.14598796776542,21.14598796776542,0.0,6.649868010178929,6.649868010178929,6.585856295792167,0.0,1.2965659599624522,5.116334680467844,0.039971364691155,12295680,0,0.001,0,1.216655246913433,30,1,0,nan,0.0022459003307008,0.0005920219905314,0.0019760964129287,0.014717057515264,0.0019760964129287,0.0218108007175473,1.0,0.0004345098669968,0.0047234285923014,0.0995113056607359,0.1093489419618737,0.0535396654603965,"[0.8361958871990094, 0.02596903899045881, -14.52072274954636]",0.0069455059660217
sindy_weak_weighted__d4__m0__n0.01,sindy_weak_weighted,state_only_dynamics,4,0,0.01,21.14598796776542,21.14598796776542,0.0,6.328524922237354,6.328524922237354,6.215915685556962,0.0,1.300566368294676,5.0309883784502745,0.0393045967066427,12295680,0,0.001,0,1.0844902228564024,30,1,0,nan,0.0059206385997848,0.0008477132592084,0.0024865689513442,0.0214469117066706,0.0024865689513442,0.0331100612736185,1.0,0.0007947393520069,0.0028273749318151,0.0602413186377026,0.0599087807751332,0.0179862148925892,"[0.7906774929850625, 0.04102782503927496, -14.476269453789904]",0.0114067342019438
sindy_weak_weighted__d4__m1__n0.01,sindy_weak_weighted,state_only_dynamics,4,1,0.01,21.14598796776542,21.14598796776542,0.0,6.328524922237354,6.328524922237354,6.215915685556962,0.0,1.300566368294676,5.051816858351231,0.0394673192058689,12295680,0,0.001,0,1.0820574220269918,30,1,0,nan,0.0059206385997848,0.0008477132592084,0.0024865689513442,0.0214469117066706,0.0024865689513442,0.0331100612736185,1.0,0.0007947393520069,0.0028273749318151,0.0602413186377026,0.0599087807751332,0.0179862148925892,"[0.7906774929850625, 0.04102782503927496, -14.476269453789904]",0.0114067342019438
sindy_weak_weighted__d4__m2__n0.01,sindy_weak_weighted,state_only_dynamics,4,2,0.01,21.14598796776542,21.14598796776542,0.0,6.328524922237354,6.328524922237354,6.215915685556962,0.0,1.300566368294676,5.087858451530337,0.0397488941525807,12295680,0,0.001,0,1.1198776811361313,30,1,0,nan,0.0059206385997848,0.0008477132592084,0.0024865689513442,0.0214469117066706,0.0024865689513442,0.0331100612736185,1.0,0.0007947393520069,0.0028273749318151,0.0602413186377026,0.0599087807751332,0.0179862148925892,"[0.7906774929850625, 0.04102782503927496, -14.476269453789904]",0.0114067342019438
sindy_weighted__d4__m0__n0.01,sindy_weighted,state_only_dynamics,4,0,0.01,21.14598796776542,21.14598796776542,0.0,5.101740772825046,5.101740772825046,5.165467039210084,0.0,1.4169926193814697,5.153091289103031,0.0402585256961174,12295680,0,0.001,0,0.5685795098543167,30,1,0,nan,0.0075456338058378,0.0017694618705165,0.0055723592056761,0.065142677794637,0.0055723592056761,0.0963740009513952,1.0,0.0013171677988157,0.0061209633305046,0.1545049518123187,0.1527899710377533,0.0291637712379637,"[0.958916799746395, -0.030842117684464113, -14.514104667326098]",0.0060232891215525
sindy_weighted__d4__m1__n0.01,sindy_weighted,state_only_dynamics,4,1,0.01,21.14598796776542,21.14598796776542,0.0,5.101740772825046,5.101740772825046,5.165467039210084,0.0,1.4169926193814697,5.2392199896276,0.0409314061689656,12295680,0,0.001,0,0.5085815684869885,30,1,0,nan,0.0075456338058378,0.0017694618705165,0.0055723592056761,0.065142677794637,0.0055723592056761,0.0963740009513952,1.0,0.0013171677988157,0.0061209633305046,0.1545049518123187,0.1527899710377533,0.0291637712379637,"[0.958916799746395, -0.030842117684464113, -14.514104667326098]",0.0060232891215525
sindy_weighted__d4__m2__n0.01,sindy_weighted,state_only_dynamics,4,2,0.01,21.14598796776542,21.14598796776542,0.0,5.101740772825046,5.101740772825046,5.165467039210084,0.0,1.4169926193814697,5.383621385321021,0.0420595420728204,12295680,0,0.001,0,0.5020720092579722,30,1,0,nan,0.0075456338058378,0.0017694618705165,0.0055723592056761,0.065142677794637,0.0055723592056761,0.0963740009513952,1.0,0.0013171677988157,0.0061209633305046,0.1545049518123187,0.1527899710377533,0.0291637712379637,"[0.958916799746395, -0.030842117684464113, -14.514104667326098]",0.0060232891215525
solver_oracle__d4__m0__n0.01,solver_oracle,known_physics_forward_surrogate,4,0,0.01,5.005616158244255,21.14598796776542,1.0,21.14598796776543,5.005616158244253,5.005616158244255,1.0,2.4753941081951465e-23,9.825591061264277,0.0767624301661271,118970880,0,0.0001,0,0.0,0,0,0,nan,nan,4.4966659012318156e-14,8.553104776211603e-14,6.056719866989303e-13,8.553104776211603e-14,8.937080565454572e-13,1.0,0.0005693039601035,5.40419658261438e-07,1.9735546208467263e-05,2.8619854474707616e-05,3.246208906109133e-05,"[0.814994841741819, 0.034074494272390045, -14.51572988624933]",0.0084147149937014
solver_oracle__d4__m1__n0.01,solver_oracle,known_physics_forward_surrogate,4,1,0.01,5.005616158244255,21.14598796776542,1.0,21.14598796776543,5.005616158244253,5.005616158244255,1.0,2.4753941081951465e-23,9.81075488962233,0.0766465225751744,118970880,0,0.0001,0,0.0,0,0,0,nan,nan,4.4966659012318156e-14,8.553104776211603e-14,6.056719866989303e-13,8.553104776211603e-14,8.937080565454572e-13,1.0,0.0005693039601035,5.40419658261438e-07,1.9735546208467263e-05,2.8619854474707616e-05,3.246208906109133e-05,"[0.814994841741819, 0.034074494272390045, -14.51572988624933]",0.0084147149937014
solver_oracle__d4__m2__n0.01,solver_oracle,known_physics_forward_surrogate,4,2,0.01,5.005616158244255,21.14598796776542,1.0,21.14598796776543,5.005616158244253,5.005616158244255,1.0,2.4753941081951465e-23,10.78624658472836,0.0842675514431903,118970880,0,0.0001,0,0.0,0,0,0,nan,nan,4.4966659012318156e-14,8.553104776211603e-14,6.056719866989303e-13,8.553104776211603e-14,8.937080565454572e-13,1.0,0.0005693039601035,5.40419658261438e-07,1.9735546208467263e-05,2.8619854474707616e-05,3.246208906109133e-05,"[0.814994841741819, 0.034074494272390045, -14.51572988624933]",0.0084147149937014
lorenz_ad__d5__m0__n0.01,lorenz_ad,known_form_hidden_parameters,5,0,0.01,21.6301077786905,21.6301077786905,0.0,3.815512077053569,3.815512077053569,3.612629909827742,0.0,1.5621485510576252,1.0011062677949667,0.0078211427171481,12581888,0,0.001,32000000,702.7407658975571,3,10000,9221632,0.0013166434679338,nan,0.0082134370053085,0.025619711721566,0.2697425391756409,0.025619711721566,0.4138634247370029,1.0,0.0004528858150449,0.0111382635114228,0.1740404438909844,0.185796556933176,0.0961345457695417,"[0.9545020771791703, -0.06188817779904839, -14.559563436565695]",0.0054126212154305
lorenz_ad__d5__m1__n0.01,lorenz_ad,known_form_hidden_parameters,5,1,0.01,21.6301077786905,21.6301077786905,0.0,4.672926512234122,4.672926512234122,4.667645724202216,0.0,1.5008867242177957,1.0214708801358938,0.0079802412510616,12581888,0,0.001,32000000,769.8695777766407,3,10000,9221632,0.0010426142999112,nan,0.0039068647349733,0.0108273104220185,0.1144754341257119,0.0108273104220185,0.1797438704806145,1.0,0.0008551289249862,0.0061043371506438,0.18074951240488,0.1863739334230008,0.029070202762278,"[0.886494978496116, 0.012132706339086296, -14.59691131769899]",0.0022222874307055
lorenz_ad__d5__m2__n0.01,lorenz_ad,known_form_hidden_parameters,5,2,0.01,21.6301077786905,21.6301077786905,0.0,3.740724700601699,3.740724700601699,3.767913622765976,0.0,1.5709681597476526,1.0074025336652994,0.0078703322942601,12581888,0,0.001,32000000,747.4082175567746,3,10000,9221632,0.0020504696539142,nan,0.0099267443716681,0.0273235323890927,0.2422505231188388,0.0273235323890927,0.3555706997246863,1.0,0.00084253118527,0.0072065943687422,0.1303025137365496,0.1270658949044057,0.0830770301923609,"[1.031101751503842, -0.10420843895340355, -14.666173231657277]",0.0122796030162289
lorenz_ad_tapered__d5__m0__n0.01,lorenz_ad_tapered,known_form_hidden_parameters,5,0,0.01,21.6301077786905,21.6301077786905,0.0,3.80280964097682,3.80280964097682,3.5989284057449566,0.0,1.5628268863379533,1.0249617211520672,0.0080075134465005,12581888,0,0.001,32000000,725.7111218199134,3,10000,9221632,0.0011275660889272,nan,0.0087362734395489,0.0288273900261092,0.2825274076935513,0.0288273900261092,0.4283381975109511,1.0,0.0002918939625866,0.0098146204575878,0.1422471881183641,0.1497217109950178,0.0843318770389826,"[0.9310329736777563, -0.03562552646686271, -14.565599149050053]",0.0030484054679517
lorenz_ad_tapered__d5__m1__n0.01,lorenz_ad_tapered,known_form_hidden_parameters,5,1,0.01,21.6301077786905,21.6301077786905,0.0,5.343800678287587,5.343800678287587,5.3024820800379375,0.0,1.397810900426384,1.0100163258612156,0.0078907525457907,12581888,0,0.001,32000000,743.2350384183228,3,10000,9221632,0.0002611558686956,nan,0.0018798423195116,0.0061835819574682,0.0659295956260891,0.0061835819574682,0.0910929625287348,1.0,0.0003312430626178,0.0033800402215809,0.0364131461671165,0.0396815157920485,0.0236580208664618,"[1.1903375427331222, -0.1176844269680879, -14.74598750042084]",0.0234982890866092
lorenz_ad_tapered__d5__m2__n0.01,lorenz_ad_tapered,known_form_hidden_parameters,5,2,0.01,21.6301077786905,21.6301077786905,0.0,4.004407292194888,4.004407292194888,4.055645208504469,0.0,1.5100600177730814,1.049841821193695,0.0082018892280757,12581888,0,0.001,32000000,702.2375419195741,3,10000,9221632,0.0014680483854591,nan,0.0064431969705296,0.0180747228016406,0.1921349673143351,0.0180747228016406,0.2981887179101508,1.0,0.0002342462188145,0.0093295724663049,0.1979651414598922,0.2152733984017504,0.068139644514181,"[0.9261832611196893, -0.030208016627060165, -14.608152501391054]",0.0029653320563438
node_soft_dtw__d5__m0__n0.01,node_soft_dtw,state_only_dynamics,5,0,0.01,21.6301077786905,21.6301077786905,0.0,1.7560047446098934,1.7560047446098934,1.6807178341550053,0.0,1.7341640092876611,28.56661823578179,0.2231767049670452,12581888,0,0.001,25600000,1222.2316621299833,33923,5000,30950400,nan,nan,0.0807851672971588,0.1968664367520664,0.7250638803298399,0.1968664367520664,1.0320461187104872,1.0,0.00155945844614,0.0576346682755778,1.1008875170086818,1.073704365336425,0.2377599861134394,"[0.7458651486364704, 0.0970422478047525, -12.887092169988705]",0.1167511632072339
node_soft_dtw__d5__m1__n0.01,node_soft_dtw,state_only_dynamics,5,1,0.01,21.6301077786905,21.6301077786905,0.0,1.499886525062411,1.499886525062411,1.379284744333727,0.0,1.8305777625719688,16.852072708308697,0.1316568180336617,12581888,0,0.001,25600000,1245.2246991060674,33923,5000,30950400,nan,nan,0.1180036768673764,0.3857676944785914,0.8414072506221152,0.3857676944785914,1.171442073783766,1.0,0.0040936324718996,0.0584850460454023,1.0545684160967304,1.0505884590417722,0.0901754809843063,"[0.7791359743749335, -0.04900233236561064, -12.95230007357092]",0.111972908132355
node_soft_dtw__d5__m2__n0.01,node_soft_dtw,state_only_dynamics,5,2,0.01,21.6301077786905,21.6301077786905,0.0,2.269739785713914,2.269739785713914,2.128300300859327,0.0,1.7307036063616286,17.072199137881398,0.1333765557646984,12581888,0,0.001,25600000,1186.3115447685122,33923,5000,30950400,nan,nan,0.0446161084418824,0.1507873344028645,0.6561066943019807,0.1507873344028645,0.9902231832819198,1.0,0.0048580881397612,0.0395772257032233,0.6097878745829293,0.668720873090409,0.4028516433777206,"[0.9903158420376952, -0.12551164171156293, -12.169015760406122]",0.165465185070208
node_strong__d5__m0__n0.01,node_strong,state_only_dynamics,5,0,0.01,21.6301077786905,21.6301077786905,0.0,2.581449003597281,2.581449003597281,2.5302110872876984,0.0,1.7142405820858864,16.971876898780465,0.1325927882717223,12581888,0,0.001,6560000,10.302206633612514,33923,5000,25560064,nan,nan,0.0398491703690767,0.0946751311047787,0.5404695221717823,0.0946751311047787,0.802801645194035,1.0,0.0005467267045082,0.0133006214505214,0.0990833858591099,0.1055645443448263,0.1190366843709802,"[0.9021955174093128, -0.048698673063337444, -7.335486584965316]",0.4959887347654258
node_strong__d5__m1__n0.01,node_strong,state_only_dynamics,5,1,0.01,21.6301077786905,21.6301077786905,0.0,2.59172513165937,2.59172513165937,2.5028080791221274,0.0,1.702602796907444,16.666156247258186,0.1302043456817045,12581888,0,0.001,6560000,10.33182597346604,33923,5000,25560064,nan,nan,0.0309789866538804,0.0964265429224783,0.5777495353119709,0.0964265429224783,0.883983914888927,1.0,0.0012236096481812,0.0324969908812157,0.5279591491253254,0.5714039728124466,0.0710739305427071,"[1.0202674564707233, -0.09213576541706599, -7.45952135753303]",0.4875839554412785
node_strong__d5__m2__n0.01,node_strong,state_only_dynamics,5,2,0.01,21.6301077786905,21.6301077786905,0.0,2.628690647882718,2.628690647882718,2.680927632198337,0.0,1.6809319005902603,17.137839866802096,0.1338893739593913,12581888,0,0.001,6560000,10.36287030763924,33923,5000,25560064,nan,nan,0.0391934242537768,0.0864837507111905,0.4947302604132543,0.0864837507111905,0.7535326002323783,1.0,0.0034949316419452,0.0219398344767031,0.9988228377259214,0.966527678019052,0.1091179325253477,"[0.9386243897190601, -0.019066519942091728, -6.83725753220861]",0.5300814341980048
node_weak__d5__m0__n0.01,node_weak,state_only_dynamics,5,0,0.01,21.6301077786905,21.6301077786905,0.0,3.0594316824852825,3.0594316824852825,3.060002578488732,0.0,1.6110229492493913,17.104628456756473,0.1336299098184099,12581888,0,0.001,6560000,17.283270459622145,33923,5000,24168448,nan,nan,0.0256135764930255,0.0597202701797612,0.4396223299691875,0.0597202701797612,0.6732713446429013,1.0,0.000930608862496,0.0219471655232134,0.2438922541111144,0.3281864132250442,0.1592511262646107,"[0.9461155824969781, -0.03652421192294823, -8.407459802248004]",0.4226203567994057
node_weak__d5__m1__n0.01,node_weak,state_only_dynamics,5,1,0.01,21.6301077786905,21.6301077786905,0.0,2.845060233190037,2.845060233190037,2.79967400091581,0.0,1.6357819024686446,16.839681124314666,0.1315600087837083,12581888,0,0.001,6560000,15.317009737715123,33923,5000,24168448,nan,nan,0.0334152042264414,0.0874680792909174,0.4338123537634378,0.0874680792909174,0.6241689638007295,1.0,0.0009078855456647,0.0342447262542879,0.5650936181543594,0.5779939529215394,0.1698195417954085,"[0.9206110378716083, -0.012996769616184053, -8.455361408364748]",0.4193292267624907
node_weak__d5__m2__n0.01,node_weak,state_only_dynamics,5,2,0.01,21.6301077786905,21.6301077786905,0.0,2.2496157015923224,2.2496157015923224,2.2059421573284443,0.0,1.7687364355252695,17.237566517665982,0.1346684884192655,12581888,0,0.001,6560000,17.456153167411685,33923,5000,24168448,nan,nan,0.0599842088966168,0.1439943496278461,0.6770510036901204,0.1439943496278461,0.987061979814456,1.0,0.0019227159962618,0.0378461894855003,0.9797945230211388,0.9411312253045802,0.4770448504633921,"[0.9939383437800297, -0.03737176941328933, -8.011672254553957]",0.449737199973139
pinn_strong__d5__m0__n0.01,pinn_strong,known_physics_forward_surrogate,5,0,0.01,5.005616158244255,5.005616158244255,0.0,0.2636825915931872,0.2636825915931872,0.2009553932141854,0.0,3.779136340986206,0.0581691265106201,0.0004544463008642,0,70272,nan,2560000,41.378343403339386,34051,5000,24099840,nan,nan,1.1545924471090072,1.4914597256178692,1.8108575743989528,1.4914597256178692,2.003135015165174,nan,nan,nan,nan,nan,nan,nan,nan
pinn_strong__d5__m1__n0.01,pinn_strong,known_physics_forward_surrogate,5,1,0.01,5.005616158244255,5.005616158244255,0.0,0.2602572155724908,0.2602572155724908,0.1963882251865902,0.0,3.6355675349006646,0.0535195190459489,0.0004181212425464,0,70272,nan,2560000,33.1423859577626,34051,5000,24099840,nan,nan,1.137188562403885,1.4645790759759436,1.7556741892367882,1.4645790759759436,1.9580134311267487,nan,nan,nan,nan,nan,nan,nan,nan
pinn_strong__d5__m2__n0.01,pinn_strong,known_physics_forward_surrogate,5,2,0.01,5.005616158244255,5.005616158244255,0.0,0.2686779316233693,0.2686779316233693,0.2146568972969707,0.0,3.1914831212154726,0.0533436331897974,0.0004167471342952,0,70272,nan,2560000,32.874019192531705,34051,5000,24099840,nan,nan,1.1462717318165083,1.4679420552292868,1.643543853613957,1.4679420552292868,1.7139700311181694,nan,nan,nan,nan,nan,nan,nan,nan
pinn_weak__d5__m0__n0.01,pinn_weak,known_physics_forward_surrogate,5,0,0.01,5.005616158244255,5.005616158244255,0.0,0.1826153591033737,0.1826153591033737,0.1187463687174732,0.0,5.96828255962133,0.0535799022763967,0.0004185929865343,0,70272,nan,2560000,20.45475855655968,34051,5000,19458560,nan,nan,1.1952313409029969,1.504531539914009,2.241739959263267,1.504531539914009,2.7308285583200256,nan,nan,nan,nan,nan,nan,nan,nan
pinn_weak__d5__m1__n0.01,pinn_weak,known_physics_forward_surrogate,5,1,0.01,5.005616158244255,5.005616158244255,0.0,0.1763355030654304,0.1763355030654304,0.1187463687174732,0.0,4.74895072873335,0.0536506827920675,0.000419145959313,0,70272,nan,2560000,20.254812153056264,34051,5000,19458560,nan,nan,1.1884784522312462,1.4654856742455862,2.0179131928951417,1.4654856742455862,2.365797207153342,nan,nan,nan,nan,nan,nan,nan,nan
pinn_weak__d5__m2__n0.01,pinn_weak,known_physics_forward_surrogate,5,2,0.01,5.005616158244255,5.005616158244255,0.0,0.1813308430956126,0.1813308430956126,0.1187463687174732,0.0,5.885766084013464,0.0608095526695251,0.0004750746302306,0,70272,nan,2560000,22.653401043266054,34051,5000,19458560,nan,nan,1.189546702394126,1.4934333407198666,2.2280533101444795,1.4934333407198666,2.7237319088855347,nan,nan,nan,nan,nan,nan,nan,nan
pinn_weak_tapered__d5__m0__n0.01,pinn_weak_tapered,known_physics_forward_surrogate,5,0,0.01,5.005616158244255,5.005616158244255,0.0,0.1647748589955803,0.1647748589955803,0.1278807047726634,0.0,3.9367957597562944,0.0552095063030719,0.0004313242679927,0,70272,nan,2560000,24.97907137684524,34051,5000,19458560,nan,nan,1.1459401526893538,1.4621158308842552,1.839937213762104,1.4621158308842552,2.0990718850293124,nan,nan,nan,nan,nan,nan,nan,nan
pinn_weak_tapered__d5__m1__n0.01,pinn_weak_tapered,known_physics_forward_surrogate,5,1,0.01,5.005616158244255,5.005616158244255,0.0,0.15442736893306,0.15442736893306,0.1278807047726634,0.0,4.551117503019735,0.0558888595551252,0.0004366317152744,0,70272,nan,2560000,24.702393554151055,34051,5000,19458560,nan,nan,1.1413698171467002,1.4428476441041624,1.9595200303631424,1.4428476441041624,2.3050041247098942,nan,nan,nan,nan,nan,nan,nan,nan
pinn_weak_tapered__d5__m2__n0.01,pinn_weak_tapered,known_physics_forward_surrogate,5,2,0.01,5.005616158244255,5.005616158244255,0.0,0.1662020990042037,0.1662020990042037,0.1278807047726634,0.0,4.731142405738436,0.0617881566286087,0.000482719973661,0,70272,nan,2560000,23.289563544094563,34051,5000,19458560,nan,nan,1.1611251024165394,1.4676649897418603,2.008555624377201,1.4676649897418603,2.38077115832819,nan,nan,nan,nan,nan,nan,nan,nan
sindy_strong__d5__m0__n0.01,sindy_strong,state_only_dynamics,5,0,0.01,21.6301077786905,21.6301077786905,0.0,4.607273471837443,4.607273471837443,4.48495900309841,0.0,1.479923544771966,5.203002439811826,0.0406484565610298,12581888,0,0.001,0,0.5651448210701346,30,1,0,nan,0.0110698316972103,0.0026450931100889,0.0077529982284508,0.1212851154570614,0.0077529982284508,0.1772577024060485,1.0,0.000313274816317,0.0215988796671049,0.5123834010828351,0.5141774509566723,0.0282551681157511,"[0.9770318718512837, -0.06995200807397647, -14.476744016949747]",0.0097459231258388
sindy_strong__d5__m1__n0.01,sindy_strong,state_only_dynamics,5,1,0.01,21.6301077786905,21.6301077786905,0.0,4.607273471837443,4.607273471837443,4.48495900309841,0.0,1.479923544771966,5.501849330961704,0.0429831978981383,12581888,0,0.001,0,0.5574637586250901,30,1,0,nan,0.0110698316972103,0.0026450931100889,0.0077529982284508,0.1212851154570614,0.0077529982284508,0.1772577024060485,1.0,0.000313274816317,0.0215988796671049,0.5123834010828351,0.5141774509566723,0.0282551681157511,"[0.9770318718512837, -0.06995200807397647, -14.476744016949747]",0.0097459231258388
sindy_strong__d5__m2__n0.01,sindy_strong,state_only_dynamics,5,2,0.01,21.6301077786905,21.6301077786905,0.0,4.607273471837443,4.607273471837443,4.48495900309841,0.0,1.479923544771966,5.315341748297215,0.0415261074085719,12581888,0,0.001,0,0.5039993058890104,30,1,0,nan,0.0110698316972103,0.0026450931100889,0.0077529982284508,0.1212851154570614,0.0077529982284508,0.1772577024060485,1.0,0.000313274816317,0.0215988796671049,0.5123834010828351,0.5141774509566723,0.0282551681157511,"[0.9770318718512837, -0.06995200807397647, -14.476744016949747]",0.0097459231258388
sindy_weak__d5__m0__n0.01,sindy_weak,state_only_dynamics,5,0,0.01,21.6301077786905,21.6301077786905,0.0,6.682409082375544,6.682409082375544,6.645229480150904,0.0,1.2853493930531386,5.498159874230623,0.0429543740174267,12581888,0,0.001,0,1.095107682980597,30,1,0,nan,0.0060123216581752,0.0005145747791968,0.0016978266146735,0.0188657991472818,0.0016978266146735,0.0269331756017384,1.0,0.0006336869189249,0.0023507162208808,0.0244228359196438,0.0331578522708016,0.0209513972810787,"[1.1235609055945028, -0.0894888504830253, -14.694097802942553]",0.0174595112093768
sindy_weak__d5__m1__n0.01,sindy_weak,state_only_dynamics,5,1,0.01,21.6301077786905,21.6301077786905,0.0,6.682409082375544,6.682409082375544,6.645229480150904,0.0,1.2853493930531386,5.413480874150991,0.0422928193293046,12581888,0,0.001,0,1.2703715423122048,30,1,0,nan,0.0060123216581752,0.0005145747791968,0.0016978266146735,0.0188657991472818,0.0016978266146735,0.0269331756017384,1.0,0.0006336869189249,0.0023507162208808,0.0244228359196438,0.0331578522708016,0.0209513972810787,"[1.1235609055945028, -0.0894888504830253, -14.694097802942553]",0.0174595112093768
sindy_weak__d5__m2__n0.01,sindy_weak,state_only_dynamics,5,2,0.01,21.6301077786905,21.6301077786905,0.0,6.682409082375544,6.682409082375544,6.645229480150904,0.0,1.2853493930531386,5.645494060590863,0.0441054223483661,12581888,0,0.001,0,1.2994612902402878,30,1,0,nan,0.0060123216581752,0.0005145747791968,0.0016978266146735,0.0188657991472818,0.0016978266146735,0.0269331756017384,1.0,0.0006336869189249,0.0023507162208808,0.0244228359196438,0.0331578522708016,0.0209513972810787,"[1.1235609055945028, -0.0894888504830253, -14.694097802942553]",0.0174595112093768
sindy_weak_weighted__d5__m0__n0.01,sindy_weak_weighted,state_only_dynamics,5,0,0.01,21.6301077786905,21.6301077786905,0.0,6.487876269200165,6.487876269200165,6.654363816206094,0.0,1.300350962517647,5.28302950412035,0.0412736680009402,12581888,0,0.001,0,1.0876070279628038,30,1,0,nan,0.0035551441405311,0.000633249272195,0.0015518676463014,0.0173489369559741,0.0015518676463014,0.0278502135725165,1.0,0.0007139188558471,0.0181331959536725,0.4601723290682072,0.4747711739466254,0.0625834681598463,"[0.9165100485000771, -0.03437029854108908, -14.540482766273378]",0.0037762704521812
sindy_weak_weighted__d5__m1__n0.01,sindy_weak_weighted,state_only_dynamics,5,1,0.01,21.6301077786905,21.6301077786905,0.0,6.487876269200165,6.487876269200165,6.654363816206094,0.0,1.300350962517647,5.268163696862757,0.0411575288817402,12581888,0,0.001,0,1.0812336970120668,30,1,0,nan,0.0035551441405311,0.000633249272195,0.0015518676463014,0.0173489369559741,0.0015518676463014,0.0278502135725165,1.0,0.0007139188558471,0.0181331959536725,0.4601723290682072,0.4747711739466254,0.0625834681598463,"[0.9165100485000771, -0.03437029854108908, -14.540482766273378]",0.0037762704521812
sindy_weak_weighted__d5__m2__n0.01,sindy_weak_weighted,state_only_dynamics,5,2,0.01,21.6301077786905,21.6301077786905,0.0,6.487876269200165,6.487876269200165,6.654363816206094,0.0,1.300350962517647,5.243214305490255,0.0409626117616426,12581888,0,0.001,0,1.0920387702062726,30,1,0,nan,0.0035551441405311,0.000633249272195,0.0015518676463014,0.0173489369559741,0.0015518676463014,0.0278502135725165,1.0,0.0007139188558471,0.0181331959536725,0.4601723290682072,0.4747711739466254,0.0625834681598463,"[0.9165100485000771, -0.03437029854108908, -14.540482766273378]",0.0037762704521812
sindy_weighted__d5__m0__n0.01,sindy_weighted,state_only_dynamics,5,0,0.01,21.6301077786905,21.6301077786905,0.0,4.361431380352049,4.361431380352049,4.398182810574103,0.0,1.499615704846906,5.492625137791038,0.0429111338889924,12581888,0,0.001,0,0.5680319583043456,30,1,0,nan,0.0133812034977773,0.0030428874854188,0.0091349531589645,0.1402448860110773,0.0091349531589645,0.2202326621531948,1.0,0.0006503132571433,0.0114640600265347,0.2672797051554232,0.2722199942010996,0.0700763880035534,"[0.8858782641074429, 0.00018848335829947064, -14.452612428654314]",0.009053132509671
sindy_weighted__d5__m1__n0.01,sindy_weighted,state_only_dynamics,5,1,0.01,21.6301077786905,21.6301077786905,0.0,4.361431380352049,4.361431380352049,4.398182810574103,0.0,1.499615704846906,5.424776779487729,0.0423810685897478,12581888,0,0.001,0,0.5015568379312754,30,1,0,nan,0.0133812034977773,0.0030428874854188,0.0091349531589645,0.1402448860110773,0.0091349531589645,0.2202326621531948,1.0,0.0006503132571433,0.0114640600265347,0.2672797051554232,0.2722199942010996,0.0700763880035534,"[0.8858782641074429, 0.00018848335829947064, -14.452612428654314]",0.009053132509671
sindy_weighted__d5__m2__n0.01,sindy_weighted,state_only_dynamics,5,2,0.01,21.6301077786905,21.6301077786905,0.0,4.361431380352049,4.361431380352049,4.398182810574103,0.0,1.499615704846906,5.705137517303228,0.0445713868539314,12581888,0,0.001,0,0.565144270658493,30,1,0,nan,0.0133812034977773,0.0030428874854188,0.0091349531589645,0.1402448860110773,0.0091349531589645,0.2202326621531948,1.0,0.0006503132571433,0.0114640600265347,0.2672797051554232,0.2722199942010996,0.0700763880035534,"[0.8858782641074429, 0.00018848335829947064, -14.452612428654314]",0.009053132509671
solver_oracle__d5__m0__n0.01,solver_oracle,known_physics_forward_surrogate,5,0,0.01,5.005616158244255,21.6301077786905,1.0,21.6301077786905,5.005616158244253,5.005616158244255,1.0,5.549001972251986e-23,10.09083654731512,0.0788346605258993,121699328,0,0.0001,0,0.0,0,0,0,nan,nan,4.679819805400282e-14,8.65747531011186e-14,6.110065798304265e-13,8.65747531011186e-14,9.393254416875897e-13,1.0,0.000701776902374,5.611956093461305e-07,2.714083624271584e-05,4.003487024977309e-05,4.362745533336176e-05,"[0.920259237639086, -0.0379341908831268, -14.548985465079177]",0.0035689446559648
solver_oracle__d5__m1__n0.01,solver_oracle,known_physics_forward_surrogate,5,1,0.01,5.005616158244255,21.6301077786905,1.0,21.6301077786905,5.005616158244253,5.005616158244255,1.0,5.549001972251986e-23,11.09977650269866,0.0867170039273332,121699328,0,0.0001,0,0.0,0,0,0,nan,nan,4.679819805400282e-14,8.65747531011186e-14,6.110065798304265e-13,8.65747531011186e-14,9.393254416875897e-13,1.0,0.000701776902374,5.611956093461305e-07,2.714083624271584e-05,4.003487024977309e-05,4.362745533336176e-05,"[0.920259237639086, -0.0379341908831268, -14.548985465079177]",0.0035689446559648
solver_oracle__d5__m2__n0.01,solver_oracle,known_physics_forward_surrogate,5,2,0.01,5.005616158244255,21.6301077786905,1.0,21.6301077786905,5.005616158244253,5.005616158244255,1.0,5.549001972251986e-23,10.001344038173556,0.0781355002982309,121699328,0,0.0001,0,0.0,0,0,0,nan,nan,4.679819805400282e-14,8.65747531011186e-14,6.110065798304265e-13,8.65747531011186e-14,9.393254416875897e-13,1.0,0.000701776902374,5.611956093461305e-07,2.714083624271584e-05,4.003487024977309e-05,4.362745533336176e-05,"[0.920259237639086, -0.0379341908831268, -14.548985465079177]",0.0035689446559648
lorenz_ad__d1__m0__n0.05,lorenz_ad,known_form_hidden_parameters,1,0,0.05,21.520495746028217,21.520495746028217,0.0,3.528708197320681,3.528708197320681,3.2244206274821567,0.0,1.586507782681685,1.0975396186113358,0.008574528270401,12516864,0,0.001,32000000,705.9024209156632,3,10000,9221632,0.0079856320886122,nan,0.0248841701022679,0.0556326491190307,0.3040411631343442,0.0556326491190307,0.4728906960803362,1.0,0.0001755786090904,0.0114335053086855,0.2521422289330824,0.2465524720176451,0.0280315100906724,"[0.9846251167797045, -0.02453057677475237, -14.362058010550257]",0.0159235422922919
lorenz_ad__d1__m1__n0.05,lorenz_ad,known_form_hidden_parameters,1,1,0.05,21.520495746028217,21.520495746028217,0.0,3.1535581610540007,3.1535581610540007,2.8910173614677124,0.0,1.6028861088710789,1.1928444616496563,0.0093190973566379,12516864,0,0.001,32000000,700.600509332493,3,10000,9221632,0.0018834357609635,nan,0.0205984507034352,0.0545961929264746,0.4283233941393839,0.0545961929264746,0.6346168623467564,1.0,0.0013970005986683,0.0206755329598279,0.222226071910959,0.252700547490854,0.1210261102809156,"[0.975252707349824, 0.009445289188521387, -14.683969004842142]",0.0081797029700031
lorenz_ad__d1__m2__n0.05,lorenz_ad,known_form_hidden_parameters,1,2,0.05,21.520495746028217,21.520495746028217,0.0,4.883658499507378,4.883658499507378,4.822929437140449,0.0,1.4226192368836814,1.3653267193585634,0.0106666149949887,12516864,0,0.001,32000000,722.1049275696278,3,10000,9221632,0.0050979960495315,nan,0.0170822231951406,0.0363357035579904,0.1008518533508796,0.0363357035579904,0.1443953255101432,1.0,0.0004833783526718,0.0118549980856215,0.2632259782301084,0.26544560265992,0.0644652158663826,"[0.8428718611244147, 0.007795683413493906, -14.352966050033194]",0.0164061088374666
lorenz_ad_tapered__d1__m0__n0.05,lorenz_ad_tapered,known_form_hidden_parameters,1,0,0.05,21.520495746028217,21.520495746028217,0.0,3.589651345688904,3.589651345688904,3.2563908036753224,0.0,1.543506124531745,1.1731190904974935,0.0091649928945116,12516864,0,0.001,32000000,745.5505845528096,3,10000,9221632,0.006579720019159,nan,0.0215943554217166,0.0487240848097956,0.2743941158836221,0.0487240848097956,0.4108648797991094,1.0,0.0010411748130225,0.0092758570982085,0.0762725098780584,0.0799901111968288,0.0476354642288181,"[0.9255009915252509, 0.0031381138136035514, -14.375221110671765]",0.0141750519973984
lorenz_ad_tapered__d1__m1__n0.05,lorenz_ad_tapered,known_form_hidden_parameters,1,1,0.05,21.520495746028217,21.520495746028217,0.0,2.8683242453306,2.8683242453306,2.630688783894791,0.0,1.6815854460304915,1.0917855333536863,0.0085295744793256,12516864,0,0.001,32000000,719.1470564771444,3,10000,9221632,0.001786938809541,nan,0.0240354293340729,0.0691289390868136,0.4929029962407599,0.0691289390868136,0.7320653849785795,1.0,0.0003384343191432,0.028755313897406,0.529332867632551,0.5415871945495896,0.1204935011992447,"[0.8619427706767463, 0.013096828559446962, -14.568133370123]",0.0037292761612423
lorenz_ad_tapered__d1__m2__n0.05,lorenz_ad_tapered,known_form_hidden_parameters,1,2,0.05,21.520495746028217,21.520495746028217,0.0,4.619190925909448,4.619190925909448,4.626541211953859,0.0,1.4802674970228442,1.1511847451329231,0.0089936308213509,12516864,0,0.001,32000000,691.8262132201344,3,10000,9221632,0.0039966621957489,nan,0.010134753865847,0.0231211343829269,0.1273543041484457,0.0231211343829269,0.1865731109663728,1.0,0.0006608280056175,0.0104486783426732,0.245743588871674,0.2521468365114371,0.0562369998600255,"[0.9001622629203082, -0.0024354947843880288, -14.44425043063878]",0.0094743318455343
node_soft_dtw__d1__m0__n0.05,node_soft_dtw,state_only_dynamics,1,0,0.05,21.520495746028217,21.520495746028217,0.0,1.2240010313954928,1.2240010313954928,1.118956166760805,0.0,1.8539803692770356,16.570150101557374,0.1294542976684169,12516864,0,0.001,25600000,1325.0904191471636,33923,5000,30950400,nan,nan,0.1551784364163149,0.5429596399178709,0.9462051804813144,0.5429596399178709,1.1876793419114424,1.0,0.0159072935051065,0.1325333630121428,2.6290271204575344,2.597507277883853,0.5180186970772998,"[0.9134446570401559, -0.02850002922044569, -15.42617734868246]",0.0578179905771693
node_soft_dtw__d1__m1__n0.05,node_soft_dtw,state_only_dynamics,1,1,0.05,21.520495746028217,21.520495746028217,0.0,1.3789992963320024,1.3789992963320024,1.3153443919473953,0.0,1.839787802917182,30.832476690411568,0.2408787241438403,12516864,0,0.001,25600000,1246.622282164171,33923,5000,30950400,nan,nan,0.1246181047533128,0.4654966086576156,0.9168152887345334,0.4654966086576156,1.208545986746681,1.0,0.0212752060085341,0.2042472190570633,3.296293093147569,3.456411643244281,0.378605897018653,"[0.8764567245704187, -0.03517906542382991, -14.017194192124597]",0.0388210528456376
node_soft_dtw__d1__m2__n0.05,node_soft_dtw,state_only_dynamics,1,2,0.05,21.520495746028217,21.520495746028217,0.0,1.3588038502099802,1.3588038502099802,1.1600606790091612,0.0,1.871628679380765,19.16166247241199,0.1497004880657186,12516864,0,0.001,25600000,1304.0375580247492,33923,5000,30950400,nan,nan,0.126101682163299,0.4166757028646182,0.9180505247818436,0.4166757028646182,1.24030460798201,1.0,0.003809850240219,0.0955959544545448,1.447976649769579,1.4117497898925475,0.9608438862863932,"[0.7268293255794881, 0.05156617371112895, -15.532413494617153]",0.0663809286042541
node_strong__d1__m0__n0.05,node_strong,state_only_dynamics,1,0,0.05,21.520495746028217,21.520495746028217,0.0,2.5960782136856717,2.5960782136856717,2.3612258702666784,0.0,1.6628992146384358,17.202999360859394,0.134398432506714,12516864,0,0.001,6560000,13.51672731153667,33923,5000,25560064,nan,nan,0.0454419710212564,0.1058057719705101,0.5788348591251871,0.1058057719705101,0.8618957745481524,1.0,0.0003180768971,0.0261117905482885,0.1337799346652639,0.1750358772205033,0.3312470383336758,"[0.7810330992201074, 0.010389687844215324, -1.5829934540380832]",0.8897442185280043
node_strong__d1__m1__n0.05,node_strong,state_only_dynamics,1,1,0.05,21.520495746028217,21.520495746028217,0.0,1.460137890822247,1.460137890822247,1.3336130640577757,0.0,1.789343893748301,16.829603288322687,0.131481275690021,12516864,0,0.001,6560000,14.495309760794044,33923,5000,25560064,nan,nan,0.1193414624659506,0.3953843846293213,0.860034549239467,0.3953843846293213,1.1708794884578708,1.0,0.0199593362070567,0.1160678948592919,2.810965489282449,2.255806305840225,0.752258575996253,"[0.7148421064175898, 0.023473595422046203, -1.273448441834166]",0.9109868867601344
node_strong__d1__m2__n0.05,node_strong,state_only_dynamics,1,2,0.05,21.520495746028217,21.520495746028217,0.0,2.826149303075776,2.826149303075776,2.580449935591244,0.0,1.6550026731381269,17.2028539609164,0.1343972965696593,12516864,0,0.001,6560000,13.7941143643111,33923,5000,25560064,nan,nan,0.0506556865457388,0.1011668228369204,0.5180473251717606,0.1011668228369204,0.7303026389139311,1.0,0.0059198549285104,0.0306755249660434,1.4398981883605058,0.8088475230828885,0.0929699501077317,"[0.7504814227395893, 0.0017167939345803908, -0.8914354461960686]",0.9370970280986042
node_weak__d1__m0__n0.05,node_weak,state_only_dynamics,1,0,0.05,21.520495746028217,21.520495746028217,0.0,2.100754568692894,2.100754568692894,1.9456135797555223,0.0,1.7071533227263145,18.968740100041032,0.1481932820315705,12516864,0,0.001,6560000,17.89862445369363,33923,5000,24168448,nan,nan,0.0391949679303053,0.1542192570393922,0.6633932738024351,0.1542192570393922,0.9944469084277728,1.0,0.0095677805147984,0.0803198283650688,1.6900998070555635,1.6873270797519415,0.632202881506217,"[0.5271954611193688, -0.0028012424270633766, -7.036458103716622]",0.5171189177011376
node_weak__d1__m1__n0.05,node_weak,state_only_dynamics,1,1,0.05,21.520495746028217,21.520495746028217,0.0,2.4781881889733723,2.4781881889733723,2.374927374349464,0.0,1.6913654350985003,16.69100091420114,0.1303984446421964,12516864,0,0.001,6560000,17.051190907135606,33923,5000,24168448,nan,nan,0.0423593842511175,0.0978986168766957,0.5858602397134373,0.0978986168766957,0.8367173784600758,1.0,0.0006963650104434,0.020565915501905,0.1779669014265053,0.2693178951505285,0.2963727476256735,"[0.8505391144584703, 0.01183243361729896, -6.316599804836922]",0.5657292145417916
node_weak__d1__m2__n0.05,node_weak,state_only_dynamics,1,2,0.05,21.520495746028217,21.520495746028217,0.0,1.5668954434672828,1.5668954434672828,1.5254341212167708,0.0,1.7706385883863744,17.310964573174715,0.1352419107279274,12516864,0,0.001,6560000,19.033308448269963,33923,5000,24168448,nan,nan,0.0704026274326832,0.3260780241422767,0.8135727878340695,0.3260780241422767,1.156215815284194,1.0,0.0331958631135693,0.1711264000208546,3.2298500045839087,3.205874295131892,1.2326298790834704,"[-0.023206511570677768, -0.13306408915061416, -6.9505125867803645]",0.5263254918222929
pinn_strong__d1__m0__n0.05,pinn_strong,known_physics_forward_surrogate,1,0,0.05,5.005616158244255,5.005616158244255,0.0,0.2475547794957419,0.2475547794957419,0.2009553932141854,0.0,3.592681445730788,0.0701319463551044,0.0005479058308992,0,70272,nan,2560000,36.29212958365679,34051,5000,24099840,nan,nan,1.1652774208758276,1.49719626348283,1.7560013931650928,1.49719626348283,1.924900690973784,nan,nan,nan,nan,nan,nan,nan,nan
pinn_strong__d1__m1__n0.05,pinn_strong,known_physics_forward_surrogate,1,1,0.05,5.005616158244255,5.005616158244255,0.0,0.2486252095022095,0.2486252095022095,0.2009553932141854,0.0,4.045323850571825,0.0718884076923132,0.0005616281850961,0,70272,nan,2560000,37.29480081796646,34051,5000,24099840,nan,nan,1.170318616344205,1.4823078875424072,1.8782138621190865,1.4823078875424072,2.12174221332074,nan,nan,nan,nan,nan,nan,nan,nan
pinn_strong__d1__m2__n0.05,pinn_strong,known_physics_forward_surrogate,1,2,0.05,5.005616158244255,5.005616158244255,0.0,0.2513369655185941,0.2513369655185941,0.2009553932141854,0.0,3.675550083061312,0.0595745760947465,0.0004654263757402,0,70272,nan,2560000,35.91239052452147,34051,5000,24099840,nan,nan,1.168705679629439,1.492580053131639,1.79249246274995,1.492580053131639,1.9875064012375636,nan,nan,nan,nan,nan,nan,nan,nan
pinn_weak__d1__m0__n0.05,pinn_weak,known_physics_forward_surrogate,1,0,0.05,5.005616158244255,5.005616158244255,0.0,0.1911787991551146,0.1911787991551146,0.1552837129382341,0.0,6.2686718696324535,0.0610115472227335,0.0004766527126776,0,70272,nan,2560000,19.88449681922793,34051,5000,19458560,nan,nan,1.149769885933842,1.5086749340122552,2.292508193772395,1.5086749340122552,2.824021243565248,nan,nan,nan,nan,nan,nan,nan,nan
pinn_weak__d1__m1__n0.05,pinn_weak,known_physics_forward_surrogate,1,1,0.05,5.005616158244255,5.005616158244255,0.0,0.1950323471783979,0.1950323471783979,0.1552837129382341,0.0,5.744723067185907,0.0624769534915685,0.0004881011991528,0,70272,nan,2560000,19.99333994835615,34051,5000,19458560,nan,nan,1.1480593011402944,1.509744692801235,2.213055566061345,1.509744692801235,2.674128874165425,nan,nan,nan,nan,nan,nan,nan,nan
pinn_weak__d1__m2__n0.05,pinn_weak,known_physics_forward_surrogate,1,2,0.05,5.005616158244255,5.005616158244255,0.0,0.1902510931495093,0.1902510931495093,0.1552837129382341,0.0,5.38801571777004,0.0686110630631446,0.0005360239301808,0,70272,nan,2560000,21.221429964527488,34051,5000,19458560,nan,nan,1.1492106212553723,1.5081198661433644,2.132453229902856,1.5081198661433644,2.5806207366196725,nan,nan,nan,nan,nan,nan,nan,nan
pinn_weak_tapered__d1__m0__n0.05,pinn_weak_tapered,known_physics_forward_surrogate,1,0,0.05,5.005616158244255,5.005616158244255,0.0,0.1794754310844021,0.1794754310844021,0.1552837129382341,0.0,3.311425364187731,0.0657635834068059,0.0005137779953656,0,70272,nan,2560000,28.80043127015233,34051,5000,19458560,nan,nan,1.124517783475507,1.4528720475915953,1.671128850902332,1.4528720475915953,1.8484972250964116,nan,nan,nan,nan,nan,nan,nan,nan
pinn_weak_tapered__d1__m1__n0.05,pinn_weak_tapered,known_physics_forward_surrogate,1,1,0.05,5.005616158244255,5.005616158244255,0.0,0.168771131019726,0.168771131019726,0.1370150408278536,0.0,3.399784884033504,0.0710917338728904,0.0005554041708819,0,70272,nan,2560000,28.563854545354843,34051,5000,19458560,nan,nan,1.126851206132362,1.4500876138978065,1.6972072290481233,1.4500876138978065,1.8701255907729168,nan,nan,nan,nan,nan,nan,nan,nan
pinn_weak_tapered__d1__m2__n0.05,pinn_weak_tapered,known_physics_forward_surrogate,1,2,0.05,5.005616158244255,5.005616158244255,0.0,0.1653457549990296,0.1653457549990296,0.1370150408278536,0.0,3.5292299227338466,0.0595295690000057,0.0004650747578125,0,70272,nan,2560000,28.696868371218443,34051,5000,19458560,nan,nan,1.1315669237559982,1.455591362254599,1.7280948766332038,1.455591362254599,1.9320719945447,nan,nan,nan,nan,nan,nan,nan,nan
sindy_strong__d1__m0__n0.05,sindy_strong,state_only_dynamics,1,0,0.05,21.520495746028217,21.520495746028217,0.0,2.8087369749705697,2.8087369749705697,2.7768381607778347,0.0,1.6414588703172552,12.416565030813215,0.0970044143032282,12516864,0,0.001,0,0.9670475712046028,60,1,0,nan,0.6029147473448344,0.0266754364594851,0.0640425195031137,0.4957002052546753,0.0640425195031137,0.7858543455255529,1.0,0.0006459382442407,0.0424139015574467,0.5153406541657979,0.543814374774664,0.5130779072130808,"[0.9881470727267279, -0.013964643686720568, -5.965358546077403]",0.5897758364512067
sindy_strong__d1__m1__n0.05,sindy_strong,state_only_dynamics,1,1,0.05,21.520495746028217,21.520495746028217,0.0,2.8087369749705697,2.8087369749705697,2.7768381607778347,0.0,1.6414588703172552,12.3977244310081,0.0968572221172507,12516864,0,0.001,0,1.0869852835312486,60,1,0,nan,0.6029147473448344,0.0266754364594851,0.0640425195031137,0.4957002052546753,0.0640425195031137,0.7858543455255529,1.0,0.0006459382442407,0.0424139015574467,0.5153406541657979,0.543814374774664,0.5130779072130808,"[0.9881470727267279, -0.013964643686720568, -5.965358546077403]",0.5897758364512067
sindy_strong__d1__m2__n0.05,sindy_strong,state_only_dynamics,1,2,0.05,21.520495746028217,21.520495746028217,0.0,2.8087369749705697,2.8087369749705697,2.7768381607778347,0.0,1.6414588703172552,12.12744203954935,0.0947456409339793,12516864,0,0.001,0,1.09317069593817,60,1,0,nan,0.6029147473448344,0.0266754364594851,0.0640425195031137,0.4957002052546753,0.0640425195031137,0.7858543455255529,1.0,0.0006459382442407,0.0424139015574467,0.5153406541657979,0.543814374774664,0.5130779072130808,"[0.9881470727267279, -0.013964643686720568, -5.965358546077403]",0.5897758364512067
sindy_weak__d1__m0__n0.05,sindy_weak,state_only_dynamics,1,0,0.05,21.520495746028217,21.520495746028217,0.0,4.791030622947715,4.791030622947715,4.836630941223235,0.0,1.4342607355411154,5.684057148173451,0.044406696470105,12516864,0,0.001,0,1.2301600268110633,30,1,0,nan,0.0259991787927208,0.0041911999284436,0.0130371766602296,0.0983292607304763,0.0130371766602296,0.156762002390804,1.0,0.0017316768109354,0.0165668216565336,0.4189920710696671,0.4277239366754519,0.0728603413572904,"[1.0350317954231074, -0.04173601232019049, -14.431163271245495]",0.0135909443214637
sindy_weak__d1__m1__n0.05,sindy_weak,state_only_dynamics,1,1,0.05,21.520495746028217,21.520495746028217,0.0,4.791030622947715,4.791030622947715,4.836630941223235,0.0,1.4342607355411154,5.330214539542794,0.041642301090178,12516864,0,0.001,0,1.1064716801047323,30,1,0,nan,0.0259991787927208,0.0041911999284436,0.0130371766602296,0.0983292607304763,0.0130371766602296,0.156762002390804,1.0,0.0017316768109354,0.0165668216565336,0.4189920710696671,0.4277239366754519,0.0728603413572904,"[1.0350317954231074, -0.04173601232019049, -14.431163271245495]",0.0135909443214637
sindy_weak__d1__m2__n0.05,sindy_weak,state_only_dynamics,1,2,0.05,21.520495746028217,21.520495746028217,0.0,4.791030622947715,4.791030622947715,4.836630941223235,0.0,1.4342607355411154,6.643735311925411,0.0519041821244172,12516864,0,0.001,0,1.2230818755924702,30,1,0,nan,0.0259991787927208,0.0041911999284436,0.0130371766602296,0.0983292607304763,0.0130371766602296,0.156762002390804,1.0,0.0017316768109354,0.0165668216565336,0.4189920710696671,0.4277239366754519,0.0728603413572904,"[1.0350317954231074, -0.04173601232019049, -14.431163271245495]",0.0135909443214637
sindy_weak_weighted__d1__m0__n0.05,sindy_weak_weighted,state_only_dynamics,1,0,0.05,21.520495746028217,21.520495746028217,0.0,4.492951547146702,4.492951547146702,4.443854490850055,0.0,1.4785732709670247,5.169931308366358,0.0403900883466121,12516864,0,0.001,0,1.1018311642110348,30,1,0,nan,0.0384215194498083,0.0039859454430597,0.0123470975829716,0.1319611176988353,0.0123470975829716,0.2064821321374808,1.0,0.0001125590827482,0.0145094802023506,0.3486102551430631,0.3557798495127771,0.0513355470499233,"[0.8363840256864146, 0.0414245346450496, -14.248236402853067]",0.0235986577454859
sindy_weak_weighted__d1__m1__n0.05,sindy_weak_weighted,state_only_dynamics,1,1,0.05,21.520495746028217,21.520495746028217,0.0,4.492951547146702,4.492951547146702,4.443854490850055,0.0,1.4785732709670247,5.159624158404768,0.0403095637375372,12516864,0,0.001,0,1.0791510622948408,30,1,0,nan,0.0384215194498083,0.0039859454430597,0.0123470975829716,0.1319611176988353,0.0123470975829716,0.2064821321374808,1.0,0.0001125590827482,0.0145094802023506,0.3486102551430631,0.3557798495127771,0.0513355470499233,"[0.8363840256864146, 0.0414245346450496, -14.248236402853067]",0.0235986577454859
sindy_weak_weighted__d1__m2__n0.05,sindy_weak_weighted,state_only_dynamics,1,2,0.05,21.520495746028217,21.520495746028217,0.0,4.492951547146702,4.492951547146702,4.443854490850055,0.0,1.4785732709670247,5.094720758497715,0.0398025059257634,12516864,0,0.001,0,1.0814760737121103,30,1,0,nan,0.0384215194498083,0.0039859454430597,0.0123470975829716,0.1319611176988353,0.0123470975829716,0.2064821321374808,1.0,0.0001125590827482,0.0145094802023506,0.3486102551430631,0.3557798495127771,0.0513355470499233,"[0.8363840256864146, 0.0414245346450496, -14.248236402853067]",0.0235986577454859
sindy_weighted__d1__m0__n0.05,sindy_weighted,state_only_dynamics,1,0,0.05,21.520495746028217,21.520495746028217,0.0,2.7409430745609544,2.7409430745609544,2.644390287977576,0.0,1.6347755898772116,12.815735446289182,0.1001229331741342,12516864,0,0.001,0,1.0960477134212852,60,1,0,nan,0.6010846257678406,0.0278272704092773,0.0667439865454956,0.5068988282769588,0.0667439865454956,0.7947710105668853,1.0,0.0016264466490749,0.0314022975946626,0.3324754565437984,0.314443538257815,0.3760536903981217,"[0.8276928744113687, 0.015050296348144906, -5.847204684590361]",0.5978690386260065
sindy_weighted__d1__m1__n0.05,sindy_weighted,state_only_dynamics,1,1,0.05,21.520495746028217,21.520495746028217,0.0,2.7409430745609544,2.7409430745609544,2.644390287977576,0.0,1.6347755898772116,12.5550190564245,0.0980860863783164,12516864,0,0.001,0,1.098643334582448,60,1,0,nan,0.6010846257678406,0.0278272704092773,0.0667439865454956,0.5068988282769588,0.0667439865454956,0.7947710105668853,1.0,0.0016264466490749,0.0314022975946626,0.3324754565437984,0.314443538257815,0.3760536903981217,"[0.8276928744113687, 0.015050296348144906, -5.847204684590361]",0.5978690386260065
sindy_weighted__d1__m2__n0.05,sindy_weighted,state_only_dynamics,1,2,0.05,21.520495746028217,21.520495746028217,0.0,2.7409430745609544,2.7409430745609544,2.644390287977576,0.0,1.6347755898772116,13.158958664163949,0.1028043645637808,12516864,0,0.001,0,1.0826781569048762,60,1,0,nan,0.6010846257678406,0.0278272704092773,0.0667439865454956,0.5068988282769588,0.0667439865454956,0.7947710105668853,1.0,0.0016264466490749,0.0314022975946626,0.3324754565437984,0.314443538257815,0.3760536903981217,"[0.8276928744113687, 0.015050296348144906, -5.847204684590361]",0.5978690386260065
solver_oracle__d1__m0__n0.05,solver_oracle,known_physics_forward_surrogate,1,0,0.05,5.005616158244255,21.520495746028217,1.0,21.520495746028224,5.005616158244253,5.005616158244255,1.0,2.659712184408333e-23,10.550894593819976,0.0824288640142185,121081344,0,0.0001,0,0.0,0,0,0,nan,nan,4.4175916666004867e-14,8.555770826925919e-14,5.56602611563729e-13,8.555770826925919e-14,8.346032829265296e-13,1.0,0.0004514802774859,8.907274982488707e-07,2.1237257443581207e-05,3.137054389163543e-05,3.3268630682790817e-05,"[0.8981795225567906, 0.05299020975097788, -14.617830164234329]",0.0043995074621595
solver_oracle__d1__m1__n0.05,solver_oracle,known_physics_forward_surrogate,1,1,0.05,5.005616158244255,21.520495746028217,1.0,21.520495746028224,5.005616158244253,5.005616158244255,1.0,2.659712184408333e-23,10.383537327870728,0.08112138537399,121081344,0,0.0001,0,0.0,0,0,0,nan,nan,4.4175916666004867e-14,8.555770826925919e-14,5.56602611563729e-13,8.555770826925919e-14,8.346032829265296e-13,1.0,0.0004514802774859,8.907274982488707e-07,2.1237257443581207e-05,3.137054389163543e-05,3.3268630682790817e-05,"[0.8981795225567906, 0.05299020975097788, -14.617830164234329]",0.0043995074621595
solver_oracle__d1__m2__n0.05,solver_oracle,known_physics_forward_surrogate,1,2,0.05,5.005616158244255,21.520495746028217,1.0,21.520495746028224,5.005616158244253,5.005616158244255,1.0,2.659712184408333e-23,10.311842065304518,0.0805612661351915,121081344,0,0.0001,0,0.0,0,0,0,nan,nan,4.4175916666004867e-14,8.555770826925919e-14,5.56602611563729e-13,8.555770826925919e-14,8.346032829265296e-13,1.0,0.0004514802774859,8.907274982488707e-07,2.1237257443581207e-05,3.137054389163543e-05,3.3268630682790817e-05,"[0.8981795225567906, 0.05299020975097788, -14.617830164234329]",0.0043995074621595
lorenz_ad__d2__m0__n0.05,lorenz_ad,known_form_hidden_parameters,2,0,0.05,20.92676390244085,20.92676390244085,0.0,2.759354470672197,2.759354470672197,2.658091792060361,0.0,1.6454850482682792,0.9714726023375988,0.0075896297057624,12165632,0,0.001,32000000,698.7141473516822,3,10000,9221632,0.0048822512264738,nan,0.0331194038848494,0.0881436051514295,0.5325638463076302,0.0881436051514295,0.7800227524504115,1.0,0.0004899536225317,0.0167962234602322,0.0899546925509454,0.078288407318073,0.0864518867363279,"[0.8879182029265053, -0.01849201933830707, -14.348251874944873]",0.0161518613421229
lorenz_ad__d2__m1__n0.05,lorenz_ad,known_form_hidden_parameters,2,1,0.05,20.92676390244085,20.92676390244085,0.0,4.161903227146486,4.161903227146486,3.9825705200629473,0.0,1.5336791515430783,0.9830734208226204,0.0076802611001767,12165632,0,0.001,32000000,663.7522901594639,3,10000,9221632,0.0024794467193841,nan,0.0084939692674876,0.0198943380738364,0.2270319899804331,0.0198943380738364,0.3613031482662373,1.0,0.0002327733312528,0.0191918664343123,0.4394850363392693,0.4478400770189936,0.0904691762759053,"[1.012510157235795, -0.021730610178843115, -14.706296895979325]",0.0110001106908291
lorenz_ad__d2__m2__n0.05,lorenz_ad,known_form_hidden_parameters,2,2,0.05,20.92676390244085,20.92676390244085,0.0,4.088186280701084,4.088186280701084,3.946033175842186,0.0,1.52386068291878,1.203677175566554,0.0094037279341137,12165632,0,0.001,32000000,699.312986895442,3,10000,9221632,0.0029350186434623,nan,0.0091526489899686,0.0250580037670354,0.2395887198717604,0.0250580037670354,0.3806089394232357,1.0,0.0008341996366232,0.0063843869935669,0.0672298625037993,0.0718874614313984,0.0619658247136528,"[0.9456472692480486, 0.034219665756531514, -14.714929800346802]",0.0096217106228511
lorenz_ad_tapered__d2__m0__n0.05,lorenz_ad_tapered,known_form_hidden_parameters,2,0,0.05,20.92676390244085,20.92676390244085,0.0,3.059360320484852,3.059360320484852,2.936689041743664,0.0,1.6151701831160217,1.3462561219930649,0.0105176259530708,12165632,0,0.001,32000000,721.4441557135433,3,10000,9221632,0.0055136039996468,nan,0.0220210663911983,0.0656313601427684,0.4352447107055232,0.0656313601427684,0.6395396414669652,1.0,0.0003321889191958,0.0097803211547739,0.173390976123026,0.1591551191469251,0.0968316048892165,"[0.8985910486353206, 0.0633998166105017, -14.44389342663016]",0.0103961198443883
lorenz_ad_tapered__d2__m1__n0.05,lorenz_ad_tapered,known_form_hidden_parameters,2,1,0.05,20.92676390244085,20.92676390244085,0.0,4.330602996165782,4.330602996165782,4.1013168887804206,0.0,1.5172405422587854,0.9548620115965604,0.0074598594655981,12165632,0,0.001,32000000,679.4466559737921,3,10000,9221632,0.0012016304472818,nan,0.0056427877839887,0.0144656347663992,0.1893396733629407,0.0144656347663992,0.2928449523397468,1.0,0.0004048605075255,0.0076266226241127,0.133086168291224,0.1369477940746429,0.0996820296429621,"[0.9646164605707425, -0.05821532922088298, -14.57773629975194]",0.0054100451112925
lorenz_ad_tapered__d2__m2__n0.05,lorenz_ad_tapered,known_form_hidden_parameters,2,2,0.05,20.92676390244085,20.92676390244085,0.0,4.060854634535945,4.060854634535945,3.927764503731805,0.0,1.509138508198414,0.9841344449669124,0.007688550351304,12165632,0,0.001,32000000,687.0554997473955,3,10000,9221632,0.0023970973633565,nan,0.0114807582880944,0.0267180257048394,0.2086252806666029,0.0267180257048394,0.3320608469588554,1.0,0.0009625936497295,0.0131876017083523,0.2946587859107712,0.3037360745110962,0.0828195841212388,"[0.9943465151623391, -0.018460449817063945, -14.689234038454554]",0.0093007053375814
node_soft_dtw__d2__m0__n0.05,node_soft_dtw,state_only_dynamics,2,0,0.05,20.92676390244085,20.92676390244085,0.0,1.6605937500334145,1.6605937500334145,1.5025982810787957,0.0,1.8732720547279025,28.19426831230521,0.2202677211898844,12165632,0,0.001,25600000,1196.7840537000448,33923,5000,30950400,nan,nan,0.1134338593206165,0.3442354830664629,0.8390086068063629,0.3442354830664629,1.1271905072972968,1.0,0.003113288644539,0.110564232464305,0.967921596859174,0.9211597633957506,1.1110375554072784,"[0.8270304908465285, -0.01656817509864328, -15.114927290957258]",0.0369753156009661
node_soft_dtw__d2__m1__n0.05,node_soft_dtw,state_only_dynamics,2,1,0.05,20.92676390244085,20.92676390244085,0.0,1.5297872032430726,1.5297872032430726,1.342747400112966,0.0,1.8730480288293991,16.5627289544791,0.1293963199568679,12165632,0,0.001,25600000,1158.5778880491853,33923,5000,30950400,nan,nan,0.1160908569180218,0.4292216269013146,0.8618663870798036,0.4292216269013146,1.1660285466295872,1.0,0.0085224353877684,0.1182132866791976,1.6787364611044546,1.6663750260108798,0.9830374940452536,"[0.9440304944495163, -0.08703734873863601, -13.727828246029738]",0.0588138002364977
node_soft_dtw__d2__m2__n0.05,node_soft_dtw,state_only_dynamics,2,2,0.05,20.92676390244085,20.92676390244085,0.0,0.8711159392633385,0.8711159392633385,0.8038215728567416,0.0,1.8074384391606095,16.664449093863368,0.1301910085458075,12165632,0,0.001,25600000,1179.903756007552,33923,5000,30950400,nan,nan,0.3257385243597951,0.8244790480919437,1.102634361550562,0.8244790480919437,1.3196575442356662,1.0,0.2101483810034243,0.7825140571357319,8.26734732700877,8.119502351462918,3.8592075383337945,"[0.3660205075184683, -0.39168423072860653, -15.097295748643964]",0.0580806772371704
node_strong__d2__m0__n0.05,node_strong,state_only_dynamics,2,0,0.05,20.92676390244085,20.92676390244085,0.0,1.934052935685672,1.934052935685672,1.8268672110380493,0.0,1.7414812534348936,16.523975951597095,0.1290935621218523,12165632,0,0.001,6560000,12.657082403078675,33923,5000,25560064,nan,nan,0.0638053647144715,0.2044084252256886,0.7699768106278484,0.2044084252256886,1.1217269567957835,1.0,0.0199161169206929,0.1299436023326607,2.495452776314916,2.6861868938912328,1.6854084328217824,"[1.0774822527247119, -0.016677016270095785, -1.800542688902576]",0.874880981479458
node_strong__d2__m1__n0.05,node_strong,state_only_dynamics,2,1,0.05,20.92676390244085,20.92676390244085,0.0,2.140931374935645,2.140931374935645,2.014121100169449,0.0,120.93890520881168,16.198086004704237,0.1265475469117518,12165632,0,0.001,6560000,15.166403107345104,33923,5000,25560064,nan,nan,0.0555169361695973,0.1669998082348636,0.689273788959163,0.1669998082348636,0.9892015283283296,0.984375,0.0129905243234882,107.18375942312096,16.637730707602888,21.36769351408887,30.53269439190237,"[0.9635255947803514, -0.029600254476865075, -1.9360504287357803]",0.8655428292426501
node_strong__d2__m2__n0.05,node_strong,state_only_dynamics,2,2,0.05,20.92676390244085,20.92676390244085,0.0,2.176255565149076,2.176255565149076,1.9547479158107124,0.0,1.6745796075901316,16.56429656036198,0.1294085668778279,12165632,0,0.001,6560000,12.231316139921546,33923,5000,25560064,nan,nan,0.0510309055676236,0.1502907583080477,0.6751296610849873,0.1502907583080477,1.0130804140738858,1.0,0.0108090525044324,0.1142505047552368,2.3068880748920324,2.3467787437128464,0.6480798069689307,"[1.033719385575154, -0.045198681321031026, -2.166491458087365]",0.8498071127752896
node_weak__d2__m0__n0.05,node_weak,state_only_dynamics,2,0,0.05,20.92676390244085,20.92676390244085,0.0,1.8916639074295547,1.8916639074295547,1.6441804899342445,0.0,1.7045176663133366,17.44291089475155,0.1362727413652464,12165632,0,0.001,6560000,16.345273671671748,33923,5000,24168448,nan,nan,0.0829596705074153,0.257218594049274,0.7781811984572244,0.257218594049274,1.0752089505386426,1.0,0.0472837661957428,0.2688671605259764,4.188343822178393,4.248580460016016,1.9710280932972328,"[0.939159930586409, -0.03916026532862411, -5.367289618478662]",0.6306954214438035
node_weak__d2__m1__n0.05,node_weak,state_only_dynamics,2,1,0.05,20.92676390244085,20.92676390244085,0.0,1.135012616857819,1.135012616857819,1.0961203266228294,0.0,1.810216365424853,17.052887020632625,0.1332256798486923,12165632,0,0.001,6560000,16.451724864542484,33923,5000,24168448,nan,nan,0.208971671683462,0.668541271337274,0.968966689056688,0.668541271337274,1.227400795928496,1.0,0.0688627365734635,0.3037653130720249,4.7068001645663164,4.473120582791642,1.453951545630889,"[0.9711132680023357, 0.06261792697813393, -5.439930269533334]",0.6257411847860179
node_weak__d2__m2__n0.05,node_weak,state_only_dynamics,2,2,0.05,20.92676390244085,20.92676390244085,0.0,1.831291655064782,1.831291655064782,1.6259118178238636,0.0,1.738357543576453,16.538231417536736,0.1292049329495057,12165632,0,0.001,6560000,19.06287289224565,33923,5000,24168448,nan,nan,0.0698475420949708,0.2532527360003045,0.7729643428984765,0.2532527360003045,1.1104573442475942,1.0,0.0068014113487768,0.08226057163787,1.861355587487608,1.894575209784301,0.5833108226879328,"[0.9641788247563, 0.011400355530057896, -5.92223210001856]",0.5927149389710971
pinn_strong__d2__m0__n0.05,pinn_strong,known_physics_forward_surrogate,2,0,0.05,5.005616158244255,5.005616158244255,0.0,0.2798817656910636,0.2798817656910636,0.2283584013797561,0.0,4.464270556299046,0.06079813092947,0.0004749853978864,0,70272,nan,2560000,32.63211306370795,34051,5000,24099840,nan,nan,1.118830114715423,1.4698055862978638,1.9428526055127413,1.4698055862978638,2.279131129970942,nan,nan,nan,nan,nan,nan,nan,nan
pinn_strong__d2__m1__n0.05,pinn_strong,known_physics_forward_surrogate,2,1,0.05,5.005616158244255,5.005616158244255,0.0,0.2744582536582943,0.2744582536582943,0.2100897292693756,0.0,3.929868295762725,0.0547207333147525,0.0004275057290215,0,70272,nan,2560000,40.57450740970671,34051,5000,24099840,nan,nan,1.1121962620860186,1.4435877372612498,1.8125117677827045,1.4435877372612498,2.0822319999996672,nan,nan,nan,nan,nan,nan,nan,nan
pinn_strong__d2__m2__n0.05,pinn_strong,known_physics_forward_surrogate,2,2,0.05,5.005616158244255,5.005616158244255,0.0,0.2768131996725231,0.2768131996725231,0.2192240653245658,0.0,3.328380703063157,0.0542400870472192,0.0004237506800564,0,70272,nan,2560000,36.43938029743731,34051,5000,24099840,nan,nan,1.1163506869765252,1.4507073512458986,1.663284260883331,1.4507073512458986,1.8371721160167251,nan,nan,nan,nan,nan,nan,nan,nan
pinn_weak__d2__m0__n0.05,pinn_weak,known_physics_forward_surrogate,2,0,0.05,5.005616158244255,5.005616158244255,0.0,0.1773345710714668,0.1773345710714668,0.1096120326622829,0.0,6.185847209502594,0.0558527521789073,0.0004363496263977,0,70272,nan,2560000,20.63561500236392,34051,5000,19458560,nan,nan,1.1837996690572494,1.486603532233593,2.264410106766185,1.486603532233593,2.801284043327029,nan,nan,nan,nan,nan,nan,nan,nan
pinn_weak__d2__m1__n0.05,pinn_weak,known_physics_forward_surrogate,2,1,0.05,5.005616158244255,5.005616158244255,0.0,0.1751937110585316,0.1751937110585316,0.1096120326622829,0.0,5.826611960169773,0.0542145315557718,0.0004235510277794,0,70272,nan,2560000,23.24626412987709,34051,5000,19458560,nan,nan,1.1853549376271322,1.5008814682139875,2.2144056637500835,1.5008814682139875,2.683948163755393,nan,nan,nan,nan,nan,nan,nan,nan
pinn_weak__d2__m2__n0.05,pinn_weak,known_physics_forward_surrogate,2,2,0.05,5.005616158244255,5.005616158244255,0.0,0.1766923130675863,0.1766923130675863,0.1096120326622829,0.0,5.967490656609065,0.0541835129261016,0.0004233086947351,0,70272,nan,2560000,20.43964948691428,34051,5000,19458560,nan,nan,1.1927879887639454,1.4980053362000527,2.231550762181341,1.4980053362000527,2.740117764175368,nan,nan,nan,nan,nan,nan,nan,nan
pinn_weak_tapered__d2__m0__n0.05,pinn_weak_tapered,known_physics_forward_surrogate,2,0,0.05,5.005616158244255,5.005616158244255,0.0,0.1394413488425136,0.1394413488425136,0.1096120326622829,0.0,4.3626085820499005,0.0587937850505113,0.0004593264457071,0,70272,nan,2560000,27.647146690636877,34051,5000,19458560,nan,nan,1.132033911114653,1.4233883052607152,1.9307927480186973,1.4233883052607152,2.2591849123125742,nan,nan,nan,nan,nan,nan,nan,nan
pinn_weak_tapered__d2__m1__n0.05,pinn_weak_tapered,known_physics_forward_surrogate,2,1,0.05,5.005616158244255,5.005616158244255,0.0,0.1549982649365094,0.1549982649365094,0.114179200689878,0.0,3.729850812868297,0.0559633933007717,0.0004372140101622,0,70272,nan,2560000,29.704971032217145,34051,5000,19458560,nan,nan,1.1343045194382877,1.4295639666981537,1.7832383461919563,1.4295639666981537,2.030689555983434,nan,nan,nan,nan,nan,nan,nan,nan
pinn_weak_tapered__d2__m2__n0.05,pinn_weak_tapered,known_physics_forward_surrogate,2,2,0.05,5.005616158244255,5.005616158244255,0.0,0.1532855769261613,0.1532855769261613,0.114179200689878,0.0,4.667671585544888,0.0539045426994562,0.0004211292398395,0,70272,nan,2560000,26.760696968063712,34051,5000,19458560,nan,nan,1.143665204844067,1.4520091941956768,1.9885907459840515,1.4520091941956768,2.3666022991593065,nan,nan,nan,nan,nan,nan,nan,nan
sindy_strong__d2__m0__n0.05,sindy_strong,state_only_dynamics,2,0,0.05,20.92676390244085,20.92676390244085,0.0,3.3303218361220184,3.3303218361220184,3.457346196889508,0.0,1.5573692254742073,12.082703853026032,0.0943961238517658,12165632,0,0.001,0,0.9707672046497464,60,1,0,nan,0.6046238801506695,0.0305282592757203,0.0536021942790484,0.390880262545988,0.0536021942790484,0.5906581258185342,1.0,0.0002216548511133,0.0120326712571352,0.1100761502096797,0.1198091643693686,0.1602108297847276,"[0.9483407809793427, 0.011725760980702883, -5.914235029602565]",0.5932569472025383
sindy_strong__d2__m1__n0.05,sindy_strong,state_only_dynamics,2,1,0.05,20.92676390244085,20.92676390244085,0.0,3.3303218361220184,3.3303218361220184,3.457346196889508,0.0,1.5573692254742073,12.165479803457856,0.0950428109645145,12165632,0,0.001,0,1.0712216896936295,60,1,0,nan,0.6046238801506695,0.0305282592757203,0.0536021942790484,0.390880262545988,0.0536021942790484,0.5906581258185342,1.0,0.0002216548511133,0.0120326712571352,0.1100761502096797,0.1198091643693686,0.1602108297847276,"[0.9483407809793427, 0.011725760980702883, -5.914235029602565]",0.5932569472025383
sindy_strong__d2__m2__n0.05,sindy_strong,state_only_dynamics,2,2,0.05,20.92676390244085,20.92676390244085,0.0,3.3303218361220184,3.3303218361220184,3.457346196889508,0.0,1.5573692254742073,12.353019960224628,0.0965079684392549,12165632,0,0.001,0,1.089942842721939,60,1,0,nan,0.6046238801506695,0.0305282592757203,0.0536021942790484,0.390880262545988,0.0536021942790484,0.5906581258185342,1.0,0.0002216548511133,0.0120326712571352,0.1100761502096797,0.1198091643693686,0.1602108297847276,"[0.9483407809793427, 0.011725760980702883, -5.914235029602565]",0.5932569472025383
sindy_weak__d2__m0__n0.05,sindy_weak,state_only_dynamics,2,0,0.05,20.92676390244085,20.92676390244085,0.0,4.749141128694616,4.749141128694616,4.516929179291576,0.0,1.4238941194086434,5.233715817332268,0.0408884048229083,12165632,0,0.001,0,1.0846920367330313,30,1,0,nan,0.0239688575608128,0.0057402470946814,0.0139529358553493,0.0995770116743949,0.0139529358553493,0.1558500431716025,1.0,0.0002375569215473,0.017813283491858,0.4361266143897871,0.4374373365288197,0.0778487037926583,"[0.9744020764360413, -0.00341284931205541, -14.394030308735479]",0.0135280904097624
sindy_weak__d2__m1__n0.05,sindy_weak,state_only_dynamics,2,1,0.05,20.92676390244085,20.92676390244085,0.0,4.749141128694616,4.749141128694616,4.516929179291576,0.0,1.4238941194086434,5.353046540170908,0.0418206760950852,12165632,0,0.001,0,1.224611365236342,30,1,0,nan,0.0239688575608128,0.0057402470946814,0.0139529358553493,0.0995770116743949,0.0139529358553493,0.1558500431716025,1.0,0.0002375569215473,0.017813283491858,0.4361266143897871,0.4374373365288197,0.0778487037926583,"[0.9744020764360413, -0.00341284931205541, -14.394030308735479]",0.0135280904097624
sindy_weak__d2__m2__n0.05,sindy_weak,state_only_dynamics,2,2,0.05,20.92676390244085,20.92676390244085,0.0,4.749141128694616,4.749141128694616,4.516929179291576,0.0,1.4238941194086434,5.429880937561393,0.0424209448246983,12165632,0,0.001,0,1.227685055695474,30,1,0,nan,0.0239688575608128,0.0057402470946814,0.0139529358553493,0.0995770116743949,0.0139529358553493,0.1558500431716025,1.0,0.0002375569215473,0.017813283491858,0.4361266143897871,0.4374373365288197,0.0778487037926583,"[0.9744020764360413, -0.00341284931205541, -14.394030308735479]",0.0135280904097624
sindy_weak_weighted__d2__m0__n0.05,sindy_weak_weighted,state_only_dynamics,2,0,0.05,20.92676390244085,20.92676390244085,0.0,4.551111577498109,4.551111577498109,4.443854490850055,0.0,1.4612038164656973,5.357605873607099,0.0418562958875554,12165632,0,0.001,0,1.0944661423563955,30,1,0,nan,0.0302993776065499,0.006278859958415,0.0149587967989645,0.1379170420447459,0.0149587967989645,0.20756931268155,1.0,0.0001951466050953,0.0103916860394941,0.2321317665488363,0.2380036590450282,0.0998730945954426,"[0.9554788914103325, 0.008100606324192591, -14.342551805639655]",0.0166429406433948
sindy_weak_weighted__d2__m1__n0.05,sindy_weak_weighted,state_only_dynamics,2,1,0.05,20.92676390244085,20.92676390244085,0.0,4.551111577498109,4.551111577498109,4.443854490850055,0.0,1.4612038164656973,5.074630252085626,0.0396455488444189,12165632,0,0.001,0,1.0999043826013803,30,1,0,nan,0.0302993776065499,0.006278859958415,0.0149587967989645,0.1379170420447459,0.0149587967989645,0.20756931268155,1.0,0.0001951466050953,0.0103916860394941,0.2321317665488363,0.2380036590450282,0.0998730945954426,"[0.9554788914103325, 0.008100606324192591, -14.342551805639655]",0.0166429406433948
sindy_weak_weighted__d2__m2__n0.05,sindy_weak_weighted,state_only_dynamics,2,2,0.05,20.92676390244085,20.92676390244085,0.0,4.551111577498109,4.551111577498109,4.443854490850055,0.0,1.4612038164656973,5.061335202306509,0.0395416812680196,12165632,0,0.001,0,1.0839981585741043,30,1,0,nan,0.0302993776065499,0.006278859958415,0.0149587967989645,0.1379170420447459,0.0149587967989645,0.20756931268155,1.0,0.0001951466050953,0.0103916860394941,0.2321317665488363,0.2380036590450282,0.0998730945954426,"[0.9554788914103325, 0.008100606324192591, -14.342551805639655]",0.0166429406433948
sindy_weighted__d2__m0__n0.05,sindy_weighted,state_only_dynamics,2,0,0.05,20.92676390244085,20.92676390244085,0.0,3.533917623352157,3.533917623352157,3.608062741800147,0.0,1.5530341584968153,12.004278225824237,0.0937834236392518,12165632,0,0.001,0,1.0822068070992827,60,1,0,nan,0.614026995586242,0.0308280027294736,0.0529483879251814,0.3396715261453327,0.0529483879251814,0.5395953128313344,1.0,0.0008428503205026,0.0051870474266856,0.1065581098985889,0.1119623161147116,0.0606963702240716,"[1.0334668597336019, -0.052721416178851434, -5.844677529957942]",0.598080625954891
sindy_weighted__d2__m1__n0.05,sindy_weighted,state_only_dynamics,2,1,0.05,20.92676390244085,20.92676390244085,0.0,3.533917623352157,3.533917623352157,3.608062741800147,0.0,1.5530341584968153,11.969436142593622,0.0935112198640126,12165632,0,0.001,0,1.0834623631089926,60,1,0,nan,0.614026995586242,0.0308280027294736,0.0529483879251814,0.3396715261453327,0.0529483879251814,0.5395953128313344,1.0,0.0008428503205026,0.0051870474266856,0.1065581098985889,0.1119623161147116,0.0606963702240716,"[1.0334668597336019, -0.052721416178851434, -5.844677529957942]",0.598080625954891
sindy_weighted__d2__m2__n0.05,sindy_weighted,state_only_dynamics,2,2,0.05,20.92676390244085,20.92676390244085,0.0,3.533917623352157,3.533917623352157,3.608062741800147,0.0,1.5530341584968153,12.108640616759658,0.0945987548184348,12165632,0,0.001,0,0.985311273485422,60,1,0,nan,0.614026995586242,0.0308280027294736,0.0529483879251814,0.3396715261453327,0.0529483879251814,0.5395953128313344,1.0,0.0008428503205026,0.0051870474266856,0.1065581098985889,0.1119623161147116,0.0606963702240716,"[1.0334668597336019, -0.052721416178851434, -5.844677529957942]",0.598080625954891
solver_oracle__d2__m0__n0.05,solver_oracle,known_physics_forward_surrogate,2,0,0.05,5.005616158244255,20.92676390244085,1.0,20.926763902440847,5.005616158244253,5.005616158244255,1.0,2.2334063193058385e-22,9.964935457333922,0.0778510582604212,117734912,0,0.0001,0,0.0,0,0,0,nan,nan,4.5539152304180444e-14,8.393067266388155e-14,6.446757625674247e-13,8.393067266388155e-14,9.676015993101562e-13,1.0,0.00058105150351,1.1344488630616657e-06,2.6796454128821545e-05,4.573567142755332e-05,4.725619187978555e-05,"[0.9634408374187473, -0.0011852830853698376, -14.628915720322006]",0.0046991938753563
solver_oracle__d2__m1__n0.05,solver_oracle,known_physics_forward_surrogate,2,1,0.05,5.005616158244255,20.92676390244085,1.0,20.926763902440847,5.005616158244253,5.005616158244255,1.0,2.2334063193058385e-22,9.453226990997791,0.0738533358671702,117734912,0,0.0001,0,0.0,0,0,0,nan,nan,4.5539152304180444e-14,8.393067266388155e-14,6.446757625674247e-13,8.393067266388155e-14,9.676015993101562e-13,1.0,0.00058105150351,1.1344488630616657e-06,2.6796454128821545e-05,4.573567142755332e-05,4.725619187978555e-05,"[0.9634408374187473, -0.0011852830853698376, -14.628915720322006]",0.0046991938753563
solver_oracle__d2__m2__n0.05,solver_oracle,known_physics_forward_surrogate,2,2,0.05,5.005616158244255,20.92676390244085,1.0,20.926763902440847,5.005616158244253,5.005616158244255,1.0,2.2334063193058385e-22,9.497032459825276,0.0741955660923849,117734912,0,0.0001,0,0.0,0,0,0,nan,nan,4.5539152304180444e-14,8.393067266388155e-14,6.446757625674247e-13,8.393067266388155e-14,9.676015993101562e-13,1.0,0.00058105150351,1.1344488630616657e-06,2.6796454128821545e-05,4.573567142755332e-05,4.725619187978555e-05,"[0.9634408374187473, -0.0011852830853698376, -14.628915720322006]",0.0046991938753563
lorenz_ad__d3__m0__n0.05,lorenz_ad,known_form_hidden_parameters,3,0,0.05,21.56616742630417,21.56616742630417,0.0,3.1521309210453774,3.1521309210453774,3.1741817791786104,0.0,1.5899874529419566,0.9794350266456604,0.0076518361456692,12544000,0,0.001,32000000,701.6890683490783,3,10000,9221632,0.0046173011554653,nan,0.0185560473130724,0.046723960446152,0.383260087874277,0.046723960446152,0.5698845468330833,1.0,0.0010134968187991,0.0111121964202457,0.0874939429937424,0.0891700293132056,0.2434280869863265,"[0.8986191381559092, -0.02197521398491828, -14.46999612698848]",0.0079011370448167
lorenz_ad__d3__m1__n0.05,lorenz_ad,known_form_hidden_parameters,3,1,0.05,21.56616742630417,21.56616742630417,0.0,3.876597949422654,3.876597949422654,3.8227196390971176,0.0,1.520407837136058,1.1854864694178104,0.0092616130423266,12544000,0,0.001,32000000,697.2448993977159,3,10000,9221632,0.0070187813351318,nan,0.0188079276416498,0.0389121404982316,0.2072482445972847,0.0389121404982316,0.3094217932037133,1.0,0.000318663747469,0.0113948228410333,0.1700529380724014,0.1791905770513979,0.1664040035454753,"[0.9462619398123696, -0.0239075483002341, -14.377737425760825]",0.01426741909703
lorenz_ad__d3__m2__n0.05,lorenz_ad,known_form_hidden_parameters,3,2,0.05,21.56616742630417,21.56616742630417,0.0,3.79003584289964,3.79003584289964,3.694838934324455,0.0,1.5462785329242577,1.096295464783907,0.0085648083186242,12544000,0,0.001,32000000,728.1794185619801,3,10000,9221632,0.0034879576172302,nan,0.0089518109201524,0.0262770258866434,0.2649024007039655,0.0262770258866434,0.3908891266526213,1.0,0.0014165052931007,0.0103221775888237,0.0789548058389173,0.0805600561062378,0.1408274045323432,"[0.9824511066413666, -0.03386827192313558, -14.53736484131779]",0.0061333915374153
lorenz_ad_tapered__d3__m0__n0.05,lorenz_ad_tapered,known_form_hidden_parameters,3,0,0.05,21.56616742630417,21.56616742630417,0.0,3.7262382145141695,3.7262382145141695,3.653734422076098,0.0,1.597598409266622,1.217868009582162,0.0095145938248606,12544000,0,0.001,32000000,698.9636327344924,3,10000,9221632,0.003013515235788,nan,0.0119021536657682,0.0299262992259568,0.2713430779138995,0.0299262992259568,0.4027633536937711,1.0,0.000507844544529,0.0055107868953691,0.0567121253122183,0.0682718260100158,0.1279084252099758,"[0.8253671984421177, 0.019362256657407362, -14.45605006873094]",0.0105850452878994
lorenz_ad_tapered__d3__m1__n0.05,lorenz_ad_tapered,known_form_hidden_parameters,3,1,0.05,21.56616742630417,21.56616742630417,0.0,3.955952493902119,3.955952493902119,3.863824151345474,0.0,1.52229424509414,1.2473850268870592,0.0097451955225551,12544000,0,0.001,32000000,693.6222523488104,3,10000,9221632,0.0073203473218793,nan,0.0225485401949694,0.0493252570155062,0.1772848632717137,0.0493252570155062,0.2573028029956414,1.0,0.0009750642057551,0.0083111068390008,0.1440467413269196,0.1491092650483553,0.117568411518583,"[0.9793973402325571, -0.028108367493829563, -14.389353391544319]",0.0140853323811795
lorenz_ad_tapered__d3__m2__n0.05,lorenz_ad_tapered,known_form_hidden_parameters,3,2,0.05,21.56616742630417,21.56616742630417,0.0,3.5261391653051595,3.5261391653051595,3.4756148689998883,0.0,1.5759404430714825,1.2810234017670157,0.0100079953263048,12544000,0,0.001,32000000,697.0801640152931,3,10000,9221632,0.002488924887963,nan,0.0120599091545818,0.0349674396710342,0.3197760776541706,0.0349674396710342,0.5015197844763906,1.0,0.0006010937495015,0.0079917167247892,0.08841024432587,0.0830478644056333,0.1273982847426562,"[0.9957384572212191, -0.020022054993803363, -14.61284817494769]",0.0062004040085978
node_soft_dtw__d3__m0__n0.05,node_soft_dtw,state_only_dynamics,3,0,0.05,21.56616742630417,21.56616742630417,0.0,1.3466723101366809,1.3466723101366809,1.1052546626780195,0.0,1.8803154918096037,16.97949176467955,0.132652279411559,12544000,0,0.001,25600000,1180.6768930386752,33923,5000,30950400,nan,nan,0.1846580000391878,0.5488804406671434,1.0501001912236825,0.5488804406671434,1.369325777795288,1.0,0.0105645584181044,0.1806439610640165,2.114915387686428,2.1697352767942,1.3208337597881843,"[0.7655752897216666, -0.015518422693629937, -15.703579993902178]",0.0774403863919595
node_soft_dtw__d3__m1__n0.05,node_soft_dtw,state_only_dynamics,3,1,0.05,21.56616742630417,21.56616742630417,0.0,1.7842640967806385,1.7842640967806385,1.5071654491063906,0.0,1.8158403394186,30.714837992563844,0.239959671816905,12544000,0,0.001,25600000,1161.5995586123315,33923,5000,30950400,nan,nan,0.1138537718369538,0.3795177868665128,0.8125908801378761,0.3795177868665128,1.108558801100158,1.0,0.0115524070777768,0.1105030056705127,1.8274970279145848,1.7708167280873208,0.7956215485503616,"[0.5820625604040195, 0.13029427758614134, -12.701399696247325]",0.1309913884115706
node_soft_dtw__d3__m2__n0.05,node_soft_dtw,state_only_dynamics,3,2,0.05,21.56616742630417,21.56616742630417,0.0,1.6984869722623674,1.6984869722623674,1.671583498099815,0.0,1.894185663670384,17.026262348517776,0.1330176745977951,12544000,0,0.001,25600000,1155.6959870811552,33923,5000,30950400,nan,nan,0.1432704482873511,0.274897631661911,0.8415729808935559,0.274897631661911,1.194203125066048,1.0,0.0021178851770815,0.0887668324036261,0.6526866816081076,0.6545414040609706,1.1598274029469569,"[0.8266361019635853, -0.024661213544937808, -14.984087604974626]",0.028214719580979
node_strong__d3__m0__n0.05,node_strong,state_only_dynamics,3,0,0.05,21.56616742630417,21.56616742630417,0.0,2.146283524967983,2.146283524967983,1.8771060593415956,0.0,1.701039998439175,16.528801577165723,0.1291312623216072,12544000,0,0.001,6560000,45.48590188659728,33923,5000,25560064,nan,nan,0.048826386775826,0.1472250628140247,0.6507664532549885,0.1472250628140247,0.9783849594317248,1.0,0.0036662210357383,0.0257880020404109,1.0047279195009435,0.74404996498677,0.0674181921717113,"[0.8518521613501246, -0.037920119706886954, -1.5835283178630877]",0.8896754229027443
node_strong__d3__m1__n0.05,node_strong,state_only_dynamics,3,1,0.05,21.56616742630417,21.56616742630417,0.0,1.5313571672525583,1.5313571672525583,1.374717576306132,0.0,1.8468447129578316,17.120413288474083,0.1337532288162037,12544000,0,0.001,6560000,43.57167479582131,33923,5000,25560064,nan,nan,0.0973570823926831,0.4115442678666152,0.8651641365213912,0.4115442678666152,1.145518028791198,1.0,0.0103218550667358,0.1000020780180607,1.9040758624258984,2.35239964300797,0.0997423124454236,"[0.857696323029109, -0.06916572394930855, -1.656166471652536]",0.8847112323597115
node_strong__d3__m2__n0.05,node_strong,state_only_dynamics,3,2,0.05,21.56616742630417,21.56616742630417,0.0,2.161126821057667,2.161126821057667,1.918210571589952,0.0,1.6986098723461769,17.15457335859537,0.1340201043640263,12544000,0,0.001,6560000,43.7796911932528,33923,5000,25560064,nan,nan,0.051934676229794,0.1539652803284447,0.6239786099697492,0.1539652803284447,0.9197930412641094,1.0,0.0028392007068709,0.0230770238403117,1.0247034763816518,0.4477525560649868,0.0965380875295426,"[0.8650305981878561, 0.00870831266112231, -1.6700107393348758]",0.8837484283688801
node_weak__d3__m0__n0.05,node_weak,state_only_dynamics,3,0,0.05,21.56616742630417,21.56616742630417,0.0,1.7497248885719503,1.7497248885719503,1.5848073055755076,0.0,1.7520115525628497,16.672715486958623,0.1302555897418642,12544000,0,0.001,6560000,37.40262247249484,33923,5000,24168448,nan,nan,0.0633398020602108,0.2675230227596966,0.8231445814980567,0.2675230227596966,1.160839747944909,1.0,0.0429958688413927,0.2025926492392137,3.527259095249629,3.731641045265674,1.287389908911608,"[0.8255113772332517, -0.06523287377902758, -6.170446415213589]",0.5757654698300304
node_weak__d3__m1__n0.05,node_weak,state_only_dynamics,3,1,0.05,21.56616742630417,21.56616742630417,0.0,2.066928980488518,2.066928980488518,1.9273449076451417,0.0,1.6743951986744603,17.027847208082676,0.1330300563131459,12544000,0,0.001,6560000,37.5430681668222,33923,5000,24168448,nan,nan,0.0694324372749243,0.1725521677901889,0.6644054287481687,0.1725521677901889,0.9128758673380428,1.0,0.0005139504341722,0.028171681492086,0.1857560379685034,0.1817577616745159,0.2025986898808579,"[0.8869737627058859, -0.005553536094867158, -6.0209172527057175]",0.5859530475463631
node_weak__d3__m2__n0.05,node_weak,state_only_dynamics,3,2,0.05,21.56616742630417,21.56616742630417,0.0,1.7094053583283368,1.7094053583283368,1.6533148259894344,0.0,1.768409961471875,17.202981730923057,0.1343982947728363,12544000,0,0.001,6560000,39.34276159107685,33923,5000,24168448,nan,nan,0.0885074997177765,0.3003542881042911,0.7437765837281985,0.3003542881042911,1.055229334185867,1.0,0.0022830920541814,0.0269899825102728,0.2796969118850875,0.3524687412839444,0.1440864343457925,"[0.9620915808926753, -0.011210778385171377, -5.425184038386614]",0.6267336918045543
pinn_strong__d3__m0__n0.05,pinn_strong,known_physics_forward_surrogate,3,0,0.05,5.005616158244255,5.005616158244255,0.0,0.2560468575470516,0.2560468575470516,0.1826867211038049,0.0,5.156250600785222,0.0538298208266496,0.0004205454752082,0,70272,nan,2560000,39.28923499584198,34051,5000,24099840,nan,nan,1.1751564172888602,1.5129632430115292,2.087244761131559,1.5129632430115292,2.475961747337524,nan,nan,nan,nan,nan,nan,nan,nan
pinn_strong__d3__m1__n0.05,pinn_strong,known_physics_forward_surrogate,3,1,0.05,5.005616158244255,5.005616158244255,0.0,0.262398075585426,0.262398075585426,0.1963882251865902,0.0,3.972020736964192,0.0671752914786338,0.0005248069646768,0,70272,nan,2560000,45.868357034400105,34051,5000,24099840,nan,nan,1.1563768096064428,1.4963786605143832,1.8525392366560367,1.4963786605143832,2.0887755330858595,nan,nan,nan,nan,nan,nan,nan,nan
pinn_strong__d3__m2__n0.05,pinn_strong,known_physics_forward_surrogate,3,2,0.05,5.005616158244255,5.005616158244255,0.0,0.2631830575901689,0.2631830575901689,0.1963882251865902,0.0,3.402369400833468,0.0574248433113098,0.0004486315883696,0,70272,nan,2560000,38.53024100884795,34051,5000,24099840,nan,nan,1.1604148648693664,1.4969493942002208,1.7036894025907845,1.4969493942002208,1.8169173773197704,nan,nan,nan,nan,nan,nan,nan,nan
pinn_weak__d3__m0__n0.05,pinn_weak,known_physics_forward_surrogate,3,0,0.05,5.005616158244255,5.005616158244255,0.0,0.1628480849839386,0.1628480849839386,0.114179200689878,0.0,5.79505167232162,0.0607608743011951,0.000474694330478,0,70272,nan,2560000,26.294048458337784,34051,5000,19458560,nan,nan,1.2058916376846738,1.5175734958011586,2.224500363266592,1.5175734958011586,2.7065844811200024,nan,nan,nan,nan,nan,nan,nan,nan
pinn_weak__d3__m1__n0.05,pinn_weak,known_physics_forward_surrogate,3,1,0.05,5.005616158244255,5.005616158244255,0.0,0.1621344649796268,0.1621344649796268,0.1096120326622829,0.0,5.71091209801825,0.0540294796228408,0.0004221053095534,0,70272,nan,2560000,26.00202264636755,34051,5000,19458560,nan,nan,1.2052560281387903,1.5238440883294662,2.206327527721947,1.5238440883294662,2.6556371403041026,nan,nan,nan,nan,nan,nan,nan,nan
pinn_weak__d3__m2__n0.05,pinn_weak,known_physics_forward_surrogate,3,2,0.05,5.005616158244255,5.005616158244255,0.0,0.1632762569865256,0.1632762569865256,0.1096120326622829,0.0,5.800060704795218,0.0612144209444522,0.0004782376636285,0,70272,nan,2560000,26.117451444268227,34051,5000,19458560,nan,nan,1.201869364100712,1.528665387631592,2.2176574861957925,1.528665387631592,2.696864358778887,nan,nan,nan,nan,nan,nan,nan,nan
pinn_weak_tapered__d3__m0__n0.05,pinn_weak_tapered,known_physics_forward_surrogate,3,0,0.05,5.005616158244255,5.005616158244255,0.0,0.1563541429447018,0.1563541429447018,0.1187463687174732,0.0,3.337015938389896,0.0623151827603578,0.0004868373653152,0,70272,nan,2560000,76.32859929092228,34051,5000,19458560,nan,nan,1.1626480648186537,1.4581674865416727,1.697142843979297,1.4581674865416727,1.872009536576417,nan,nan,nan,nan,nan,nan,nan,nan
pinn_weak_tapered__d3__m1__n0.05,pinn_weak_tapered,known_physics_forward_surrogate,3,1,0.05,5.005616158244255,5.005616158244255,0.0,0.1527860429231431,0.1527860429231431,0.1187463687174732,0.0,3.4781411778160205,0.0657446850091219,0.0005136303516337,0,70272,nan,2560000,27.50612086430192,34051,5000,19458560,nan,nan,1.161756864984424,1.4517159099431842,1.7289549744783297,1.4517159099431842,1.9149128536972164,nan,nan,nan,nan,nan,nan,nan,nan
pinn_weak_tapered__d3__m2__n0.05,pinn_weak_tapered,known_physics_forward_surrogate,3,2,0.05,5.005616158244255,5.005616158244255,0.0,0.1465775488856309,0.1465775488856309,0.1187463687174732,0.0,4.1342902676117,0.062232170253992,0.0004861888301093,0,70272,nan,2560000,24.211353547871116,34051,5000,19458560,nan,nan,1.1727898747740322,1.4604649137594137,1.891298085608852,1.4604649137594137,2.189945895932067,nan,nan,nan,nan,nan,nan,nan,nan
sindy_strong__d3__m0__n0.05,sindy_strong,state_only_dynamics,3,0,0.05,21.56616742630417,21.56616742630417,0.0,3.198730307326934,3.198730307326934,3.2198534594545616,0.0,1.6078252484779434,12.602699231356382,0.0984585877449717,12544000,0,0.001,0,1.0764654222875834,60,1,0,nan,0.5908835007675977,0.0287925566575961,0.0581723362996358,0.4252907808672981,0.0581723362996358,0.6537710387035938,1.0,0.0002496131129383,0.0156620663169159,0.1531772852382335,0.131577453234348,0.1789678973218492,"[0.8333609503060572, 0.022032499372917406, -5.926906410395424]",0.5924114349535172
sindy_strong__d3__m1__n0.05,sindy_strong,state_only_dynamics,3,1,0.05,21.56616742630417,21.56616742630417,0.0,3.198730307326934,3.198730307326934,3.2198534594545616,0.0,1.6078252484779434,12.135739477351308,0.094810464666807,12544000,0,0.001,0,1.0896425042301416,60,1,0,nan,0.5908835007675977,0.0287925566575961,0.0581723362996358,0.4252907808672981,0.0581723362996358,0.6537710387035938,1.0,0.0002496131129383,0.0156620663169159,0.1531772852382335,0.131577453234348,0.1789678973218492,"[0.8333609503060572, 0.022032499372917406, -5.926906410395424]",0.5924114349535172
sindy_strong__d3__m2__n0.05,sindy_strong,state_only_dynamics,3,2,0.05,21.56616742630417,21.56616742630417,0.0,3.198730307326934,3.198730307326934,3.2198534594545616,0.0,1.6078252484779434,12.276512896642087,0.0959102570050163,12544000,0,0.001,0,1.0943863987922668,60,1,0,nan,0.5908835007675977,0.0287925566575961,0.0581723362996358,0.4252907808672981,0.0581723362996358,0.6537710387035938,1.0,0.0002496131129383,0.0156620663169159,0.1531772852382335,0.131577453234348,0.1789678973218492,"[0.8333609503060572, 0.022032499372917406, -5.926906410395424]",0.5924114349535172
sindy_weak__d3__m0__n0.05,sindy_weak,state_only_dynamics,3,0,0.05,21.56616742630417,21.56616742630417,0.0,4.675352820248783,4.675352820248783,4.571735195622718,0.0,1.4681757276573948,5.395835623145104,0.0421549658058211,12544000,0,0.001,0,1.219569243490696,30,1,0,nan,0.0301386875862124,0.0055080245477738,0.0142161206295652,0.124052021963613,0.0142161206295652,0.1898844415518621,1.0,0.0010727456769819,0.0191731633606675,0.3558957665431127,0.3734654093038036,0.2345219265636347,"[0.9995244951015406, -0.07042505457865887, -14.405795729408897]",0.0143038943799062
sindy_weak__d3__m1__n0.05,sindy_weak,state_only_dynamics,3,1,0.05,21.56616742630417,21.56616742630417,0.0,4.675352820248783,4.675352820248783,4.571735195622718,0.0,1.4681757276573948,5.328316630795598,0.0416274736780906,12544000,0,0.001,0,1.1164023270830512,30,1,0,nan,0.0301386875862124,0.0055080245477738,0.0142161206295652,0.124052021963613,0.0142161206295652,0.1898844415518621,1.0,0.0010727456769819,0.0191731633606675,0.3558957665431127,0.3734654093038036,0.2345219265636347,"[0.9995244951015406, -0.07042505457865887, -14.405795729408897]",0.0143038943799062
sindy_weak__d3__m2__n0.05,sindy_weak,state_only_dynamics,3,2,0.05,21.56616742630417,21.56616742630417,0.0,4.675352820248783,4.675352820248783,4.571735195622718,0.0,1.4681757276573948,5.389317385852337,0.0421040420769713,12544000,0,0.001,0,1.1663089478388429,30,1,0,nan,0.0301386875862124,0.0055080245477738,0.0142161206295652,0.124052021963613,0.0142161206295652,0.1898844415518621,1.0,0.0010727456769819,0.0191731633606675,0.3558957665431127,0.3734654093038036,0.2345219265636347,"[0.9995244951015406, -0.07042505457865887, -14.405795729408897]",0.0143038943799062
sindy_weak_weighted__d3__m0__n0.05,sindy_weak_weighted,state_only_dynamics,3,0,0.05,21.56616742630417,21.56616742630417,0.0,4.516358283288128,4.516358283288128,4.498660507181196,0.0,1.4924662568685678,5.3241750951856375,0.0415951179311377,12544000,0,0.001,0,1.0902833063155413,30,1,0,nan,0.0480338182748696,0.0056447469749143,0.0175862600733308,0.1373634232991526,0.0175862600733308,0.2196186473826841,1.0,0.0007283529648673,0.0120831962593451,0.1102971148656723,0.1145540781714362,0.2034566872807691,"[0.949888246883296, -0.046284202038890686, -14.39351160475718]",0.0135450445516175
sindy_weak_weighted__d3__m1__n0.05,sindy_weak_weighted,state_only_dynamics,3,1,0.05,21.56616742630417,21.56616742630417,0.0,4.516358283288128,4.516358283288128,4.498660507181196,0.0,1.4924662568685678,5.199211328290403,0.0406188385022687,12544000,0,0.001,0,1.100503172725439,30,1,0,nan,0.0480338182748696,0.0056447469749143,0.0175862600733308,0.1373634232991526,0.0175862600733308,0.2196186473826841,1.0,0.0007283529648673,0.0120831962593451,0.1102971148656723,0.1145540781714362,0.2034566872807691,"[0.949888246883296, -0.046284202038890686, -14.39351160475718]",0.0135450445516175
sindy_weak_weighted__d3__m2__n0.05,sindy_weak_weighted,state_only_dynamics,3,2,0.05,21.56616742630417,21.56616742630417,0.0,4.516358283288128,4.516358283288128,4.498660507181196,0.0,1.4924662568685678,5.212364655919373,0.0407215988743701,12544000,0,0.001,0,1.1096445359289646,30,1,0,nan,0.0480338182748696,0.0056447469749143,0.0175862600733308,0.1373634232991526,0.0175862600733308,0.2196186473826841,1.0,0.0007283529648673,0.0120831962593451,0.1102971148656723,0.1145540781714362,0.2034566872807691,"[0.949888246883296, -0.046284202038890686, -14.39351160475718]",0.0135450445516175
sindy_weighted__d3__m0__n0.05,sindy_weighted,state_only_dynamics,3,0,0.05,21.56616742630417,21.56616742630417,0.0,3.385912834457903,3.385912834457903,3.3248983240892493,0.0,1.6115929288259816,12.17586504854262,0.0951239456917392,12544000,0,0.001,0,1.0932365767657757,60,1,0,nan,0.5997332316462803,0.0298111719746548,0.05355105832596,0.3934020832215262,0.05355105832596,0.6146860871983238,1.0,0.0003959568375608,0.0222639770737559,0.4693422874520797,0.4550858151520072,0.1760695826170513,"[0.8257789438458836, 0.06332979800301305, -5.932505381146387]",0.5920466050959593
sindy_weighted__d3__m1__n0.05,sindy_weighted,state_only_dynamics,3,1,0.05,21.56616742630417,21.56616742630417,0.0,3.385912834457903,3.385912834457903,3.3248983240892493,0.0,1.6115929288259816,12.211262805387378,0.0954004906670888,12544000,0,0.001,0,1.1058041360229254,60,1,0,nan,0.5997332316462803,0.0298111719746548,0.05355105832596,0.3934020832215262,0.05355105832596,0.6146860871983238,1.0,0.0003959568375608,0.0222639770737559,0.4693422874520797,0.4550858151520072,0.1760695826170513,"[0.8257789438458836, 0.06332979800301305, -5.932505381146387]",0.5920466050959593
sindy_weighted__d3__m2__n0.05,sindy_weighted,state_only_dynamics,3,2,0.05,21.56616742630417,21.56616742630417,0.0,3.385912834457903,3.385912834457903,3.3248983240892493,0.0,1.6115929288259816,12.597787328064442,0.0984202135005034,12544000,0,0.001,0,0.999311812222004,60,1,0,nan,0.5997332316462803,0.0298111719746548,0.05355105832596,0.3934020832215262,0.05355105832596,0.6146860871983238,1.0,0.0003959568375608,0.0222639770737559,0.4693422874520797,0.4550858151520072,0.1760695826170513,"[0.8257789438458836, 0.06332979800301305, -5.932505381146387]",0.5920466050959593
solver_oracle__d3__m0__n0.05,solver_oracle,known_physics_forward_surrogate,3,0,0.05,5.005616158244255,21.56616742630417,1.0,21.566167426304165,5.005616158244253,5.005616158244255,1.0,1.1521786886479712e-22,10.178680220618844,0.0795209392235847,121338880,0,0.0001,0,0.0,0,0,0,nan,nan,4.6428712661867656e-14,7.94643055013602e-14,5.002788360149754e-13,7.94643055013602e-14,7.818789388551967e-13,1.0,0.0006002224578938,7.775167469064781e-07,2.850609741057633e-05,4.193623766898303e-05,4.711643791244686e-05,"[0.895729697451579, 0.05772075766865369, -14.620110678161218]",0.0047848670313615
solver_oracle__d3__m1__n0.05,solver_oracle,known_physics_forward_surrogate,3,1,0.05,5.005616158244255,21.56616742630417,1.0,21.566167426304165,5.005616158244253,5.005616158244255,1.0,1.1521786886479712e-22,10.138104075565934,0.0792039380903588,121338880,0,0.0001,0,0.0,0,0,0,nan,nan,4.6428712661867656e-14,7.94643055013602e-14,5.002788360149754e-13,7.94643055013602e-14,7.818789388551967e-13,1.0,0.0006002224578938,7.775167469064781e-07,2.850609741057633e-05,4.193623766898303e-05,4.711643791244686e-05,"[0.895729697451579, 0.05772075766865369, -14.620110678161218]",0.0047848670313615
solver_oracle__d3__m2__n0.05,solver_oracle,known_physics_forward_surrogate,3,2,0.05,5.005616158244255,21.56616742630417,1.0,21.566167426304165,5.005616158244253,5.005616158244255,1.0,1.1521786886479712e-22,9.807179318740964,0.0766185884276637,121338880,0,0.0001,0,0.0,0,0,0,nan,nan,4.6428712661867656e-14,7.94643055013602e-14,5.002788360149754e-13,7.94643055013602e-14,7.818789388551967e-13,1.0,0.0006002224578938,7.775167469064781e-07,2.850609741057633e-05,4.193623766898303e-05,4.711643791244686e-05,"[0.895729697451579, 0.05772075766865369, -14.620110678161218]",0.0047848670313615
lorenz_ad__d4__m0__n0.05,lorenz_ad,known_form_hidden_parameters,4,0,0.05,21.14598796776542,21.14598796776542,0.0,5.061064432579276,5.061064432579276,5.064989342602991,0.0,1.3845278711033575,1.0838471986353395,0.0084675562393385,12295680,0,0.001,32000000,730.3336486667395,3,10000,9221632,0.0007696786616804,nan,0.0035978614327766,0.008756834002146,0.0726286374157384,0.008756834002146,0.1100802953600481,1.0,0.0006718631200377,0.0069900345455517,0.1585595389125129,0.1705179068992178,0.0462486295133143,"[0.7886933254209879, 0.04239174590804041, -14.501141577592477]",0.010544650856222
lorenz_ad__d4__m1__n0.05,lorenz_ad,known_form_hidden_parameters,4,1,0.05,21.14598796776542,21.14598796776542,0.0,3.8384906411924073,3.8384906411924073,3.681137430241669,0.0,1.5548121221169595,1.0053717084228992,0.0078544664720539,12295680,0,0.001,32000000,711.4060081988573,3,10000,9221632,0.0030556130507987,nan,0.0103809589234647,0.0257248674613858,0.2594333138080322,0.0257248674613858,0.3856703198254388,1.0,0.0021083885033237,0.0052739481615864,0.1276430120231681,0.1306455656793906,0.1006282197445524,"[0.7989110480459102, 0.037906881883168604, -14.557063456114316]",0.0083922149747203
lorenz_ad__d4__m2__n0.05,lorenz_ad,known_form_hidden_parameters,4,2,0.05,21.14598796776542,21.14598796776542,0.0,4.089470796708845,4.089470796708845,4.000839192173327,0.0,1.4951401497225438,0.9758098889142276,0.0076235147571424,12295680,0,0.001,32000000,705.6472325138748,3,10000,9221632,0.0019820538424502,nan,0.0056219612044374,0.0155461087788146,0.1584217860607549,0.0155461087788146,0.2466560152375043,1.0,0.0017567657445185,0.0051521538645381,0.0311455358354852,0.0381456577626533,0.0350382004630727,"[0.8321144758135618, 0.02543811037372771, -14.57274951202772]",0.0058290823004438
lorenz_ad_tapered__d4__m0__n0.05,lorenz_ad_tapered,known_form_hidden_parameters,4,0,0.05,21.14598796776542,21.14598796776542,0.0,4.508365739239835,4.508365739239835,4.457555994932839,0.0,1.4755006815008271,1.031968591734767,0.0080622546229278,12295680,0,0.001,32000000,731.6083086170256,3,10000,9221632,0.0019751391448979,nan,0.0120954813070132,0.0275207590250722,0.1214666937100019,0.0275207590250722,0.1760469004157085,1.0,0.0007267980891272,0.0087803278732447,0.083988500087048,0.0834089561919569,0.0538114915149212,"[0.8930529308405223, 0.00024154829603678437, -14.594153994239976]",0.0016289853938978
lorenz_ad_tapered__d4__m1__n0.05,lorenz_ad_tapered,known_form_hidden_parameters,4,1,0.05,21.14598796776542,21.14598796776542,0.0,4.077053808633821,4.077053808633821,3.950600343869781,0.0,1.5302030810747325,1.076541455462575,0.0084104801208013,12295680,0,0.001,32000000,701.9005021359771,3,10000,9221632,0.0028530229260191,nan,0.0068597902594474,0.0180911706062013,0.2019509506804121,0.0180911706062013,0.3193628456305774,1.0,0.001279466261761,0.018759541358884,0.4988797348878305,0.5038141070401045,0.0761387388351694,"[0.8121087671950467, 0.03237851715985613, -14.58691007391141]",0.007250464998441
lorenz_ad_tapered__d4__m2__n0.05,lorenz_ad_tapered,known_form_hidden_parameters,4,2,0.05,21.14598796776542,21.14598796776542,0.0,5.416447194726522,5.416447194726522,5.261377567789581,0.0,1.4075169696553531,1.1652310453355312,0.0091033675416838,12295680,0,0.001,32000000,687.6719297450036,3,10000,9221632,0.001460865754941,nan,0.0023746730702186,0.0050513600928138,0.0437179872613743,0.0050513600928138,0.0671017714845433,1.0,0.0009189553172093,0.008543919103326,0.2127090377980504,0.2150519559142606,0.0246984894396034,"[0.7710968541660955, 0.033876632140294266, -14.513030615767045]",0.0110440372110842
node_soft_dtw__d4__m0__n0.05,node_soft_dtw,state_only_dynamics,4,0,0.05,21.14598796776542,21.14598796776542,0.0,1.174761251097983,1.174761251097983,1.0276128062089027,0.0,1.706147653325477,27.750386396422986,0.2167998937220545,12295680,0,0.001,25600000,1280.8981970250609,33923,5000,30950400,nan,nan,0.1859327317580882,0.6423965964602931,0.9847195310207536,0.6423965964602931,1.235525233998644,1.0,0.1999977174621843,0.6998450726338218,7.454653875119317,7.569358598512888,3.632023977364457,"[0.6060423452976225, -0.10520015259874116, -15.025923481671763]",0.0376780810701177
node_soft_dtw__d4__m1__n0.05,node_soft_dtw,state_only_dynamics,4,1,0.05,21.14598796776542,21.14598796776542,0.0,1.190318167191979,1.190318167191979,1.073284486484854,0.0,1.8463509401471163,16.21021398715675,0.1266422967746621,12295680,0,0.001,25600000,1226.2784596737474,33923,5000,30950400,nan,nan,0.1782902778069812,0.6014018337611775,0.9314875202293668,0.6014018337611775,1.2126480839535485,1.0,0.0266538376023022,0.2169408170746737,3.878871225919275,3.723171058618071,0.3346600894848272,"[0.7920865247597538, 0.07093072502230945, -14.455503165714758]",0.0128936843882688
node_soft_dtw__d4__m2__n0.05,node_soft_dtw,state_only_dynamics,4,2,0.05,21.14598796776542,21.14598796776542,0.0,1.2439110295157905,1.2439110295157905,1.150926342953971,0.0,1.891111036012143,16.70519562996924,0.1305093408591346,12295680,0,0.001,25600000,1326.9261610209942,33923,5000,30950400,nan,nan,0.143579417160927,0.536673728158529,0.931781302238152,0.536673728158529,1.2204673242629034,1.0,0.0125686786531247,0.1116193771791767,2.0812430557826027,2.021480101033983,0.8436639695387917,"[0.7993041197501636, -0.04938300121982072, -14.29128299453732]",0.0216602138247223
node_strong__d4__m0__n0.05,node_strong,state_only_dynamics,4,0,0.05,21.14598796776542,21.14598796776542,0.0,1.7781983267439885,1.7781983267439885,1.7309566824585516,0.0,7.720010212352758,16.65571183897555,0.1301227487419964,12295680,0,0.001,6560000,10.285357847809792,33923,5000,25560064,nan,nan,0.0567426716392223,0.2201424234460807,0.7627576522883397,0.2201424234460807,1.1112778175647986,1.0,0.016179234791408,7.608078752643263,3.878317965937111,4.234059320644949,2.6214888956759306,"[0.7011385802347473, 0.06563919842622816, -1.957840622962039]",0.864175145619553
node_strong__d4__m1__n0.05,node_strong,state_only_dynamics,4,1,0.05,21.14598796776542,21.14598796776542,0.0,1.219005691365311,1.219005691365311,1.0869859905676391,0.0,1.821552153987105,16.278165025636554,0.1271731642627855,12295680,0,0.001,6560000,11.01097702048719,33923,5000,25560064,nan,nan,0.1504709602946453,0.5038107388376811,0.8970030161502258,0.5038107388376811,1.167666655640189,1.0,0.003056872514366,0.0581226019976495,1.3693794382605962,1.3924828042354511,0.2046363341569438,"[0.6233637131141608, 0.019211341920544602, -1.6642546245041059]",0.8843597396335862
node_strong__d4__m2__n0.05,node_strong,state_only_dynamics,4,2,0.05,21.14598796776542,21.14598796776542,0.0,2.093261558647621,2.093261558647621,1.963882251865903,0.0,1.7257092580215223,16.70301879197359,0.1304923343122936,12295680,0,0.001,6560000,12.644179658964276,33923,5000,25560064,nan,nan,0.0457560086207884,0.1487181678986017,0.6614024233259583,0.1487181678986017,1.0091300575204851,1.0,0.000531138457271,0.0266571546515726,0.3937965524125463,0.3210099179124114,0.1228278976114808,"[0.7416780501567205, 0.1131853905136777, -2.3187142421822338]",0.8394593308835141
node_weak__d4__m0__n0.05,node_weak,state_only_dynamics,4,0,0.05,21.14598796776542,21.14598796776542,0.0,2.6424635139659345,2.6424635139659345,2.479972238984152,0.0,1.6645847689133026,16.742180921137333,0.1307982884463854,12295680,0,0.001,6560000,15.800786223262548,33923,5000,24168448,nan,nan,0.0523306753409891,0.1113038749430184,0.575619437487601,0.1113038749430184,0.8691912584589525,1.0,0.0015538078032852,0.0228148261472098,0.3897652146846868,0.3788187090256332,0.2946764638402341,"[0.9260205209663366, -0.005907283476281889, -5.924611301532768]",0.5925424279573458
node_weak__d4__m1__n0.05,node_weak,state_only_dynamics,4,1,0.05,21.14598796776542,21.14598796776542,0.0,1.3646555342453364,1.3646555342453364,1.192030855202327,0.0,1.8200370936361856,16.426194900646806,0.1283296476613031,12295680,0,0.001,6560000,15.157938215881586,33923,5000,24168448,nan,nan,0.1333336613499926,0.42629375055606,0.8551142838506822,0.42629375055606,1.1551497915240048,1.0,0.0003725981188504,0.0378099147680067,0.4476402198778485,0.5547822580161913,0.0609491387479632,"[0.8567037182858593, 0.034720186212871755, -5.90360375072765]",0.5939963425788224
node_weak__d4__m2__n0.05,node_weak,state_only_dynamics,4,2,0.05,21.14598796776542,21.14598796776542,0.0,1.8335752390785796,1.8335752390785796,1.7948970348448832,0.0,1.737587096995043,16.69315207004547,0.1304152505472302,12295680,0,0.001,6560000,15.234684007242322,33923,5000,24168448,nan,nan,0.0589380476923115,0.1912936947655797,0.712110980222451,0.1912936947655797,1.0281373219179633,1.0,0.0012201315278981,0.0244456371440777,0.334275873796465,0.4039651998476373,0.1207674159726141,"[0.8719918770748932, 0.01808661710853976, -5.854899859738169]",0.5973206361043695
pinn_strong__d4__m0__n0.05,pinn_strong,known_physics_forward_surrogate,4,0,0.05,5.005616158244255,5.005616158244255,0.0,0.290300617754015,0.290300617754015,0.2740300816557073,0.0,4.866689883372955,0.0551183763891458,0.0004306123155402,0,70272,nan,2560000,38.51817718707025,34051,5000,24099840,nan,nan,1.2001626299887294,1.5719931090220325,2.037330749935113,1.5719931090220325,2.3549619822243426,nan,nan,nan,nan,nan,nan,nan,nan
pinn_strong__d4__m1__n0.05,pinn_strong,known_physics_forward_surrogate,4,1,0.05,5.005616158244255,5.005616158244255,0.0,0.294796423781179,0.294796423781179,0.2785972496833024,0.0,4.014191918601411,0.0534955598413944,0.0004179340612608,0,70272,nan,2560000,35.67930359579623,34051,5000,24099840,nan,nan,1.123401847157837,1.4874853928787937,1.8561710333422288,1.4874853928787937,2.0933876976419965,nan,nan,nan,nan,nan,nan,nan,nan
pinn_strong__d4__m2__n0.05,pinn_strong,known_physics_forward_surrogate,4,2,0.05,5.005616158244255,5.005616158244255,0.0,0.2932264597716931,0.2932264597716931,0.2785972496833024,0.0,4.03720508460874,0.0576646346598863,0.0004505049582803,0,70272,nan,2560000,34.23667521961033,34051,5000,24099840,nan,nan,1.1493726327506475,1.4915509223107115,1.8485633852677767,1.4915509223107115,2.1082691109204585,nan,nan,nan,nan,nan,nan,nan,nan
pinn_weak__d4__m0__n0.05,pinn_weak,known_physics_forward_surrogate,4,0,0.05,5.005616158244255,5.005616158244255,0.0,0.2060220952447987,0.2060220952447987,0.1644180489934244,0.0,5.686261166288128,0.0539909899234771,0.0004218046087771,0,70272,nan,2560000,20.013964543119076,34051,5000,19458560,nan,nan,1.1501379647895815,1.4970444860448646,2.211599977621188,1.4970444860448646,2.67206904427609,nan,nan,nan,nan,nan,nan,nan,nan
pinn_weak__d4__m1__n0.05,pinn_weak,known_physics_forward_surrogate,4,1,0.05,5.005616158244255,5.005616158244255,0.0,0.2062361812460922,0.2062361812460922,0.1644180489934244,0.0,5.907538544393376,0.0532447639852762,0.0004159747186349,0,70272,nan,2560000,19.95478377491236,34051,5000,19458560,nan,nan,1.1539060854345542,1.508046105318956,2.2332731654805063,1.508046105318956,2.699914737483485,nan,nan,nan,nan,nan,nan,nan,nan
pinn_weak__d4__m2__n0.05,pinn_weak,known_physics_forward_surrogate,4,2,0.05,5.005616158244255,5.005616158244255,0.0,0.2044521312353129,0.2044521312353129,0.1644180489934244,0.0,5.885208718838237,0.0533624961972236,0.0004168945015408,0,70272,nan,2560000,19.796770069748163,34051,5000,19458560,nan,nan,1.1548705783835325,1.5035035498219136,2.231818266589893,1.5035035498219136,2.719877303791874,nan,nan,nan,nan,nan,nan,nan,nan
pinn_weak_tapered__d4__m0__n0.05,pinn_weak_tapered,known_physics_forward_surrogate,4,0,0.05,5.005616158244255,5.005616158244255,0.0,0.1878961471352806,0.1878961471352806,0.1644180489934244,0.0,3.87260519686639,0.0777976289391517,0.0006077939760871,0,70272,nan,2560000,24.45319708809257,34051,5000,19458560,nan,nan,1.0984237000800865,1.4358040622089288,1.8334439424274085,1.4358040622089288,2.0914953130181964,nan,nan,nan,nan,nan,nan,nan,nan
pinn_weak_tapered__d4__m1__n0.05,pinn_weak_tapered,known_physics_forward_surrogate,4,1,0.05,5.005616158244255,5.005616158244255,0.0,0.1694847510240377,0.1694847510240377,0.150716544910639,0.0,3.346039938454721,0.0542460400611162,0.0004237971879774,0,70272,nan,2560000,23.017817655578256,34051,5000,19458560,nan,nan,1.095998669344795,1.421513973749257,1.7028723131717909,1.421513973749257,1.8738823073299136,nan,nan,nan,nan,nan,nan,nan,nan
pinn_weak_tapered__d4__m2__n0.05,pinn_weak_tapered,known_physics_forward_surrogate,4,2,0.05,5.005616158244255,5.005616158244255,0.0,0.1709119910326612,0.1709119910326612,0.1461493768830439,0.0,4.248352438271065,0.0567998476326465,0.00044374880963,0,70272,nan,2560000,22.94334216415882,34051,5000,19458560,nan,nan,1.092492191120365,1.4253841505591145,1.9091583322437635,1.4253841505591145,2.2363903360181028,nan,nan,nan,nan,nan,nan,nan,nan
sindy_strong__d4__m0__n0.05,sindy_strong,state_only_dynamics,4,0,0.05,21.14598796776542,21.14598796776542,0.0,3.1269401348931734,3.1269401348931734,3.082838418626708,0.0,1.645540543505882,11.94532443024218,0.093322847111267,12295680,0,0.001,0,0.9680811120197176,60,1,0,nan,0.5840684135771268,0.0271108739705924,0.0526006379386433,0.4275042730025274,0.0526006379386433,0.6592559433789366,1.0,0.0018765988367297,0.0255820317904167,0.1943144749572789,0.1806581439371231,0.3196318159802397,"[0.8022757629084215, 0.03404094961588085, -5.945249887510289]",0.5911820394165993
sindy_strong__d4__m1__n0.05,sindy_strong,state_only_dynamics,4,1,0.05,21.14598796776542,21.14598796776542,0.0,3.1269401348931734,3.1269401348931734,3.082838418626708,0.0,1.645540543505882,12.378991391509771,0.09671087024617,12295680,0,0.001,0,1.1081299111247065,60,1,0,nan,0.5840684135771268,0.0271108739705924,0.0526006379386433,0.4275042730025274,0.0526006379386433,0.6592559433789366,1.0,0.0018765988367297,0.0255820317904167,0.1943144749572789,0.1806581439371231,0.3196318159802397,"[0.8022757629084215, 0.03404094961588085, -5.945249887510289]",0.5911820394165993
sindy_strong__d4__m2__n0.05,sindy_strong,state_only_dynamics,4,2,0.05,21.14598796776542,21.14598796776542,0.0,3.1269401348931734,3.1269401348931734,3.082838418626708,0.0,1.645540543505882,12.05762386135757,0.094200186416856,12295680,0,0.001,0,1.09823068510741,60,1,0,nan,0.5840684135771268,0.0271108739705924,0.0526006379386433,0.4275042730025274,0.0526006379386433,0.6592559433789366,1.0,0.0018765988367297,0.0255820317904167,0.1943144749572789,0.1806581439371231,0.3196318159802397,"[0.8022757629084215, 0.03404094961588085, -5.945249887510289]",0.5911820394165993
sindy_weak__d4__m0__n0.05,sindy_weak,state_only_dynamics,4,0,0.05,21.14598796776542,21.14598796776542,0.0,4.573305159632204,4.573305159632204,4.571735195622718,0.0,1.466600560870971,5.123868223279715,0.0400302204943727,12295680,0,0.001,0,1.219158005900681,30,1,0,nan,0.0125477039073183,0.0040012112696999,0.0125071797843633,0.1225218430965744,0.0125071797843633,0.1786787327243895,1.0,0.0015556305771455,0.008622622481851,0.173281355074658,0.1790348329589594,0.0849589849301112,"[0.7113163581214734, 0.09906303912053015, -14.283399412437092]",0.0255582492626168
sindy_weak__d4__m1__n0.05,sindy_weak,state_only_dynamics,4,1,0.05,21.14598796776542,21.14598796776542,0.0,4.573305159632204,4.573305159632204,4.571735195622718,0.0,1.466600560870971,5.394975064322352,0.0421482426900183,12295680,0,0.001,0,1.1247114511206746,30,1,0,nan,0.0125477039073183,0.0040012112696999,0.0125071797843633,0.1225218430965744,0.0125071797843633,0.1786787327243895,1.0,0.0015556305771455,0.008622622481851,0.173281355074658,0.1790348329589594,0.0849589849301112,"[0.7113163581214734, 0.09906303912053015, -14.283399412437092]",0.0255582492626168
sindy_weak__d4__m2__n0.05,sindy_weak,state_only_dynamics,4,2,0.05,21.14598796776542,21.14598796776542,0.0,4.573305159632204,4.573305159632204,4.571735195622718,0.0,1.466600560870971,6.03437502682209,0.0471435548970475,12295680,0,0.001,0,1.2342728255316615,30,1,0,nan,0.0125477039073183,0.0040012112696999,0.0125071797843633,0.1225218430965744,0.0125071797843633,0.1786787327243895,1.0,0.0015556305771455,0.008622622481851,0.173281355074658,0.1790348329589594,0.0849589849301112,"[0.7113163581214734, 0.09906303912053015, -14.283399412437092]",0.0255582492626168
sindy_weak_weighted__d4__m0__n0.05,sindy_weak_weighted,state_only_dynamics,4,0,0.05,21.14598796776542,21.14598796776542,0.0,4.297990561968735,4.297990561968735,4.411884314656889,0.0,1.5117851071917434,5.016069610603154,0.0391880438328371,12295680,0,0.001,0,1.0774586973711848,30,1,0,nan,0.0146635953491661,0.0047674175376641,0.0153920652432048,0.1286410673276493,0.0153920652432048,0.1971805468561173,1.0,0.000627395406177,0.0035627515709224,0.0373099793309317,0.0473665871368263,0.0334101194156954,"[0.7444211265901964, 0.08704026367756541, -14.31713619293652]",0.0222790688204371
sindy_weak_weighted__d4__m1__n0.05,sindy_weak_weighted,state_only_dynamics,4,1,0.05,21.14598796776542,21.14598796776542,0.0,4.297990561968735,4.297990561968735,4.411884314656889,0.0,1.5117851071917434,5.100776156410575,0.0398498137219576,12295680,0,0.001,0,1.090588410384953,30,1,0,nan,0.0146635953491661,0.0047674175376641,0.0153920652432048,0.1286410673276493,0.0153920652432048,0.1971805468561173,1.0,0.000627395406177,0.0035627515709224,0.0373099793309317,0.0473665871368263,0.0334101194156954,"[0.7444211265901964, 0.08704026367756541, -14.31713619293652]",0.0222790688204371
sindy_weak_weighted__d4__m2__n0.05,sindy_weak_weighted,state_only_dynamics,4,2,0.05,21.14598796776542,21.14598796776542,0.0,4.297990561968735,4.297990561968735,4.411884314656889,0.0,1.5117851071917434,5.036762582138181,0.0393497076729545,12295680,0,0.001,0,1.0767115782946348,30,1,0,nan,0.0146635953491661,0.0047674175376641,0.0153920652432048,0.1286410673276493,0.0153920652432048,0.1971805468561173,1.0,0.000627395406177,0.0035627515709224,0.0373099793309317,0.0473665871368263,0.0334101194156954,"[0.7444211265901964, 0.08704026367756541, -14.31713619293652]",0.0222790688204371
sindy_weighted__d4__m0__n0.05,sindy_weighted,state_only_dynamics,4,0,0.05,21.14598796776542,21.14598796776542,0.0,3.0971821807133733,3.0971821807133733,3.1148085948198734,0.0,1.6348462498841774,12.060945238918066,0.0942261346790473,12295680,0,0.001,0,1.0959111889824271,60,1,0,nan,0.5969105958458858,0.0275222575886465,0.0507400750420607,0.4717371134991305,0.0507400750420607,0.7340224626808715,1.0,0.0016677595088989,0.0532334749457575,0.9090303055959336,0.9304961792116592,0.57852529408155,"[0.7415509750736762, 0.09838215509442436, -6.02263211895813]",0.5859879983929581
sindy_weighted__d4__m1__n0.05,sindy_weighted,state_only_dynamics,4,1,0.05,21.14598796776542,21.14598796776542,0.0,3.0971821807133733,3.0971821807133733,3.1148085948198734,0.0,1.6348462498841774,12.62040881626308,0.0985969438770553,12295680,0,0.001,0,0.971181602217257,60,1,0,nan,0.5969105958458858,0.0275222575886465,0.0507400750420607,0.4717371134991305,0.0507400750420607,0.7340224626808715,1.0,0.0016677595088989,0.0532334749457575,0.9090303055959336,0.9304961792116592,0.57852529408155,"[0.7415509750736762, 0.09838215509442436, -6.02263211895813]",0.5859879983929581
sindy_weighted__d4__m2__n0.05,sindy_weighted,state_only_dynamics,4,2,0.05,21.14598796776542,21.14598796776542,0.0,3.0971821807133733,3.0971821807133733,3.1148085948198734,0.0,1.6348462498841774,11.6570134870708,0.0910704178677406,12295680,0,0.001,0,1.0907978368923068,60,1,0,nan,0.5969105958458858,0.0275222575886465,0.0507400750420607,0.4717371134991305,0.0507400750420607,0.7340224626808715,1.0,0.0016677595088989,0.0532334749457575,0.9090303055959336,0.9304961792116592,0.57852529408155,"[0.7415509750736762, 0.09838215509442436, -6.02263211895813]",0.5859879983929581
solver_oracle__d4__m0__n0.05,solver_oracle,known_physics_forward_surrogate,4,0,0.05,5.005616158244255,21.14598796776542,1.0,21.14598796776543,5.005616158244253,5.005616158244255,1.0,2.4693680745812146e-23,9.965245908126237,0.0778534836572362,118970880,0,0.0001,0,0.0,0,0,0,nan,nan,4.491189284200296e-14,8.542687707138955e-14,6.049343215953341e-13,8.542687707138955e-14,8.926195841369683e-13,1.0,0.0005693039601035,5.40419658261438e-07,1.9735546208467263e-05,2.8619854474707616e-05,3.246208906109133e-05,"[0.814994841741819, 0.034074494272390045, -14.51572988624933]",0.0084147149937014
solver_oracle__d4__m1__n0.05,solver_oracle,known_physics_forward_surrogate,4,1,0.05,5.005616158244255,21.14598796776542,1.0,21.14598796776543,5.005616158244253,5.005616158244255,1.0,2.4693680745812146e-23,9.59065592288971,0.0749269993975758,118970880,0,0.0001,0,0.0,0,0,0,nan,nan,4.491189284200296e-14,8.542687707138955e-14,6.049343215953341e-13,8.542687707138955e-14,8.926195841369683e-13,1.0,0.0005693039601035,5.40419658261438e-07,1.9735546208467263e-05,2.8619854474707616e-05,3.246208906109133e-05,"[0.814994841741819, 0.034074494272390045, -14.51572988624933]",0.0084147149937014
solver_oracle__d4__m2__n0.05,solver_oracle,known_physics_forward_surrogate,4,2,0.05,5.005616158244255,21.14598796776542,1.0,21.14598796776543,5.005616158244253,5.005616158244255,1.0,2.4693680745812146e-23,9.814047958701847,0.0766722496773582,118970880,0,0.0001,0,0.0,0,0,0,nan,nan,4.491189284200296e-14,8.542687707138955e-14,6.049343215953341e-13,8.542687707138955e-14,8.926195841369683e-13,1.0,0.0005693039601035,5.40419658261438e-07,1.9735546208467263e-05,2.8619854474707616e-05,3.246208906109133e-05,"[0.814994841741819, 0.034074494272390045, -14.51572988624933]",0.0084147149937014
lorenz_ad__d5__m0__n0.05,lorenz_ad,known_form_hidden_parameters,5,0,0.05,21.6301077786905,21.6301077786905,0.0,3.5220001692801515,3.5220001692801515,3.525853717303435,0.0,1.5942234062937926,1.176111912354827,0.009188374315272,12581888,0,0.001,32000000,744.187260562554,3,10000,9221632,0.0041889871170194,nan,0.0171490536354377,0.0442666363390038,0.3089878352429172,0.0442666363390038,0.4691981135171196,1.0,0.0003181169974488,0.0165489947994196,0.3866806437346808,0.3856883486372073,0.050690457432521,"[0.8216378335768274, -0.031873636186865825, -14.308975352799461]",0.0198476749333589
lorenz_ad__d5__m1__n0.05,lorenz_ad,known_form_hidden_parameters,5,1,0.05,21.6301077786905,21.6301077786905,0.0,3.2933563198986704,3.2933563198986704,3.2655251397305127,0.0,1.5976788839955305,1.1816055867820978,0.0092312936467351,12581888,0,0.001,32000000,713.1321351751685,3,10000,9221632,0.0024976102462249,nan,0.0121993499422625,0.0320685302209794,0.3449302789219755,0.0320685302209794,0.5363694798074166,1.0,0.0004218297043341,0.0065825127091673,0.0817135856729662,0.0920472816913334,0.1599472098375138,"[0.9422696501186223, -0.04560865777302315, -14.56996037144561]",0.0038898837650436
lorenz_ad__d5__m2__n0.05,lorenz_ad,known_form_hidden_parameters,5,2,0.05,21.6301077786905,21.6301077786905,0.0,3.289431409874956,3.289431409874956,3.128510098902659,0.0,1.5562333088067066,1.1036442201584578,0.0086222204699879,12581888,0,0.001,32000000,714.4060205742717,3,10000,9221632,0.005659327277047,nan,0.0233695082574882,0.0534630100266885,0.3445542625085602,0.0534630100266885,0.4799298495296906,1.0,0.0009734367910945,0.0052436540203905,0.039204443812256,0.0392111159264138,0.1031614874698281,"[1.1157657640283685, -0.10305549283149608, -14.54164218097389]",0.0158420355397956
lorenz_ad_tapered__d5__m0__n0.05,lorenz_ad_tapered,known_form_hidden_parameters,5,0,0.05,21.6301077786905,21.6301077786905,0.0,4.525849429345474,4.525849429345474,4.347943962270557,0.0,1.4932536217823922,1.1553911920636892,0.0090264936879975,12581888,0,0.001,32000000,712.8229258749634,3,10000,9221632,0.0033122627266687,nan,0.0094565768207219,0.0208339391990281,0.1507364849779936,0.0208339391990281,0.2258656176098982,1.0,0.0008201806286403,0.0218614124191116,0.543408077869172,0.5518228149911133,0.0529335709766339,"[0.9165602094825369, -0.0377941516004069, -14.436899942965491]",0.0102958453547742
lorenz_ad_tapered__d5__m1__n0.05,lorenz_ad_tapered,known_form_hidden_parameters,5,1,0.05,21.6301077786905,21.6301077786905,0.0,3.416527132642876,3.416527132642876,3.311196820006464,0.0,1.5721134135221873,1.393215311691165,0.0108844946225872,12581888,0,0.001,32000000,704.6824459396303,3,10000,9221632,0.0033619985533071,nan,0.0141726668966887,0.0302937654985553,0.3444291265844655,0.0302937654985553,0.530669643370274,1.0,0.0005531679457273,0.0086703769115542,0.2110395818104654,0.2205514237249953,0.1059640863048169,"[0.9129407522998781, -0.027370335361747808, -14.603698867174963]",0.0024936231956851
lorenz_ad_tapered__d5__m2__n0.05,lorenz_ad_tapered,known_form_hidden_parameters,5,2,0.05,21.6301077786905,21.6301077786905,0.0,3.2962107999159174,3.2962107999159174,3.160480275095825,0.0,1.5916013956733148,1.2152311839163303,0.0094939936243463,12581888,0,0.001,32000000,737.4604488611221,3,10000,9221632,0.0063715685154576,nan,0.0293645646452563,0.064642641007702,0.3263073868888452,0.064642641007702,0.4937764496514855,1.0,0.0001888793319297,0.0137457706590529,0.2309242017287645,0.2326679635659935,0.1068969733190793,"[1.007313614965504, -0.04899696536128724, -14.463775439020443]",0.0109019137780917
node_soft_dtw__d5__m0__n0.05,node_soft_dtw,state_only_dynamics,5,0,0.05,21.6301077786905,21.6301077786905,0.0,1.1232378867866757,1.1232378867866757,1.0276128062089027,0.0,2.0232794183035807,17.097121611237526,0.1335712625877931,12581888,0,0.001,25600000,1327.5117947030813,33923,5000,30950400,nan,nan,0.2044383738151557,0.5408106861869262,0.9671226129329692,0.5408106861869262,1.2189409332883745,1.0,0.0112432130621327,0.1740116378768265,1.5334704911274022,1.636195219250835,1.3178136552178294,"[0.5982399231683379, 0.0009557030033717274, -13.728509070819548]",0.0622703863955822
node_soft_dtw__d5__m1__n0.05,node_soft_dtw,state_only_dynamics,5,1,0.05,21.6301077786905,21.6301077786905,0.0,1.2915808458038145,1.2915808458038145,1.073284486484854,0.0,1.7805765928404962,16.608939938247204,0.1297573432675562,12581888,0,0.001,25600000,1364.738282205537,33923,5000,30950400,nan,nan,0.2092774638171623,0.5562718926576913,0.9668188902932916,0.5562718926576913,1.2403565709510609,1.0,0.1198689145454443,0.5241819337224097,6.36684657045053,6.391761585215346,2.1150638385935454,"[0.9581196403361596, -0.10480741426532476, -14.821231753197647]",0.0181888824538201
node_soft_dtw__d5__m2__n0.05,node_soft_dtw,state_only_dynamics,5,2,0.05,21.6301077786905,21.6301077786905,0.0,1.4163929845579375,1.4163929845579375,1.379284744333727,0.0,1.8498748688662527,16.98526167869568,0.13269735686481,12581888,0,0.001,25600000,1361.1048638056964,33923,5000,30950400,nan,nan,0.1527435227567345,0.3442487567590948,0.9337495124165264,0.3442487567590948,1.3183515332191038,1.0,0.0037849907188569,0.0845439838620237,0.8891959212164833,0.8813721934348363,1.036960609659428,"[0.6918808416699873, 0.015680468623759856, -14.261015499353666]",0.0267095791230477
node_strong__d5__m0__n0.05,node_strong,state_only_dynamics,5,0,0.05,21.6301077786905,21.6301077786905,0.0,2.159699581049044,2.159699581049044,2.078061452555781,0.0,1.7630293620112678,28.65181041508913,0.2238422688678838,12581888,0,0.001,6560000,44.50482510961592,33923,5000,25560064,nan,nan,0.0619711439794493,0.1428266284737066,0.6757106714221142,0.1428266284737066,1.030815272405926,1.0,0.0065602017189063,0.0668546270895735,2.469360288931344,1.8517777709364929,0.1719331660042314,"[0.9841481653044499, -0.06815303675190826, -1.6684344975895473]",0.883876224287832
node_strong__d5__m1__n0.05,node_strong,state_only_dynamics,5,1,0.05,21.6301077786905,21.6301077786905,0.0,1.5835941515681775,1.5835941515681775,1.5711058014927222,0.0,1.826205237021516,17.157013580203056,0.1340391685953363,12581888,0,0.001,6560000,44.58007684536278,33923,5000,25560064,nan,nan,0.0897848035506429,0.2904400058897728,0.8047361986209458,0.2904400058897728,1.1224859399467364,1.0,0.0050291138014193,0.0504716716829124,1.594945155435838,1.0915231574837043,0.1416653177582562,"[0.9933154536875006, -0.05914021788941366, -1.6719846157550413]",0.8836337773576766
node_strong__d5__m2__n0.05,node_strong,state_only_dynamics,5,2,0.05,21.6301077786905,21.6301077786905,0.0,1.6590951480243596,1.6590951480243596,1.593941641630698,0.0,2.0197562138250134,16.71362590044737,0.130575202347245,12581888,0,0.001,6560000,44.36077664233744,33923,5000,25560064,nan,nan,0.0614026880021367,0.217794900630632,0.7777423576174154,0.217794900630632,1.122416643341044,1.0,0.021790814372594,0.2625302023383945,3.4912103855919434,2.9656895158392755,0.5063588566621438,"[0.8828478126314839, -0.01846540903898158, -1.4378244554695025]",0.8996372917213763
node_weak__d5__m0__n0.05,node_weak,state_only_dynamics,5,0,0.05,21.6301077786905,21.6301077786905,0.0,1.674009806114475,1.674009806114475,1.635046153879054,0.0,1.7864994603416775,17.05055576376617,0.1332074669044232,12581888,0,0.001,6560000,37.47617846727371,33923,5000,24168448,nan,nan,0.0678403759338279,0.2572697651303049,0.8094332358754406,0.2572697651303049,1.1543687245366088,1.0,0.0149435065790148,0.145539170284654,2.916773584867206,2.9105746674899184,0.4880191535627554,"[0.8310335105271276, 0.04007036240239902, -5.9494733779425255]",0.5908726111706918
node_weak__d5__m1__n0.05,node_weak,state_only_dynamics,5,1,0.05,21.6301077786905,21.6301077786905,0.0,1.5516953373754427,1.5516953373754427,1.3884190803889171,0.0,1.791307382165254,17.293350499123335,0.135104300774401,12581888,0,0.001,6560000,36.58034308813512,33923,5000,24168448,nan,nan,0.1017852098046513,0.3831544993493133,0.8278557964854802,0.3831544993493133,1.130467259021267,1.0,0.008113757952161,0.0946953735341541,1.6866342923434694,1.7960067490236873,0.2570288939443433,"[0.6064729840936398, 0.025469105173985433, -7.112147609493867]",0.5116962474713441
node_weak__d5__m2__n0.05,node_weak,state_only_dynamics,5,2,0.05,21.6301077786905,21.6301077786905,0.0,1.771775746705183,1.771775746705183,1.557404297409937,0.0,1.758397474506075,16.84222220443189,0.1315798609721241,12581888,0,0.001,6560000,35.126804292202,33923,5000,24168448,nan,nan,0.0916574670559391,0.2936057076909055,0.8314464936201523,0.2936057076909055,1.114954200365344,1.0,0.0206671895393462,0.1471337628570567,2.556579175452689,2.496556190665387,0.963748534043216,"[0.49625570433326505, 0.007465725459486772, -6.201543589015955]",0.5742976741678643
pinn_strong__d5__m0__n0.05,pinn_strong,known_physics_forward_surrogate,5,0,0.05,5.005616158244255,5.005616158244255,0.0,0.2711756016384604,0.2711756016384604,0.2192240653245658,0.0,4.443181132630437,0.0639863759279251,0.0004998935619369,0,70272,nan,2560000,44.14729280024767,34051,5000,24099840,nan,nan,1.144757843175534,1.4781325580454825,1.9525302971393323,1.4781325580454825,2.247954302130494,nan,nan,nan,nan,nan,nan,nan,nan
pinn_strong__d5__m1__n0.05,pinn_strong,known_physics_forward_surrogate,5,1,0.05,5.005616158244255,5.005616158244255,0.0,0.2639680395949118,0.2639680395949118,0.2009553932141854,0.0,5.120390439633929,0.0631330832839012,0.0004932272131554,0,70272,nan,2560000,51.35259937867522,34051,5000,24099840,nan,nan,1.1678107740810937,1.535942066879327,2.098117177044408,1.535942066879327,2.4594050800972784,nan,nan,nan,nan,nan,nan,nan,nan
pinn_strong__d5__m2__n0.05,pinn_strong,known_physics_forward_surrogate,5,2,0.05,5.005616158244255,5.005616158244255,0.0,0.2651098316018107,0.2651098316018107,0.2009553932141854,0.0,3.256058272904917,0.060230603441596,0.0004705515893874,0,70272,nan,2560000,47.269881987944245,34051,5000,24099840,nan,nan,1.1684700835890496,1.5098098548100576,1.6868781960390151,1.5098098548100576,1.789289236314834,nan,nan,nan,nan,nan,nan,nan,nan
pinn_weak__d5__m0__n0.05,pinn_weak,known_physics_forward_surrogate,5,0,0.05,5.005616158244255,5.005616158244255,0.0,0.1831862551068231,0.1831862551068231,0.1187463687174732,0.0,6.238727804548235,0.0620683543384075,0.0004849090182688,0,70272,nan,2560000,29.262064799666405,34051,5000,19458560,nan,nan,1.1901114593913154,1.509968559022245,2.287086847742989,1.509968559022245,2.8079657938253075,nan,nan,nan,nan,nan,nan,nan,nan
pinn_weak__d5__m1__n0.05,pinn_weak,known_physics_forward_surrogate,5,1,0.05,5.005616158244255,5.005616158244255,0.0,0.1812594810951814,0.1812594810951814,0.1187463687174732,0.0,5.511224397489961,0.0627166572958231,0.0004899738851236,0,70272,nan,2560000,29.779637444764376,34051,5000,19458560,nan,nan,1.189844338203081,1.505837728386411,2.16111424664612,1.505837728386411,2.5936192813738552,nan,nan,nan,nan,nan,nan,nan,nan
pinn_weak__d5__m2__n0.05,pinn_weak,known_physics_forward_surrogate,5,2,0.05,5.005616158244255,5.005616158244255,0.0,0.1821871871007866,0.1821871871007866,0.1233135367450683,0.0,6.101118693689637,0.0624488331377506,0.0004878815088886,0,70272,nan,2560000,31.575480354949832,34051,5000,19458560,nan,nan,1.190929644060386,1.4908527459347587,2.262663277065191,1.4908527459347587,2.785959661035428,nan,nan,nan,nan,nan,nan,nan,nan
pinn_weak_tapered__d5__m0__n0.05,pinn_weak_tapered,known_physics_forward_surrogate,5,0,0.05,5.005616158244255,5.005616158244255,0.0,0.1639898769908374,0.1639898769908374,0.1278807047726634,0.0,4.02917498595649,0.061591800302267,0.0004811859398614,0,70272,nan,2560000,67.05207144841552,34051,5000,19458560,nan,nan,1.1359159513774326,1.447437922159628,1.8543076070702051,1.447437922159628,2.140805889921643,nan,nan,nan,nan,nan,nan,nan,nan
pinn_weak_tapered__d5__m1__n0.05,pinn_weak_tapered,known_physics_forward_surrogate,5,1,0.05,5.005616158244255,5.005616158244255,0.0,0.1522865089201248,0.1522865089201248,0.1278807047726634,0.0,4.200155084830825,0.0666902251541614,0.0005210173840168,0,70272,nan,2560000,66.08604254573584,34051,5000,19458560,nan,nan,1.1426284559236572,1.4421352264051572,1.886481476154118,1.4421352264051572,2.1848473516573312,nan,nan,nan,nan,nan,nan,nan,nan
pinn_weak_tapered__d5__m2__n0.05,pinn_weak_tapered,known_physics_forward_surrogate,5,2,0.05,5.005616158244255,5.005616158244255,0.0,0.1640612389912685,0.1640612389912685,0.1278807047726634,0.0,4.719129063426611,0.0632215403020381,0.0004939182836096,0,70272,nan,2560000,67.86002227291465,34051,5000,19458560,nan,nan,1.1486641268659588,1.4626638812591293,2.005808744959971,1.4626638812591293,2.38617748877086,nan,nan,nan,nan,nan,nan,nan,nan
sindy_strong__d5__m0__n0.05,sindy_strong,state_only_dynamics,5,0,0.05,21.6301077786905,21.6301077786905,0.0,2.719605836432033,2.719605836432033,2.6946291362811223,0.0,1.6202878138703647,12.245185535401106,0.0956655119953211,12581888,0,0.001,0,1.0815175026655195,60,1,0,nan,0.5972595818486219,0.0289865316739328,0.0567522307074936,0.4752270557425935,0.0567522307074936,0.7087209656432969,1.0,0.0010102694918319,0.0328798129968895,0.3000056850940217,0.2941088252585359,0.4236814142902288,"[0.9885880973069958, -0.07433848435071033, -5.866746030645982]",0.5965470570956778
sindy_strong__d5__m1__n0.05,sindy_strong,state_only_dynamics,5,1,0.05,21.6301077786905,21.6301077786905,0.0,2.719605836432033,2.719605836432033,2.6946291362811223,0.0,1.6202878138703647,12.762870203703642,0.0997099234664347,12581888,0,0.001,0,0.9594490686431528,60,1,0,nan,0.5972595818486219,0.0289865316739328,0.0567522307074936,0.4752270557425935,0.0567522307074936,0.7087209656432969,1.0,0.0010102694918319,0.0328798129968895,0.3000056850940217,0.2941088252585359,0.4236814142902288,"[0.9885880973069958, -0.07433848435071033, -5.866746030645982]",0.5965470570956778
sindy_strong__d5__m2__n0.05,sindy_strong,state_only_dynamics,5,2,0.05,21.6301077786905,21.6301077786905,0.0,2.719605836432033,2.719605836432033,2.6946291362811223,0.0,1.6202878138703647,12.611498208716512,0.0985273297555977,12581888,0,0.001,0,1.078949141316116,60,1,0,nan,0.5972595818486219,0.0289865316739328,0.0567522307074936,0.4752270557425935,0.0567522307074936,0.7087209656432969,1.0,0.0010102694918319,0.0328798129968895,0.3000056850940217,0.2941088252585359,0.4236814142902288,"[0.9885880973069958, -0.07433848435071033, -5.866746030645982]",0.5965470570956778
sindy_weak__d5__m0__n0.05,sindy_weak,state_only_dynamics,5,0,0.05,21.6301077786905,21.6301077786905,0.0,5.026311138369295,5.026311138369295,4.950810141913113,0.0,1.4669419814610642,5.251935616135597,0.0410307470010593,12581888,0,0.001,0,1.10007993131876,30,1,0,nan,0.0160353493471941,0.0050200776039022,0.0130113043157051,0.0809324605469292,0.0130113043157051,0.1281948223720546,1.0,0.001461144188793,0.0079959890891675,0.1757423797583318,0.1936841011332873,0.0436152098874345,"[0.9119277452598431, -0.03653843258257435, -14.344363988404663]",0.0164741054294064
sindy_weak__d5__m1__n0.05,sindy_weak,state_only_dynamics,5,1,0.05,21.6301077786905,21.6301077786905,0.0,5.026311138369295,5.026311138369295,4.950810141913113,0.0,1.4669419814610642,5.507539300248027,0.0430276507831877,12581888,0,0.001,0,1.2424673680216074,30,1,0,nan,0.0160353493471941,0.0050200776039022,0.0130113043157051,0.0809324605469292,0.0130113043157051,0.1281948223720546,1.0,0.001461144188793,0.0079959890891675,0.1757423797583318,0.1936841011332873,0.0436152098874345,"[0.9119277452598431, -0.03653843258257435, -14.344363988404663]",0.0164741054294064
sindy_weak__d5__m2__n0.05,sindy_weak,state_only_dynamics,5,2,0.05,21.6301077786905,21.6301077786905,0.0,5.026311138369295,5.026311138369295,4.950810141913113,0.0,1.4669419814610642,5.314506994560361,0.0415195858950028,12581888,0,0.001,0,1.238717183470726,30,1,0,nan,0.0160353493471941,0.0050200776039022,0.0130113043157051,0.0809324605469292,0.0130113043157051,0.1281948223720546,1.0,0.001461144188793,0.0079959890891675,0.1757423797583318,0.1936841011332873,0.0436152098874345,"[0.9119277452598431, -0.03653843258257435, -14.344363988404663]",0.0164741054294064
sindy_weak_weighted__d5__m0__n0.05,sindy_weak_weighted,state_only_dynamics,5,0,0.05,21.6301077786905,21.6301077786905,0.0,5.422798412764896,5.422798412764896,5.370989600451864,0.0,1.376291514020444,5.280194193124771,0.0412515171337872,12581888,0,0.001,0,1.1542389122769237,30,1,0,nan,0.014890993636396,0.0046423580742177,0.0094978938869914,0.0484141902523364,0.0094978938869914,0.0739007507059397,1.0,0.0001220857106556,0.0064756303828507,0.1440671006651834,0.1504398574325852,0.0323975637786555,"[0.9365446749441957, -0.05235729605845909, -14.337100357708854]",0.0172386053590356
sindy_weak_weighted__d5__m1__n0.05,sindy_weak_weighted,state_only_dynamics,5,1,0.05,21.6301077786905,21.6301077786905,0.0,5.422798412764896,5.422798412764896,5.370989600451864,0.0,1.376291514020444,5.260783273726702,0.0410998693259898,12581888,0,0.001,0,1.144244153983891,30,1,0,nan,0.014890993636396,0.0046423580742177,0.0094978938869914,0.0484141902523364,0.0094978938869914,0.0739007507059397,1.0,0.0001220857106556,0.0064756303828507,0.1440671006651834,0.1504398574325852,0.0323975637786555,"[0.9365446749441957, -0.05235729605845909, -14.337100357708854]",0.0172386053590356
sindy_weak_weighted__d5__m2__n0.05,sindy_weak_weighted,state_only_dynamics,5,2,0.05,21.6301077786905,21.6301077786905,0.0,5.422798412764896,5.422798412764896,5.370989600451864,0.0,1.376291514020444,5.22386647388339,0.0408114568272139,12581888,0,0.001,0,1.156744264997542,30,1,0,nan,0.014890993636396,0.0046423580742177,0.0094978938869914,0.0484141902523364,0.0094978938869914,0.0739007507059397,1.0,0.0001220857106556,0.0064756303828507,0.1440671006651834,0.1504398574325852,0.0323975637786555,"[0.9365446749441957, -0.05235729605845909, -14.337100357708854]",0.0172386053590356
sindy_weighted__d5__m0__n0.05,sindy_weighted,state_only_dynamics,5,0,0.05,21.6301077786905,21.6301077786905,0.0,2.622553515845637,2.622553515845637,2.6261216158671954,0.0,1.6485711433479335,12.591393822804092,0.0983702642406569,12581888,0,0.001,0,1.10187597759068,60,1,0,nan,0.6046036165123111,0.0286598396087078,0.0614664671822945,0.502218499905984,0.0614664671822945,0.7640965523231706,1.0,0.0005845879179271,0.0458304165540367,0.4018636440130875,0.3871544005841886,0.5630227483765701,"[0.9655235171527743, -0.0670997580431399, -5.864579241827329]",0.5966797030460237
sindy_weighted__d5__m1__n0.05,sindy_weighted,state_only_dynamics,5,1,0.05,21.6301077786905,21.6301077786905,0.0,2.622553515845637,2.622553515845637,2.6261216158671954,0.0,1.6485711433479335,12.779874797910452,0.0998427718586754,12581888,0,0.001,0,1.0917759677395225,60,1,0,nan,0.6046036165123111,0.0286598396087078,0.0614664671822945,0.502218499905984,0.0614664671822945,0.7640965523231706,1.0,0.0005845879179271,0.0458304165540367,0.4018636440130875,0.3871544005841886,0.5630227483765701,"[0.9655235171527743, -0.0670997580431399, -5.864579241827329]",0.5966797030460237
sindy_weighted__d5__m2__n0.05,sindy_weighted,state_only_dynamics,5,2,0.05,21.6301077786905,21.6301077786905,0.0,2.622553515845637,2.622553515845637,2.6261216158671954,0.0,1.6485711433479335,12.580359088256955,0.0982840553770074,12581888,0,0.001,0,0.9793616635724902,60,1,0,nan,0.6046036165123111,0.0286598396087078,0.0614664671822945,0.502218499905984,0.0614664671822945,0.7640965523231706,1.0,0.0005845879179271,0.0458304165540367,0.4018636440130875,0.3871544005841886,0.5630227483765701,"[0.9655235171527743, -0.0670997580431399, -5.864579241827329]",0.5966797030460237
solver_oracle__d5__m0__n0.05,solver_oracle,known_physics_forward_surrogate,5,0,0.05,5.005616158244255,21.6301077786905,1.0,21.6301077786905,5.005616158244253,5.005616158244255,1.0,5.534343088908864e-23,9.9085797034204,0.0774107789329718,121699328,0,0.0001,0,0.0,0,0,0,nan,nan,4.6736343418779806e-14,8.646032455482254e-14,6.101989934128754e-13,8.646032455482254e-14,9.380839060095657e-13,1.0,0.000701776902374,5.611956093461305e-07,2.714083624271584e-05,4.003487024977309e-05,4.362745533336176e-05,"[0.920259237639086, -0.0379341908831268, -14.548985465079177]",0.0035689446559648
solver_oracle__d5__m1__n0.05,solver_oracle,known_physics_forward_surrogate,5,1,0.05,5.005616158244255,21.6301077786905,1.0,21.6301077786905,5.005616158244253,5.005616158244255,1.0,5.534343088908864e-23,10.414991110563278,0.0813671180512756,121699328,0,0.0001,0,0.0,0,0,0,nan,nan,4.6736343418779806e-14,8.646032455482254e-14,6.101989934128754e-13,8.646032455482254e-14,9.380839060095657e-13,1.0,0.000701776902374,5.611956093461305e-07,2.714083624271584e-05,4.003487024977309e-05,4.362745533336176e-05,"[0.920259237639086, -0.0379341908831268, -14.548985465079177]",0.0035689446559648
solver_oracle__d5__m2__n0.05,solver_oracle,known_physics_forward_surrogate,5,2,0.05,5.005616158244255,21.6301077786905,1.0,21.6301077786905,5.005616158244253,5.005616158244255,1.0,5.534343088908864e-23,9.989778930321336,0.0780451478931354,121699328,0,0.0001,0,0.0,0,0,0,nan,nan,4.6736343418779806e-14,8.646032455482254e-14,6.101989934128754e-13,8.646032455482254e-14,9.380839060095657e-13,1.0,0.000701776902374,5.611956093461305e-07,2.714083624271584e-05,4.003487024977309e-05,4.362745533336176e-05,"[0.920259237639086, -0.0379341908831268, -14.548985465079177]",0.0035689446559648
